:020000040800F2
:100000000040022019470008810500088505000806
:1000100000000000000000000000000000000000E0
:10002000000000000000000000000000950500082E
:100030000000000000000000970500089905000876
:100040006947000800000000694700086947000888
:1000500069470008694700086947000869470008C0
:1000600069470008A1050008B1050008C905000896
:100070006947000869470008694700080000000058
:1000800069470008D9050008694700086947000862
:100090006947000869470008694700086947000880
:1000A000694700086947000869470008E905000832
:1000B000F90500086947000810B5064C2378002BA5
:1000C00007D1054B002B02D0044800E000BF0123FC
:1000D000237010BDA0000020000000003C57000865
:1000E000044B10B5002B03D00349044800E000BFC7
:1000F00010BDC04600000000A40000203C570008CE
:1001000002B4714649084900095649008E4402BCB0
:100110007047C04602B4714649084900095C49006D
:100120008E4402BC7047C04603B471464908400083
:100130004900095E49008E4403BC70470022430811
:100140008B4274D303098B425FD3030A8B4244D39F
:10015000030B8B4228D3030C8B420DD3FF220902E1
:1001600012BA030C8B4202D31212090265D0030BA0
:100170008B4219D300E0090AC30B8B4201D3CB0396
:10018000C01A5241830B8B4201D38B03C01A5241D8
:10019000430B8B4201D34B03C01A5241030B8B42DA
:1001A00001D30B03C01A5241C30A8B4201D3CB02C5
:1001B000C01A5241830A8B4201D38B02C01A5241AA
:1001C000430A8B4201D34B02C01A5241030A8B42AD
:1001D00001D30B02C01A5241CDD2C3098B4201D3C5
:1001E000CB01C01A524183098B4201D38B01C01A43
:1001F000524143098B4201D34B01C01A52410309BA
:100200008B4201D30B01C01A5241C3088B4201D368
:10021000CB00C01A524183088B4201D38B00C01A15
:10022000524143088B4201D34B00C01A5241411A3C
:1002300000D20146524110467047FFE701B5002049
:1002400000F0F0F802BDC0460029F7D076E770470D
:1002500003460B437FD4002243088B4274D3030927
:100260008B425FD3030A8B4244D3030B8B4228D3C8
:10027000030C8B420DD3FF22090212BA030C8B42EE
:1002800002D31212090265D0030B8B4219D300E08E
:10029000090AC30B8B4201D3CB03C01A5241830B13
:1002A0008B4201D38B03C01A5241430B8B4201D3C3
:1002B0004B03C01A5241030B8B4201D30B03C01AEC
:1002C0005241C30A8B4201D3CB02C01A5241830A66
:1002D0008B4201D38B02C01A5241430A8B4201D395
:1002E0004B02C01A5241030A8B4201D30B02C01ABF
:1002F0005241CDD2C3098B4201D3CB01C01A524126
:1003000083098B4201D38B01C01A524143098B42AE
:1003100001D34B01C01A524103098B4201D30B0197
:10032000C01A5241C3088B4201D3CB00C01A5241BC
:1003300083088B4201D38B00C01A524143088B4281
:1003400001D34B00C01A5241411A00D2014652411A
:10035000104670475DE0CA0F00D04942031000D339
:100360004042534000229C4603098B422DD3030A8E
:100370008B4212D3FC22890112BA030A8B420CD39E
:10038000890192118B4208D3890192118B4204D3C7
:1003900089013AD0921100E08909C3098B4201D347
:1003A000CB01C01A524183098B4201D38B01C01A81
:1003B000524143098B4201D34B01C01A52410309F8
:1003C0008B4201D30B01C01A5241C3088B4201D3A7
:1003D000CB00C01A524183088B4201D38B00C01A54
:1003E0005241D9D243088B4201D34B00C01A52412B
:1003F000411A00D20146634652415B10104601D3B8
:100400004042002B00D54942704763465B1000D341
:10041000404201B5002000F005F802BD0029F8D0E7
:1004200016E770477047C04607B5064B019018683D
:10043000002800D104480A23012201A903F0C5F8CD
:1004400001980EBDA0B4002054030020044B0268A4
:1004500010B59A4202D1034801F04CFE10BDC046CF
:1004600000100040E400002030B5102593B0382281
:10047000002104A804F0BAFB2A000021684604F019
:10048000B5FB8020800001F03DFE0923049380230A
:100490005B020224059301230A931B190C9380230A
:1004A0009B020F9380239B041093802304A8DB05F9
:1004B0000B940D950E95119301F050FE002801D07C
:1004C00072B6FEE70723029003902100684600936E
:1004D000019402F0ABF8002801D072B6FEE713B029
:1004E00030BD000010B501F0DFF8FFF7BDFF00F0F0
:1004F000EDF800F023F900F073F900F0D1F900F005
:1005000005FA00F041F900F081F9164804F058FAB4
:10051000154802F02FFA00F071FF144803F0ACFB0D
:10052000041E05D02100124804F0E4F972B6FEE77B
:1005300003F0B2FE002811D1033000F089FF00283B
:1005400006D003F0DBFB011E02D00A4804F0D2F90A
:10055000094804F035FA00F0B1FFFCE7200003F091
:1005600081FEF5E768570008F4000020785E000877
:100570007457000891570008AA57000872B6FEE7A2
:10058000FEE7000010B5024804F01AFAFEE7C04684
:10059000B75700087047704710B501F099F810BDC3
:1005A00010B5024801F068FB10BDC0466002002093
:1005B00010B5034801F060FB024801F05DFB10BD7F
:1005C000000200204001002010B5024801F054FB59
:1005D00010BDC046A001002010B5024802F004FA88
:1005E00010BDC046F400002010B5024802F048FCDF
:1005F00010BDC0465403002010B5024802F040FC74
:1006000010BDC046C002002007B501210A4BC02022
:100610001A6CC0000A431A641A6C0A4080210092C6
:10062000009ADA6B49050A43DA63DB6B0B400193EE
:10063000019B01F071F807BD00100240704770B5D2
:100640000E0014000025A54201DB200070BD00E073
:1006500000BF70550135F6E770B50E001400002597
:10066000A54201DB200070BD705DFFF7DDFE0135A6
:10067000F6E701204042704780239B0100204B6039
:100680007047012070470020704700000B490C4A5A
:100690000300521A0B4910B50868002801D10A4816
:1006A00008600868C318934206D904F0F5FA0C23D1
:1006B00003600120404210BD0B60FCE70008000011
:1006C00000400220BC000020F8B7002070B588B0C0
:1006D0001422002103A804F089FA20210124802695
:1006E000144B154D5A6BB6000A435A635A6B2800D7
:1006F0000A400092009A5A6B183922435A635A6B87
:1007000022400192019A5A6B0A435A635B6B0022A2
:100710000B4002933100029B01F0B4FC002328003F
:10072000059303A9033303960494069301F0F2FBA7
:1007300008B070BD00100240000C005007B5012148
:10074000104B09209A6B0A439A6300229B6B0B4063
:1007500001931100019B00F0EBFF092001F012F85A
:1007600000220A20110000F0E3FF0A2001F00AF83D
:1007700000220B20110000F0DBFF0B2001F002F83B
:1007800007BDC046001002400848094B10B5036081
:1007900000238380436183610133036201F05AF8CF
:1007A000002801D0FFF7EAFE10BDC046C0000020BF
:1007B00000300240084B026882B09A4209D1802181
:1007C000064B49019A6B0A439A639B6B0B4001935A
:1007D000019B02B07047C04600300240001002404A
:1007E0000748084B10B5036003234360064BC36002
:1007F000836001F04DFC002801D0FFF7BFFE10BD63
:10080000E400002000300040B80B000030B585B097
:100810000C22002101A804F0E9F90F4C0F4B002530
:1008200023600F4B200063600E4BA560E3608023C4
:10083000A36102F0D5F9A84201D0FFF79FFE200086
:1008400001A90195039502F0F5F9002801D0FFF701
:1008500095FE05B030BDC046F400002000100040F9
:10086000FF180000E703000007B50B4B02689A422F
:1008700010D11021094B1120DA6B0A43DA630022F0
:10088000DB6B0B4001931100019B00F051FF112025
:1008900000F078FF07BDC046001000400010024085
:1008A00010B5184B184C0C222360E1235B026360E7
:1008B00000232000A360E36023616261A361E36120
:1008C00023626362A36202F04FFF002801D0FFF7AA
:1008D00055FE0021200003F01BF8002801D0FFF78F
:1008E0004DFE0021200003F033F8002801D0FFF76F
:1008F00045FE200002F0EEFF002801D0FFF73EFE8B
:1009000010BDC046003801405403002010B5184BFC
:10091000184C0C222360E1231B036360002320009A
:10092000A360E36023616261A361E36123626362A8
:10093000A36202F019FF002801D0FFF71FFE00217B
:10094000200002F0E5FF002801D0FFF717FE00218C
:10095000200002F0FDFF002801D0FFF70FFE20006D
:1009600002F0B8FF002801D0FFF708FE10BDC04616
:1009700000440040C002002070B5050094B014226D
:10098000002104A804F032F92C22002109A804F067
:100990002DF92B68654A934262D1012309A8099376
:1009A00001F002FF002801D0FFF7E8FD8021604B35
:1009B000C9011A6CA0200A431A641A6C00260A4066
:1009C0000092009A0122596BC005114359635B6B79
:1009D00004A913400193019BC023DB00049302236D
:1009E00005939B1807930696089201F093FA514CD1
:1009F000514B20002360322363604E33A660E660D3
:100A000023616661A661E661266201F013F8B042D7
:100A100001D0FFF7B3FD2B1DDC67A562474B484CA7
:100A20008022236033236360233BA36000232000E4
:100A3000E36022616361A361E361236200F0FAFF76
:100A4000002801D0FFF79AFD00221B201100EC675F
:100A5000A56200F06DFE1B2000F094FE14B070BD86
:100A6000384A9342FAD1022309A8099301F09CFE67
:100A7000002801D0FFF782FD80212D4B8902DA6B1F
:100A8000A0200A43DA63DA6B00260A400292029A37
:100A90000122596BC005114359635B6B04A91340D4
:100AA0000393039B0C2304930A3B05939B18079322
:100AB0000696089201F02EFA234C244B2000236066
:100AC000342363604C33236180239B01A660E6607E
:100AD0006661A661E661236200F0ACFFB04201D01E
:100AE000FFF74CFD2B1DDC67A562194B194C8022CA
:100AF000236035236360253BA3600023E3606361CB
:100B0000A361E361802320009B012261236200F046
:100B100091FF002801D0FFF731FD00221C201100B9
:100B2000EC67A56200F004FE1C2095E70038014048
:100B30000010024060020020080002401C00024039
:100B40000002002000440040A001002044000240B8
:100B500030000240400100200121134B70B5021EFD
:100B60001960124C1249134B1348144D13D10B60EA
:100B700020606A80124A2468012514600024114A0A
:100B80001470114A1560114A14600A689A4207D11C
:100B900002F0DEF870BD0022086023602A80E9E7D9
:100BA0008242F7D11800F3E74C04002050040020E3
:100BB0005404002054030020C002002058040020E8
:100BC000A0B400203D040020400400203804002090
:100BD00013B56B46DC1D432323700B4B1B68002BA6
:100BE0000CD1012221000948323302F0EEFC084802
:100BF00032230122210002F0E8FC03E0054B1868D3
:100C00000028F5D113BDC0464C0400205403002039
:100C1000C00200205404002007B56A460B00D11D15
:100C20000B70002803D03223012202F0CEFC07BD56
:100C300010B5034B15211868FFF7EEFF10BDC04635
:100C40005404002010B5034B06211868FFF7E4FF99
:100C500010BDC04654040020074B02001B68012051
:100C6000002B08D0054B06481B68002A00D0054819
:100C7000181A4342584170474C0400205404002085
:100C800054030020C002002070B580220024164BBF
:100C90002100920115481C805C8003F0A7FFFF2211
:100CA000134B21001C60134B13481C70134B1A701C
:100CB000134BC73A1C6003F099FF124B124D1C8076
:100CC000124B1C60124B1C60124B1C60124B1C70B0
:100CD000124B1C70124B1C702B68A34202D003F005
:100CE00083FA2C6070BDC046580400205C040020CC
:100CF000400400203D040020FE0300203C040020AE
:100D000038040020FC030020EC030020F80300203E
:100D1000F4030020F0030020EA030020E903002090
:100D2000E8030020802270B5120104000D0002F0DB
:100D300031FE002808D0200002F00AF880222900A5
:100D40002000120102F026FE70BD000000220D4BB3
:100D500070B51A600C4B0D4C1A600D4B20001C60D6
:100D60000C4B1C6001F0F4FF0B4D280001F0F0FF6C
:100D700020000A49FFF7D6FF28000949FFF7D2FFF4
:100D800070BDC0464C0400205404002054030020D1
:100D900050040020A0B40020C0020020A0AC00201D
:100DA000A0A4002070B5041E0FD000F09DFC4026CA
:100DB00005002368DB69334204D100F095FC401B39
:100DC0002828F6D90A2000F095FC70BD70B5041EE5
:100DD0000BD00825013D18212000EDB2FFF71CFFC4
:100DE000002DF7D12000FFF7DDFF70BD10B5024BDD
:100DF0001868FFF7EBFF10BD54040020144B0100EE
:100E000010B5180003F076FD124C2368002B03D0B8
:100E100003F0EAF9002323600024FFF735FF0E4BAF
:100E20000E4A1C600E4B1C600E4B1A6000F05CFCFE
:100E30000D4B18600D4B18600D4B1C700D4B1C704A
:100E40000D4B1C700D4B1C70FFF780FF10BDC04692
:100E5000C2570008EC0300204C040020540300207B
:100E600054040020A0B400204404002048040020C2
:100E70005E2400205F2400205D2400205C240020EC
:100E8000F0B5C24F95B002030090D719009BC04C3B
:100E90005D002B5B9C46002B1ED00023BD48FA5CF6
:100EA00099B2182A1AD80600D640320001263242DA
:100EB00014D0002918D1625B002A0DD0B64B1E68F1
:100EC000002E20D0009B002B17D1B449B44B0968E9
:100ED000994218D00023635315B0F0BD01339AB284
:100EE0009445DCD8013189B263465E1A320038007D
:100EF000791803F069FE6653DDE7009B012B02D1F0
:100F0000A649A84BE3E7397818291DD1013A93B2D5
:100F10000193A54B791C1B78002B05D0380003F0FA
:100F200053FE019B6353B1E7A04B38001E78013696
:100F3000F6B21E7003F048FE019B9D486353012EDC
:100F4000A4D9FFF75BFFA1E7984B01930023019819
:100F50000370042966D1551E2A003800791C03F05D
:100F600033FE009B5B00E5528F4B02931B7803938B
:100F7000002B00D08AE7002E00D187E7874C23683A
:100F8000002B00D182E78B4D2B68002B04D1FFF79B
:100F90004FFE01232B6079E7012B00DD76E702236A
:100FA0002B60FFF74FFE2068FFF7FCFEFFF710FEF7
:100FB0000F2000F09FFB00F0FDF90098FFF760FFA5
:100FC0004F212068FFF728FE2068FFF7EBFE019B0A
:100FD000039A1A700123029A137000F0EBF900983B
:100FE000FFF74EFF744C2368002B11D0734B1B6826
:100FF000002B0DD003F040F8011E0BD1704803F018
:10100000DFFC002003F02EF90023236002F076FEBF
:101010006C4896E76C4803F06DFC03F0E5F800239C
:101020002360F5E74B1E012B00D955E78023DB0039
:101030000293012901D180230293029B053303937C
:101040009A4200D248E77B7801930198BB78C31895
:10105000DBB2FF2B0ED0531E1A003800791C01930F
:1010600003F0B2FD019B6353002E00D10EE7FFF7A2
:10107000DFFD0BE7029BFC18E37820791B02184385
:10108000844600233800C5782D026B40082504955E
:101090001DB25B009BB2002D01DA4C4D6B40049DEC
:1010A000013D0495002DF3D101308442EBD19C45E4
:1010B0001AD0541E22003800791C03F085FD009AD6
:1010C000334B5200D452002E00D1DFE6FFF7B0FDC3
:1010D0003F4A13780133DBB21370142B00D8D5E6E6
:1010E000FFF784FE3B482CE7012921D1019B002B0F
:1010F0001ED1FB78002B1BD1304B1B68002B17D067
:101100002C4B1B68012B13DD002E02D10098FFF73A
:1011100023FDFFF797FD009B1D4C5E00355B039B95
:101120003800ED1A2A00F91803F04EFD3553ADE6EC
:10113000002E02D10098FFF70FFD274A019913787E
:101140008B4212D0254B1B788B42E2D0FFF770FD0B
:101150001F4A13780133DBB21370142BDBD9FFF76E
:1011600045FE1F48FFF74AFED5E700241D490E68DB
:10117000A64239D001231370184B019A0C601A70E3
:10118000FFF760FD124B1C70C5E7C0465C040020F1
:1011900058040020160000014C04002054040020D4
:1011A00054030020C0020020E9030020EA030020CD
:1011B000D357000838040020EC030020F803002077
:1011C000D757000800580008EC570008211000000D
:1011D000E8030020045800083D0400203C040020DF
:1011E0000858000840040020FB1C0593384B1B687E
:1011F000002B3ED1374B1D8838235C1B029BA4B2C9
:101200009B1BA34200DA9CB2334B2200E8180493E4
:10121000059B2D19991903F06CFD2E4BADB21D8065
:10122000372D20D93822049906A803F062FD06A8BC
:1012300002F0C2FD002803D01422284B1A7022E0CD
:101240000125274B382204991D6002F099FE0028E1
:10125000F2D138221E4B09991D60224B1A60089B5F
:10126000214A5B1813603619029BB6B2B342BDD84F
:1012700005E01D4B1B4A1B681068834207D2174CC0
:101280002378132B17D9FFF7B1FD18486AE71A1A0C
:101290008342F4D0029B9C1BA4B2A24200D294B21F
:1012A000059B2200991902F06BFE0028C4D10D4A5B
:1012B00013681B19D6E70E4B019A1A70019B0D4A51
:1012C00001331370FFF7BEFC0023237023E7C046F1
:1012D000F8030020FC030020FE030020E8030020A8
:1012E000EC030020F4030020F00300200C58000859
:1012F0003C0400203D040020F0B5224CA544224CC3
:10130000224B22781B789A4202D1214B9D44F0BD9A
:101310002278204953029B189B001F4AC91801A834
:1013200003F0E7FC0F2223780133134023706B4650
:101330001C792000FFF790FC0028E0D06B4680214C
:10134000164D6600DA88735B49019F188F420DD9EC
:10135000134B1868002803D11248002C00D1124802
:10136000FFF734FD1148FFF749FDC8E72003C01817
:101370000F4B02A9C01803F0BCFC20007753FFF705
:101380007FFDBCE7F4F7FFFF5E2400205F24002010
:101390000C0800006024002004080000580400200D
:1013A00054040020C00200205403002013580008F9
:1013B0005C04002010B50B4B1B78002B0FD00A4BA0
:1013C0001868002805D1094B09481B78002B00D16B
:1013D0000848FFF7FBFC0848FFF710FD10BDFFF7BA
:1013E0008BFFFBE75D240020540400205C240020D8
:1013F000C0020020540300201E5800080C4B0D4A68
:1014000010B51A60FFF740FC00230B4A13700B4A1B
:1014100013700B4A13700B4A137000F065F90A4BF6
:1014200018600A4B1860FFF791FCFFF7D1FB10BD65
:10143000A0B40020540300205F2400205E2400207C
:101440005D2400205C240020440400204804002087
:10145000F8B5041E16D00025FFF7BAFB00F044F9DA
:10146000124F386000F040F9060000F03DF9801B93
:1014700063280AD90135AC42EED100F035F90C4BA6
:101480003860186001204042F8BDFFF793FF094B18
:101490001868002808D1084A138852881343F3D1EA
:1014A000013000F027F9E0E70020EDE744040020D8
:1014B000480400204C0400205804002070B5FFF7B9
:1014C00079FF00F011F9164D04002B68C31AC72BE1
:1014D00006D9144B1B68002B01D1FFF779FB2C6058
:1014E000114B1B68E41A114B9C4218DD0D4B1B6815
:1014F000002B01D0FFF77AFC02F048FC00280BD04B
:101500000B4803F05DFABFF34F8F0A4B0A4ADA60CB
:10151000BFF34F8FC046FDE70848FFF76FFC70BD73
:10152000440400204C04002048040020B70B0000B5
:101530002858000800ED00E00400FA053C580008B7
:10154000F7B5324A0C00831A591E8B41DBB20500F5
:101550002F4E0093904200D12E4E80231B019C42BF
:1015600022D8002C16D0002301202B49F25C182A27
:1015700003D80F00D740074208D101339AB29442F2
:10158000F4D80098FFF768FB002808D000F0ACF80A
:10159000224B18600098FFF75FFB002806D131004E
:1015A0002800FFF7BFFB15E01C00DCE70F221C4FF3
:1015B0003B780133134001931A4B019A1B789A42EE
:1015C00009D1194B009A28001A700122174B1A7082
:1015D00001F0BEFBF7BD3978154B4A02521800994D
:1015E0009200D15439784A02521892009A185480C5
:1015F0003A7831005002801880000430C018220070
:1016000003F077FB019B3B70C9E7C0465403002001
:10161000A0A40020A0AC0020160000014804002077
:101620005F2400205E2400205C2400205D24002034
:10163000602400200F22036810B51A62034B04498E
:10164000984200D10349FFF76DFB10BD5403002001
:10165000A0A40020A0AC002070B5104B05001978A4
:10166000002901D1012070BDFA208000FEF766FD3F
:101670000B4C01002068FEF761FD00F08FF8041E9E
:10168000F0D1032DEED8020001202900404200F0E5
:101690004FF8044B20001D60E5E7C0460400002021
:1016A00000000020080000208023084A5B00116829
:1016B00010B50B4303201360FFF7CEFF041E03D1C8
:1016C000FEF7A2FF200010BD0124FBE7002002402E
:1016D000034A044B11681B785B1813607047C046BF
:1016E000A4B4002004000020014B18687047C046D5
:1016F000A4B4002070B50400FFF7F6FF0500631CDA
:1017000002D0044B1B78E418FFF7EEFF401BA04209
:10171000FAD370BD04000020034A044913680B404B
:10172000034313607047C04600000140FFF9FFFF0C
:1017300010B5FF2403220B0021000240D20091408B
:101740009B012340C943934000280ADBC0240B4A75
:10175000800880008018A40002590A4013430351F6
:1017600010BD0F2210400838054A800880008018FC
:10177000C26911401943C161F2E7C04600E100E0CF
:1017800000ED00E0002805DB1F2318401E3B8340CE
:10179000014A13607047C04600E100E08022431E0A
:1017A0005204012093420DD2C021074A07485360DA
:1017B000036A09061B021B0A0B430362002007236E
:1017C000906013607047C04610E000E000ED00E05C
:1017D0000B00F7B59608B600741805680194019CD3
:1017E000A3420BD1032714003C403A4203D0895D49
:1017F000012C10D1297003681868FEBD1C785F7831
:1018000024063F043C43DF783C439F7804333F0287
:101810003C432C60E3E75A7809020A432A80022CF1
:10182000E9D09B782B70E6E7F0B50D000026006844
:101830005408B44206D1D20702D5A400635A0380EB
:101840000068F0BD2B886F881B043B4303600136A2
:101850000435EEE710B5041E01D1012010BD437F11
:10186000DAB2002B02D10277FEF7A4FF02236377DE
:101870002379002B1CD118212368124A5A619A68D7
:101880008A439A6062792368002A19D1013A60215B
:101890001A619A6800208A4361690A4380219A602C
:1018A0009A688A43A1690A439A6001236377D5E75E
:1018B0002000E268A16800F04BF80028E2D0CCE7F5
:1018C0002269E4E7B71DC104022310B54377036A18
:1018D0000400022B14D0032B06D00020012B09D1C9
:1018E0002000FFF775FF05E0920003688A18914217
:1018F00003D118680123637710BD01C91860F6E7AA
:10190000FFF792FFF6E7022370B543770400036800
:1019100001209D6828439860206A022814D003287B
:1019200005D001280CD000200123637770BD920000
:101930008A18914201D11868F6E701C91860F8E7E2
:101940002000FFF745FFEFE72000FFF76DFFEBE713
:1019500030B501250400280029420FD01F23013B88
:1019600022D30800D8402842F9D0102A15D0102AD6
:1019700005D8002A08D00120082A12D030BD012045
:10198000182AFBD1062BF9D82068416118218368F9
:101990008B43134383600020F0E70120072BF3D92A
:1019A000ECE70F2BEAD8EFE70120102ADFD1E5E7BB
:1019B00070B5C46C056D6560446D002C02D0846DFB
:1019C000C56D65601C24456C066C25401B3CAC4015
:1019D0007460046863608368102B02D1A260E160C8
:1019E00070BDA160E260FBE770B50668446C05005D
:1019F000F0B214210838FEF7A1FB0A4BA408A4009A
:101A00009E420AD8084BE418084BAC64EB641F23D1
:101A100018401E3B83402B6570BD054B0730E41812
:101A2000F2E7C04607040240000802408008024076
:101A30001C080240F8B504000120002C4BD025689A
:101A40002B4B14219D4247D82A4BE818FEF776FB12
:101A5000294B800023640223A61D6064F3772B6862
:101A6000264AA76813402B60E36821693B430B4378
:101A700061692A680B43A16920000B43E1690B43AC
:101A8000216A0B4313432B60FFF7AEFF8023DB017A
:101A90009F4201D1002363607F236268A16C1340E1
:101AA0000B60206DE16C013A4860032A1BD8144A90
:101AB000144899180122013B9A40E2651300002264
:101AC00089006165A0650A60436000200123E0632E
:101AD0000534F377E077F8BD0B4BE818FEF72EFBE3
:101AE0000A4B8000B6E700236365A365E365ECE776
:101AF00007040240F8FFFDBF000002400F80FFFF17
:101B00003F82001040090240F8FBFDBF0004024084
:101B1000F7B5451D0193EE7F04000220012E33D05E
:101B20000138E877A71DFE7FB4466346F6B20096FB
:101B30000026834230D10130F8772568E6632868B3
:101B4000009B98432860019B2000FFF731FF236B27
:101B5000B3421AD00E232A6813432B60A36C1A6871
:101B6000D20304D58022196852000A431A60636DBB
:101B7000002B04D08022196852000A431A60012306
:101B800000202A6813432B60FEBD04222B68934378
:101B90002B602A680A23DFE78023E363EE77F3E70D
:101BA000F0B5002808D0841DE37F411D022B05D02D
:101BB0000423C3630023CB770120F0BD0E25026808
:101BC000866C13681C27AB43136033680E4D2B40A3
:101BD0003360012316689E431660426C066C3A40DF
:101BE0009340026D7360C36C5A60436D002B05D047
:101BF0001A682A401A60836DC26D5A600123002062
:101C0000E377C877D9E7C046FFFEFFFF70B5811DB7
:101C1000CB7F022B03D00423C363012070BD0E24AD
:101C200002681C261368856CA343136001231468A3
:101C30009C4314602A680F4C22402A60426C056C59
:101C400032409340026D6B60C36C5A60436D002B51
:101C500005D01A6822401A60836DC26D5A60012354
:101C60000022CB77431DDA77836B934200D09847ED
:101C70000020D3E7FFFEFFFFF8B51C260427426CC7
:101C8000016C32403E0096400D6803681C68354286
:101C90000DD03C420BD01A68920602D41A68BA439F
:101CA0001A60036B4E60002B1DD098471BE0022783
:101CB0003E009640354219D03C4217D01A68920631
:101CC00006D40A211A688A431A600939821DD1771D
:101CD000124A934208D9124B00225E60431DDA7704
:101CE000C36A9342E1D1F8BD0E4BF5E708263700F1
:101CF00097403D42F7D03442F5D00E251C68AC43E6
:101D00001C6001231C009440821D4C60C363D37788
:101D10000022431DDA77436BE3E7C04680000240B0
:101D20000004024000000240C06B70470020054BD9
:101D30005A69824205DA044A9A60044A9A605869EC
:101D4000C00F70470020024023016745AB89EFCDEB
:101D5000F8B50400FFF7C8FCC0270600BF02144D09
:101D60002B693B4216D12A69124B110012481940C7
:101D700028611A4217D18027FF022B6918003840CA
:101D80003B420FD0631CF8D0FFF7AEFC801BA04293
:101D9000F3D306E0631CE3D0FFF7A6FC801BA04250
:101DA000DDD30320F8BD054B01205960FAE7C0469A
:101DB00000200240FA830000FB830800A8B4002042
:101DC000F7B5174E0193337804000D0002200092FE
:101DD000012B1ED00123FA20337000238000736092
:101DE000FFF7B6FF002812D10E4F012C12D17B69EC
:101DF00023437B61009B2B60BFF36F8F019B6B6064
:101E0000FA208000FFF7A4FF7B69A3437B610023D6
:101E10003370FEBD2800009903F09EFCF0E7C04639
:101E2000A8B4002000200240FA2010B58000FFF77F
:101E30008FFF8022044B120659690A435A61586980
:101E4000C043C00F10BDC04600200240084A53697D
:101E500004280AD007480340802080010343C900BA
:101E60001943054B0B435361704704480340F6E7A1
:101E70000020024007E0FFFF0200010007C0FFFF53
:101E8000F7B5224F05003B7802240191012B1BD0AE
:101E90000123FA203B70002380007B60FFF758FF8E
:101EA000041E0FD12B68042B10D119496B684A69A5
:101EB000FA201A4380235B0213434B618000FFF733
:101EC00047FF040000233B702000FEBD0123019A60
:101ED0005B421360AE68AB68EA689B18B3420CD9EA
:101EE00068683100FFF7B2FFFA208000FFF730FF8B
:101EF000002808D00400019B1E600221044A536997
:101F00008B435361DEE70136E5E7C046A8B4002005
:101F1000002002400023F0B585B00A681400DC40C0
:101F200001D105B0F0BD012514009D402C40009466
:101F30002A4200D195E04A685F0094460322644635
:101F400022400324BC40E4430194541E012C2ED8AB
:101F50008668019C2640CC68BC4034438460446859
:101F60000126AC4325006446240934409C402C43A0
:101F70004460C568019C25408C68BC402C43C4600B
:101F8000022A16D107250F261D40AD00AE40DC0801
:101F9000A40004190294246A03962600039CA64315
:101FA00034000E69AE402643029C266201E0032AFB
:101FB000DFD1BA400468019D25402A43C024026055
:101FC0006246A40222424CD0274A03259C08A40062
:101FD000A4180F221D40ED00AA40A027266EFF0581
:101FE00096430022B84210D0204F0132B8420CD0A4
:101FF0001F4F0132B84208D01E4F0132B84204D000
:102000001D4A8218571EBA410432AA40674632431D
:102010002266154C009A2668009DD2433543FF0284
:1020200001D435001540674625606668009D35433C
:10203000BF0201D435001540674665600F4C009D16
:10204000E66F3543BF0301D4350015406746E567A9
:102050000B4C009EE56F2E43FF0301D415402E006C
:10206000E667013359E7C0460018024000040050FB
:1020700000080050000C005000F0FFAF08180240AC
:1020800004180240002A01D0816170478162FCE798
:1020900070B504000120002C16D02368124A0726D0
:1020A0001A60124A1A6062685A60A2689A60FFF762
:1020B0001BFB05002368DA68324206D11969E26821
:1020C00091420DD01A61002070BDFFF70DFB401B3F
:1020D0003128EFD92368DB683342EBD00320F3E7E4
:1020E000034A1A60EFE7C046CCCC0000555500000B
:1020F000AAAA00000368024A00201A607047C0467E
:10210000AAAA000010B5114C1149236802000B4027
:1021100003432360802300209B009A420ED10D4B85
:102120000D49186806235843FEF708F88022431C1F
:10213000D200616908001040114200D110BD002B8F
:1021400001D0013BF5E70320F8E7C04600700040EE
:10215000FFF9FFFF0000002040420F00F0B504002F
:1021600085B0002802D1012005B0F0BD0368DB076F
:1021700010D423689B075CD423681B0700D5C1E0FB
:1021800023685B0700D5F2E0E369002B00D079E11A
:102190000020E9E73822AF4DAB681340EA68102B06
:1021A00009D1D3439B0708D12B689B03E1D5636812
:1021B000002BDED1D7E7082BF6D0802263685202CD
:1021C000934211D12A6813432B60FFF78DFA8027C1
:1021D0000600BF022B683B42CBD1FFF785FA801B7C
:1021E0006428F7D90320BFE7A021C9028B4208D198
:1021F00080232968DB020B432B602B681A432A607B
:10220000E3E72A6894490A402A602A6893490A4009
:102210002A60002BD9D1FFF767FA80270600BF029A
:102220002B683B42A5D0FFF75FFA801B6428F7D9E3
:10223000D8E73822874DAB681340EA68102B28D1C5
:1022400003210A40022A26D12A68520503D5E268F2
:10225000002A00D187E7696862698148120201405B
:102260000A436A60002B0CD12B687E4A7E491340DA
:10227000226913432B602B687C4A9B045B0FDA4076
:102280000A607B4B1868FFF7E7F9002800D173E775
:1022900069E7002BD8D0E368002B20D02B68714A67
:1022A000802713402269FF0013432B6080232A6894
:1022B0005B0013432B60FFF717FA06002B683B42C5
:1022C00007D06A68636966491B020A4013436B6062
:1022D00052E7FFF709FA801B0228EFD982E72B6843
:1022E000644A802713402B60FFF7FEF90600FF00C9
:1022F0002B683B4200D13FE7FFF7F6F9801B02282D
:10230000F6D96FE73822534DAB681340182B08D12C
:102310002B6E9B0700D433E7A369002B00D02FE777
:1023200021E7A2690123002A10D02A6E0227134355
:102330002B66FFF7D9F906002B6E3B4200D01FE752
:10234000FFF7D2F9801B0228F6D94BE72A6E022745
:102350009A432A66FFF7C8F906002B6E3B4200D16C
:102360000EE7FFF7C1F9801B0228F6D93AE73822B9
:10237000384DAB681340202B08D1EB6D9B0700D480
:1023800002E7A368002B00D0FEE6ECE680220021E5
:10239000EB6B52050091134208D1EB6B1343EB63D7
:1023A000EB6B13400393039B012300938027324E72
:1023B0007F0033683B4215D0A368012B22D1EA6D20
:1023C0001343EB65FFF790F902270600EB6D3B42E4
:1023D00038D0009B012B00D0D6E6EB6B274A134088
:1023E000EB63D1E633683B433360FFF77DF901903F
:1023F00033683B42E0D1FFF777F9019BC01A02280E
:10240000F6D9EFE6EA6D052B05D1013B1343EB65E9
:10241000EA6D0123D4E701218A43EA65EA6D0331BD
:102420008A43EA65002BCDD1FFF75EF9022706004B
:10243000EB6D3B42CDD0FFF757F9114B801B984213
:10244000F6D9CFE6FFF750F90D4B801B9842BDD966
:10245000C8E6C04600100240FFFFFEFFFFFFFBFF83
:10246000FF80FFFFFFC7FFFF000000200024F400F3
:1024700008000020FFFEFFFF00700040FFFFFFEF9D
:10248000881300003821434DAA680A40102A53D00F
:10249000414A022B3AD12B68802713402B60FFF76B
:1024A00023F90600BF042B683B4229D1616A236AE5
:1024B000EA680B43394980260A401343E26AB604AE
:1024C0001343226B1343626B1343A26A120213433A
:1024D000EB6080232A685B0413432B608023EA6847
:1024E0005B051343EB60FFF7FFF804002B683342F2
:1024F00000D04DE6FFF7F8F8001B0228F6D971E688
:10250000FFF7F2F8801B0228CDD96BE62B688026F6
:1025100013402B60FFF7E8F80400B6042B68334241
:1025200004D1EB681E4A1340EB6031E6FFF7DCF89C
:10253000001B0228F2D955E6012B00D113E6032235
:10254000E868216A02408A4200D00CE67022616A83
:1025500002408A4200D006E6FE21A26AC90101407B
:102560001202914200D0FEE5F822E16A9203024095
:102570008A4200D0F7E5E022216B120502408A4230
:1025800000D0F0E5636B400F4007C01A431E98412E
:10259000C0B2E9E500100240FFFFFFFE8C80C111D0
:1025A000FCFFFEEE382370B51D4CA2681A4205D11F
:1025B00023681C489B045B0FD84070BDA2681A407A
:1025C000082A27D0A2681A40102A17D1E368E168C8
:1025D000DB43E5684906490F6F322D0A013115408A
:1025E0009B0709D11048FDF7A9FDE1686843490F31
:1025F0000131FDF7A3FDE0E70A48F4E7A2681A40BD
:10260000202A09D0A26800201340182BD5D1FA2027
:10261000C001D2E70448D0E780200002CDE7C046E1
:10262000001002400024F40000366E01F7B50400EB
:102630000D00002801D10120FEBD0727484E336858
:102640003B408B422AD3226893073BD4D20748D41D
:10265000072733683B40AB420AD93368BB432B435F
:102660003360FFF741F8019033683B40AB4268D1DB
:1026700023683C4D5B076CD4FFF794FFAB683A4985
:102680001B051B0F9B005B581F210B40D840374A8E
:10269000374B10601868FEF7DFFFCDE73368BB43A8
:1026A0000B433360FFF720F8019033683B40AB42A7
:1026B000C9D0FFF719F8019BC01A2E4B9842F4D9E4
:1026C0000320B9E72749530704D5E0238868DB01D5
:1026D00003438B608B6828480340A06803438B60EA
:1026E000B4E760681F4F032829D8FDF713FD2002C7
:1026F0001C243B689B039ED50722BB68934303437E
:10270000BB60FEF7F1FF01903823BA681A40636896
:10271000DB009A429CD0FEF7E7FF019BC01A154BE5
:102720009842F1D9CCE73B689B01E5D483E73B684D
:102730005B05E1D47FE73B6E9B07DDD47BE7FB6D58
:10274000FAE7FEF7D1FF019BC01A0A4B98428BD9DA
:10275000B6E7AB68094A1340E2681343AB608BE706
:102760000020024000100240F45D0008000000203C
:102770000800002088130000FFF0FFFFFF8FFFFF1D
:10278000064B07499B68074A5B045B0F9B005B583D
:102790001F2110680B40D8407047C046001002400F
:1027A000D45D000800000020F0B50368050085B086
:1027B00000209B0352D58022664C5205E36B0090AB
:1027C000134208D1E36B1343E363E36B13400393BA
:1027D000039B0123009380275F4E7F0033683B43B8
:1027E0003360FEF781FF019033683B4228D0E26DF1
:1027F000C02310009B00696A584E18401A4218D036
:10280000814216D08022E36DE06D1900520202432E
:10281000E265E26D524831400240E265E165DB0766
:1028200007D5FEF761FF07000222E36D134200D1D6
:1028300088E0E36D6A6A334013430020E36506E0F5
:10284000FEF752FF019BC01A0228CDD90320009B3E
:10285000012B03D1E36B434A1340E3632B68DA0790
:1028600006D503243B494A6DA2436C6822434A655E
:102870009A0706D50C2437494A6DA243AC68224317
:102880004A655A0706D5302432494A6DA243EC689E
:1028900022434A659A0606D52E49334C4A6D22409A
:1028A0002C6922434A655A0606D52A492F4C4A6D9F
:1028B00022406C6922434A655A040FD525492C6A87
:1028C0004A6D9200920822434A658022D2059442C2
:1028D00004D18022CC6852022243CA601A050DD569
:1028E00003261C49AC698A6DB24322438A65012CD8
:1028F00004D18022CC6852022243CA609A040DD5CA
:102900000C261449EC698A6DB24322438A65042C73
:1029100004D18022CC6852022243CA60802149043B
:102920000B420DD00B4AAC6A936D0F4D2B402343E5
:10293000936580239B019C4202D1D3681943D160E7
:1029400005B0F0BDFEF7D0FE094BC01B984200D881
:102950006AE77BE70010024000700040FFFCFFFFC9
:10296000FFFFFEFFFFFFFFEFFFCFFFFFFF3FFFFF78
:102970008813000001000300012010B53D310C78E0
:10298000E2B284421ED1001808701B68D968114356
:10299000D9600E498B4208D00D498B4205D00D49B4
:1029A0008B4202D00C498B420DD19A680B490A40E8
:1029B000062A06D007398A4203D0012219680A4341
:1029C0001A60002010BD1968F9E7C046002C0140CC
:1029D00000040040000800400040014007000100E2
:1029E00070477047704770470222036870B5DD6812
:1029F0001E69040016420DD015420BD0053A1A612B
:102A0000043202779B699B0700D17CE0FFF7E9FF66
:102A10000023237704231E4212D01D4210D005222A
:102A2000236852421A61073222779A69C0239B00B9
:102A300020001A4200D16CE0FFF7D3FF0023237778
:102A400008231E420FD01D420DD009222368524296
:102A50001A610D322277DB6920009B075FD0FFF7F8
:102A6000C0FF0023237710231E4211D01D420FD038
:102A70001122236852421A6119322277DA69C0237F
:102A80009B0020001A4250D0FFF7ABFF00232377B2
:102A900001231E4208D01D4206D002222368524262
:102AA00020001A61FDF7D2FC82239B011E4207D051
:102AB0002B0605D52368204A20001A6100F0F5F89E
:102AC000F30507D52B0605D523681C4A20001A619B
:102AD00000F0ECF840231E4208D01D4206D04122EF
:102AE0002368524220001A61FFF77DFF20231E4217
:102AF00008D01D4206D021222368524220001A61CC
:102B000000F0D2F870BDFFF76BFF2000FFF76AFFFF
:102B10007EE7FFF765FF2000FFF764FF8EE7FFF712
:102B20005FFF2000FFF75EFF9BE7FFF759FF2000E4
:102B3000FFF758FFAAE7C0467FDFFFFFFFFEFFFF5A
:102B400010B51F4C0368A04205D01E4A904202D027
:102B50001D4A904208D1702293434A6813431B4A8E
:102B60001A40CB6813430BE0194A9042F7D0194A38
:102B70009042F4D0184A9042F1D0184A9042EED0D8
:102B8000802293434A69134303608B68C3620B68D6
:102B90008362A04208D00F4B984205D00E4B98425A
:102BA00002D00E4B984201D10B69036301224261AE
:102BB0000369134202D003699343036110BDC04609
:102BC000002C01400004004000080040FFFCFFFF13
:102BD0000020004000400140004401400048014006
:102BE00070B504000120002C23D025003D352B7842
:102BF000DAB2002B05D123003C3320001A70FDF718
:102C000033FE02232B702068211DFFF799FF22005D
:102C1000012300204832137047340A3A137053706E
:102C20009370D370137153719371D37113722370B6
:102C30002B7070BDF0B5040002223C3425780300EF
:102C40001000012D25D01D003D352A701B68114E46
:102C50005A689868B34203D10F4F3A404F683A43DD
:102C60007027BA430F683A435A60B34208D00B4A00
:102C7000934205D00A4A934202D00A4A934204D1B1
:102C8000802290438A6810439860012300202B70B3
:102C90002070F0BD002C0140FFFF0FFF000400403A
:102CA0000008004000400140704770477047000036
:102CB00030B5EFF31084012282F31088C02501683B
:102CC0000B68AB430B6084F31088EFF3108182F341
:102CD00010880268044C93682340936081F3108845
:102CE00020238830036030BDFFFF7FFF30B5EFF356
:102CF0001084012282F310880168134D0B682B4069
:102D00000B6084F31088EFF3108182F3108802685F
:102D10000E4C93682340936081F31088C36E012B9F
:102D20000AD1EFF3108183F310881024026813682E
:102D3000A343136081F31088030020228C331A60B0
:102D40000023C366436730BDDFFEFFFFFEFFFFEFDA
:102D500070B50400EFF31080012282F3108821681F
:102D6000294D0B682B400B6080F31088EFF3108126
:102D700082F310882268254893680340936081F3AA
:102D80001088E36E012B0AD1EFF3108183F31088D2
:102D90001020226813688343136081F31088402158
:102DA00023689B680B421ED0EFF31080012383F34E
:102DB0001088250004CD93688B43936080F31088BE
:102DC000E86F00280FD000238363FEF7E9FE002898
:102DD00009D0E86FFEF7A8FF202804D11023903413
:102DE00023601D3870BD230000200F225E33188041
:102DF00023681A629969073A0A439A6123002022DC
:102E00008C331A60E066EDE7DFFEFFFFFEFFFFEFA9
:102E100070477047704770B5846A230088331A681A
:102E20005D6823689B681B0608D5212A06D123000C
:102E30000022563320001A80FFF73AFF23689B6870
:102E40005B0608D5222D06D1230000225E33200028
:102E50001A80FFF74BFF22001023903211682000E8
:102E60000B431360FEF7E6FB70BD806A002302008F
:102E700010B55E321380083A1380FEF7DBFB10BDFD
:102E8000F7B50168C14DCB6904000A6888682B4218
:102E900010D120252B4200D19BE0802676051540DD
:102EA0000640354300D194E0636F2000002B00D032
:102EB00085E085E0B64D05400095B64D009E154075
:102EC000354300D185E0250001269035334205D0F9
:102ED000D70503D50E622F683E432E60022633428B
:102EE0000CD0C7070AD527000E6290373E680197BD
:102EF000B446042667463E43019F3E6004263342A3
:102F00000CD0C7070AD527000E6290373E6801979C
:102F1000B446022667463E43019F3E600826B446FB
:102F2000334209D02027009E1740374304D066461D
:102F30000E622F683E432E6080263601334206D053
:102F4000570104D50E6220212E683143296029687B
:102F5000002935D020210B420AD080235B05114087
:102F60000340194304D0636F002B01D02000984721
:102F700022682B684027966828223E401340200094
:102F80001E4322D0FFF7B2FE23689B683B4218D055
:102F9000EFF31081012383F31088250004CD93689B
:102FA000BB43936081F31088E86F002809D07A4B07
:102FB0008363FEF72BFE002802D0E86F836B9847EF
:102FC000F7BD2000FEF736FBFAE7FEF733FB2E6075
:102FD000F6E7E56E012D00D09FE01026334200D1C8
:102FE0009BE0324200D198E00E62896840230A00DB
:102FF0001A40194257D0211DCA6F1068426892B218
:10300000002ADDD027005C373F889742D8D92700B7
:103010005E373A8002682020844610400090604667
:10302000024232D1EFF3108785F3108820685B4E9F
:1030300002683240026087F31088EFF3108785F34F
:10304000108820688268AA43826087F31088EFF3B3
:10305000108785F31088206882689A43826087F31E
:103060001088230062468C331A60009BE366EFF3FE
:10307000108085F3108822680F351368AB43136006
:1030800080F31088C86FFEF78BFD022322002367B0
:1030900023005C325E331B881188C91A89B2200074
:1030A000FEF74EFA8CE7230020005C335E3019886F
:1030B000038800889BB2002800D181E7C91A89B231
:1030C000002900D17CE7EFF3108785F31088206892
:1030D000334E03683340036087F31088EFF31087A3
:1030E00085F3108820682F4E83683340836087F310
:1030F0001088230020208C331860E2666267EFF3AB
:10310000108085F31088102522681368AB43136084
:1031100080F3108802232367C1E780256D032B42CB
:1031200006D0460204D520000D6200F0CFFB47E731
:1031300080210B4207D080252D04114028400143F7
:1031400001D0A36FB1E640210B4216D00A4214D041
:10315000EFF31080012383F31088226813688B43F8
:10316000136080F310882300202288331A60002324
:103170002000A367FFF74CFE22E7190214D5510087
:1031800012D5200000F0A4FB1AE7C0460F0800008B
:1031900001000010200100046B2E0008FFFEFFFF5D
:1031A000DFFEFFFFFEFFFFEFDB0100D408E7002A90
:1031B00000DB05E7200000F08AFB01E70123806ABD
:1031C00010B50367C36E012B06D103005C33198869
:1031D0004908FEF7B5F910BDFFF71CFEFBE700003C
:1031E00003001B6820221B6870B51900806A11401B
:1031F000134234D103005E331980EFF310850123AD
:1032000083F3108804681D4E21683140216085F3E6
:103210001088EFF3108583F310880468A168994340
:10322000A16085F31088EFF3108483F310884025A4
:1032300001688B68AB438B6084F3108803008C3388
:103240001A60C36E012B0AD1EFF3108183F310884B
:10325000102402681368A343136081F310880023CD
:103260000367C36E012B05D103005C331988FEF799
:1032700067F970BDFFF7CDFDFBE7C046FFFEFFFF1E
:1032800070B504002569A168036829436569C269AE
:1032900029431868664D1143284001431960596855
:1032A0006448256A0140E06801435960A169986853
:1032B0002943614D284001430F209960D96A814319
:1032C000606A0143D9625D498B4215D103215C4B91
:1032D0005B6D0B40022B00D19AE08B4236D0012B64
:1032E00017D080231B029A4200D19AE0FFF748FAD8
:1032F000002800D199E073E052498B421AD10C2189
:103300004F4B5B6D0B40082B00D181E009D8002B9F
:10331000E7D080231B029A4200D076E0FFF742F903
:1033200081E00C2B12D00120474BA366002363677A
:10333000A36770BD45498B420DD13021404B5B6D79
:103340000B40202B64D0E2D9302BECD1802000023E
:10335000824245D118E080213D48090283425DD078
:103360003C4883425AD03C481B18581E83411801E0
:103370008A4226D10828D6D8FCF7C2FE53D505D5F7
:10338000D0D5D5D50600354A616A354B49001000C5
:10339000C95AFCF7D3FE656840006B08C0182900C5
:1033A000FCF7CCFE02002F4B103A9A42BBD80F23F9
:1033B000020000079A4393B2400F22680343D36090
:1033C00033E00828AFD8FCF7AFFE91FFAEFF27002F
:1033D000AEFF2000AEFFAEFFAEFF0900802000026E
:1033E000626A1F4B5200D15AFCF7A8FE65686B0851
:1033F000C0182900FCF7A2FE02001A4B103A9A42AC
:1034000000D990E72368D8600FE0FFF7CBF86FE7AB
:1034100080231B029A42B6D01048E1E78A4200D0CE
:1034200064E7FFF7ADF9021EAED100207CE7C0468D
:10343000F369FFCFFFCFFFFFFFF4FF11003801401A
:10344000001002400044004001000100004800401C
:10345000004C00400050004000C4FEBF0024F400B7
:10346000345E0008EFFF0000836A30B51A0706D506
:103470000168284C4A682240846B22434A60DA077C
:1034800006D50168244C4A682240C46A22434A6037
:103490009A0706D50168214C4A682240046B2243F2
:1034A0004A605A0706D501681D4C4A682240446BA1
:1034B00022434A60DA0606D501681A4C8A6822401F
:1034C000C46B22438A609A0606D50168164C8A6846
:1034D0002240046C22438A605A0610D50168134DBD
:1034E0004A68446C2A4022434A6080225203944234
:1034F00005D14A680E4C2240846C22434A601B0668
:1035000006D502680B4953680B40C16C0B435360EE
:1035100030BDC046FF7FFFFFFFFFFDFFFFFFFEFF47
:10352000FFFFFBFFFFEFFFFFFFDFFFFFFFFFEFFFEF
:10353000FFFF9FFFFFFFF7FFF7B504000D00170027
:1035400000932268D3692B405B1B59424B41BB421D
:1035500001D0002026E0089B0133F3D0FEF7C4F829
:10356000009BC01A089B98422DD8002B2BD02368B3
:103570001A685207E5D52A004021403A8A43E0D034
:10358000DA69082611003140019132420BD0200047
:103590001E62FFF7ABFB230090331E600023012067
:1035A00084342370FEBD8022D96912011142C8D033
:1035B0001A622000FFF79AFB2300202290331A6042
:1035C000019B843423700320ECE7F0B51700020060
:1035D00087B088320593136804000D000220202B69
:1035E00039D10138002936D0002F34D08023A1688A
:1035F0005B01994204D12369002B01D105422AD1F4
:103600002300002690331E6021231360FEF76CF820
:10361000230054331F80023303931F808023A2684A
:1036200004905B019A4204D12369B34201D12E0078
:103630001D00230056331B889AB2002B0DD1059B29
:10364000200000934021049BFFF776FF202388345D
:10365000236000280ED107B0F0BD059B0022009327
:1036600080212000049BFFF767FF002804D020235F
:10367000883423600320EEE72268002D0BD13388C5
:103680000236DB05DB0D9362039B039A1B88013B2B
:103690009BB21380CDE72B7801359362F4E70000ED
:1036A000030073B50026040090331E60FEF71CF87B
:1036B000236805001B681B071FD58021284B32009B
:1036C0000093890303002000FFF736FFB04214D0B7
:1036D000EFF31081012383F31088802022681368A0
:1036E0008343136081F310882300202288331A60FB
:1036F000032000238434237076BD260023688C3693
:103700001B685B0723D58021154B00220093200006
:103710002B00C903FFF710FF002818D0EFF310802B
:10372000012282F3108821680E4D0B682B400B603C
:1037300080F31088EFF3108082F3108821688B6883
:1037400093438B6080F3108820233360D0E72300FD
:103750002022002088331A603260E0662067C8E7C4
:10376000FFFFFF01DFFEFFFF70B5041E01D1012046
:1037700070BD050088352B68002B04D1020084320F
:103780001370FDF7F9F82423012122682B601368D8
:103790008B431360A36A002B02D02000FFF764FE66
:1037A0002000FFF76DFD0128E1D0236807495A6822
:1037B00020000A402A215A609A688A439A600122AE
:1037C00019680A431A60FFF76BFFD1E7FFB7FFFFE5
:1037D000F8B513000200060005005C3281650F0099
:1037E00013802221002290368C3532602960011D21
:1037F0000400C86F904213D01D498263C1621D4905
:103800003A0001631C49416321682431FEF780F9C5
:10381000002805D0102301203360DB182B60F8BD91
:103820002369002B0BD0EFF31081012383F3108861
:103830002268FF3310680343136081F31088EFF3AD
:103840001080012383F3108821688A681A438A60F4
:1038500080F31088EFF3108183F3108822683F33E0
:1038600090680343936081F310880020D7E7C04637
:10387000E1310008BD310008172E0008F7B5070038
:10388000436E04006A37002B04D10120388068346D
:103890002080F7BD03680B4E9A689B680A4D5B0F4A
:1038A000F05CE95CC0000192FCF7D2FC019B38801F
:1038B0001B015B0FF05CE95CC000FCF7C9FC80B247
:1038C000E5E7C046545E00084C5E0008704770474C
:1038D0007047000070B50400843422780300022091
:1038E000012A11D01D002422012688352A601A6879
:1038F00011681068B0431060044801400020586609
:10390000202311602B60207070BDC046FFFFFFDFD9
:10391000F8B5050084350B0029780222012915D05D
:103920000600012104688836223232602768226846
:103930008A432260A168C900C9081943A160FFF742
:103940009DFF20230022276033602A701000F8BDFD
:10395000F8B5050084350A0029780223012915D01D
:103960000600012104688836223333602768236803
:103970008B432360A168064B19401143A160FFF7F8
:103980007DFF20232760336000232B701800F8BDD3
:10399000FFFFFFF103008C331B6870B504000220A9
:1039A000202B02D1002901D1012070BD002AFBD0BB
:1039B0008020A56801234001854204D120690028A8
:1039C00001D11942F0D1E366002320002367FFF7FD
:1039D000FFFE0028E9D1E26E012AE5D1102321681B
:1039E0000B62EFF3108182F310882268146823437E
:1039F000136081F31088D8E710B50A00002101F0A8
:103A0000F5F810BD70B51F4B05001B6888B0002B82
:103A100035D01A2101A8FFF7EFFF1B4E1A23F46AD5
:103A20003078716801AAA047041E0AD01A221749EB
:103A3000280001F05EF9164800F0C2FF0524644238
:103A40001AE0144B019A9A4206D01A2228000F4914
:103A500001F04FF90624F2E71622B36B01A998474B
:103A60006B465A8B9B8B1B0413438342EDD11A2266
:103A7000280001A901F03DF9200008B070BD022422
:103A8000DDE7C04654B6002058B600205C5E000852
:103A9000445800084F5441540300F7B50833154FFC
:103AA0009B00DC59050000910192002C1FD02100E1
:103AB0000098FCF743FB604306000198009B013827
:103AC000C01800192100801BFCF738FB444331006B
:103AD000220028007B6B9847002807D02300320083
:103AE0002900054800F006FF04204042FEBD0120E9
:103AF000FBE7C04658B600206D580008F7B5C279FC
:103B0000837912021A43037A467A364F1B04134311
:103B100036061E43FB6A019604001E1E5FD0C37A60
:103B2000827A1B021343027B12041A43437B1B0657
:103B30001343372B53D92C4D38212800FFF75CFF56
:103B4000E279A37912021A43237A617A1B041343A0
:103B5000090619432A0038236079B04700283ED16E
:103B60006B782A781B021343AA7812041A43EB7865
:103B70001B0613431D4A934231D12A002B003532D4
:103B8000127834331B7812021A432B0036331B7819
:103B900029001B0413432A003732127812061A43F5
:103BA0001600BB6B34229847864218D16B7A2A7A6A
:103BB0001B021343AA7AA17A12041A43EB7A1B065A
:103BC0001343E27A12020A43217B09041143627B08
:103BD00012060A43934202D2019AD3180193019824
:103BE000FEBDC04658B60020C4B400204F54415416
:103BF00030B51C4B01001B6889B0002B2FD01A2256
:103C000001A801F076F8184D184B1622019301A96E
:103C1000AB6B002098471A236B441880000C588027
:103C20001A2228786968FFF737FF002805D0104866
:103C300000F0C6FE042464420EE02C6B1A232878A0
:103C4000696801AAA047041E0A48F1D12878230018
:103C5000220021002D6BA847200009B030BD0224AE
:103C6000E9E7C04654B6002058B600204F544154EE
:103C7000B2580008DD58000800B5010089B00028DE
:103C800011D0C36A002B0BD0036B002B08D0436B01
:103C9000002B05D0836B002B02D0C36B002B06D109
:103CA000104800F08DFE0120404209B000BD4022C6
:103CB0000D4801F01EF801220C4B0D4858211A60E6
:103CC000FFF79AFE01A8FFF79DFE0028EDD01A220B
:103CD000084901A801F00DF8074B01A80193FFF76F
:103CE00087FFE2E70859000858B6002054B60020C4
:103CF000FCB500205C5E00084F54415410B588B0FC
:103D000001A8FFF77FFE6B461B7A022B31D16B4671
:103D1000029A1B7B120A1B061343092201336A44D1
:103D2000022B0DD90023694601A80B721370537042
:103D30009370D370FFF75CFF00281DD008B010BD52
:103D4000190A1370517001A8190C1B0E9170D370D1
:103D5000FFF74EFF0028F1D10A4B02A8DC6BFFF7FA
:103D6000CDFEA047002801D10020E7E71120404206
:103D7000E4E7023B022BEFD9034800F021FE1020BC
:103D8000F5E7C04658B600204459000810B5094B65
:103D900088B01B68002B02D1002008B010BD01AC18
:103DA0002000FFF72FFE0028F6D120790338434288
:103DB0005841F2E754B60020F0B5040089B000285D
:103DC00000D1C1E0634B1B68002B00D1BEE0624E06
:103DD0003068002800D0BBE0637822781B021343D0
:103DE000A27812041A43E3781B0613435B4A9342FA
:103DF00005D05B4800F0E4FD07256D426DE0594BAE
:103E000034229B6B21009847230034331A78013306
:103E10001B781B02134322003632127812041A4315
:103E2000230037331B781B061343834204D04E48CC
:103E300000F0C6FD0825E0E701AF3800FFF7E2FD1E
:103E4000627A237A12021A43A37AF9891B04134374
:103E5000E27A464812061A433B8A1B040B439A42F5
:103E60000DD2617B207B09020143A07B0004084343
:103E7000E17B090601435218934204D23C4800F00A
:103E80009FFD0A25B9E73B488B42F8D3B9897B8966
:103E90000904787A1943FFF7FFFD002804D036485B
:103EA00000F08EFD0425A8E701233B7108336B4425
:103EB000187058709870D8701A236B441880588006
:103EC0003800FFF795FE051E0AD02C4800F078FD5B
:103ED000002338003B71FFF78BFE280009B0F0BDCE
:103EE00058213000FFF788FD3000002701233822D9
:103EF000210008303360776000F0FBFE627B237B9B
:103F000012021A43A37B1B041343E27B12061A43DB
:103F10003264637A217A1B020B43A17A09041943A4
:103F2000E37A1B060B439B187364637C227C1B02A1
:103F30001343A27C12041A43E37CF7641B06134369
:103F4000B36437657765C8E7012556E7022554E76E
:103F5000032552E754B60020FCB500204F544154CD
:103F60007C59000858B60020B0590008E1590008F3
:103F7000175A0008565A0008875A0008B85A00080D
:103F8000F0B58BB0050016000191002901D1002A7F
:103F90005BD1304B1B68002B59D02F4F3B68002B57
:103FA00016D003A8FFF72EFD041E06D021002B48D3
:103FB00000F0A0FC20000BB0F0BD0E237A68534344
:103FC00003AAD2181179012905D0254800F092FCE6
:103FD0000B246442EEE7F96CA94205D02A0021487F
:103FE00000F088FC0C24F4E77B6C7119994206D927
:103FF000320029001C4800F07DFC0D24E9E7002E6A
:10400000D8D09089538900041843411973189C46ED
:10401000138AD5891B042B431B189C4504D91348CC
:1040200000F0CEFC0A24D4E7114B507A1D6B019AA4
:104030003300A847002804D00E4800F0C1FC042437
:10404000C7E7FB6C9B19FB64B4E70124C1E70224BA
:10405000BFE7C04654B60020FCB50020EA5A00086D
:104060001C5B00084F5B0008885B0008CD5B000804
:1040700058B60020005C0008F0B5544B8FB01B68A8
:10408000002B00D199E0524C2368002B00D196E020
:1040900007A8FFF7B7FC051E0FD1636802930E2334
:1040A000029A534307AAD61833790193012B07D0FC
:1040B0001900484800F01EFC0E3D28000FB0F0BD6E
:1040C000E16C626C914205D0434800F013FC0D2571
:1040D0006D42F2E7737A02000593404B01001B6BBF
:1040E0001F0003000598B8472269338A6469F08984
:1040F0001B0411190343994263D8B38971891B04C6
:104100000B4329009B180393002C18D1304EB26C3E
:104110008A4239D10E23029A07A8534307AAD2181C
:104120000223547113719471D4711472FFF760FDFE
:10413000051EC2D158213000FFF75EFCBDE7802389
:1041400025005B009C4200D91D00254B234E0493A3
:10415000F36A049A1F0003992B000598B8470028BA
:1041600031D1019AB36B002A0AD02A0004999847EA
:10417000039B01005B1903930023641B0193C3E7B6
:104180002A0001200499F2E7164800F0B3FB0E2341
:10419000029A07A8534307AAD21814715471947154
:1041A000D4711472FFF724FD051E00D085E7582155
:1041B0003000FFF721FC0F3D7FE7022588E70B2544
:1041C00086E70A2584E7042582E7C04654B6002026
:1041D000FCB500202B5C0008655C000858B6002088
:1041E000FCB40020AF5C000870B51A4B88B01B68A7
:1041F000002B2CD001AD2800FFF704FC164E3468CC
:10420000002C1BD12B79012B1BD10E2300226343E1
:104210002800EB181A715A719A71DA711A72FFF745
:10422000E7FC051E07D158213000FFF7E5FB210010
:104230000A4800F05FFB280008B070BD7468002CCD
:10424000E3DA074800F0BCFB09256D42F3E70225DD
:10425000FBE7C04654B60020FCB500202B5D0008EB
:10426000F35C000810B50B4B04001B6888B0002BF2
:104270000CD001A8FFF7C6FB16236B441C8001A8D5
:10428000240C5C80FFF7B4FC08B010BD0220404253
:10429000FAE7C04654B60020002000B5074B89B0AD
:1042A0001B68834208D001A8FFF7ACFB6A466B4647
:1042B000108BDB8A0004184309B000BD54B60020FF
:1042C000002800D162B6704710B5040010001A1E15
:1042D00005D0002805D0002C03D100F00AFD0020F5
:1042E00010BD01204042FBE77FB50D0002AE01008A
:1042F00008220400300000F0FCFC082229003000F5
:1043000000F054FC0022904202D1002004B070BDA5
:10431000A95CB35C0B40994206D00C48111900F01F
:10432000E9FA01204042F1E70132082AF0D12900E0
:10433000684600F0DEFC009A019B21000120FDF799
:104340003FFD0028E1D021000148E8E7595D000861
:104350007F5D0008002110B5034B082203489981B6
:10436000196000F043FC10BD98B600209CB60020F8
:1043700010B5002808D072B6054B986043680268F3
:1043800082F308889847FEE70120404210BDC046EE
:1043900000ED00E010B50024064B5A7BA24206D087
:1043A00005491868FFF7A0FF0400FFF7D3FF2000BE
:1043B00010BDC04698B600209CB60020030070B522
:1043C000002A0CD000290FD00848002B09D104681E
:1043D0000133A5682B43A360FDF795FA0200100096
:1043E00070BDFDF771FAF9E70A00F8E7C000002098
:1043F000F0B50D00140089B0002814D1002A2BD08C
:10440000FFF7A8FF704BED0AE418E40AE302ED029F
:104410000193EFF3108672B6FDF788FC041E05D0F9
:104420003000FFF74DFF0120404216E08022802738
:10443000664B120201001A6104A8102200F0D6FB9C
:10444000BF030394019B002B09D1FDF7EDFC00286D
:10445000E6D13000FFF734FF002009B0F0BDC024E2
:10446000C0215B4BA4041B6889045A4A1C400B42C0
:1044700007D080235B049C4259D1574B1B683B42B9
:1044800055D1136855499B020B40802109055B18E3
:104490009D426ED3002C03D04F4B1B683B4257D13B
:1044A00013684E499B020B40802109055B1880214F
:1044B0000902002C03D0484C24683C4255D11468B2
:1044C0004648A4020440E418019B641BDB0AE40A8A
:1044D0009C4200D91C0002230591C020C0210493F6
:1044E0003B4B89041B6880041940034207D080239A
:1044F0005B04994241D1384B1B683B423DD1136864
:1045000036489B020340802000051B189D4245D27F
:10451000F8231B06EB18DB0A03A904A806930794EB
:10452000FDF7AEFC002848D0FDF77EFC78E7136865
:104530002B495B020B40802109055B189D4203D289
:10454000802304211B050CE080235B049C42A3D044
:10455000136823495B020B40802109055B18802109
:104560000902802040048442A5D014681C486402DB
:10457000A8E7802304211B059BE7136818485B020A
:104580000340802000051B189D42C1D380235B049B
:10459000994205D01368124A5B0208E0002903D053
:1045A0000D4B1B689B02F5D413680C4A9B02134009
:1045B000802212059B18EB1AADE7019BE4021B1B3E
:1045C0002D1901933EE7C046FF070000002002407E
:1045D0000075FF1FE075FF1F2020024000FC0F0048
:1045E00000FE0700F0B587B00E001F000192002802
:1045F0000BD1002B1BD1EFF3108572B6FDF796FBA4
:10460000002807D02800FFF75BFE01246442200049
:1046100007B0F0BD80223E4B12021A61FFF7BAFECE
:104620000400FDF701FC2800FFF74AFEEFE7019BBD
:10463000002BEAD0EFF31083029372B6FDF776FBFE
:10464000002801D00298DEE78022314B12021A6165
:1046500035000723F7197A1E9A439D432D4B039289
:104660005A7B002A3AD01B689D4237D9FFF792FE49
:10467000041E33D0FDF7D8FB0298D5E7254B04A8DC
:104680005A7B002A2ED01A6895422BD11A1D12CAC5
:1046900012C01A7B01982900801B002384468E4299
:1046A00009D88F4207D96046445C04A81C540124F1
:1046B0009C402243D2B201330131082BEFD1039B3E
:1046C0009D4215D1FF2A13D00121124B1A73597341
:1046D0001D6004AA043303CA03C30835BD42CDD309
:1046E0000024C7E70822290000F003FB0022D1E7DD
:1046F000280004A9FFF7F8FD041EBBD1054B5A7B27
:10470000002AEAD01B689D42E7D1FFF723FEE4E7C9
:104710000020024098B600200D488546FBF78EFF2A
:104720000C480D490D4A002302E0D458C45004330C
:10473000C4188C42F9D30A4A0A4C002301E01360E2
:104740000432A242FBD300F0ADFAFBF7CBFEFEE74A
:104750000040022000000020A0000020C05E0008F1
:10476000A0000020F4B70020FEE70000002310B5F1
:10477000040003604360836081814366C2810361FA
:1047800043618361190008225C3000F02FFA0B4B63
:10479000246263620A4BA3620A4BE3620A4B2363FF
:1047A0000A4B9C4205D00A4B9C4202D0094B9C42CA
:1047B00003D12000583000F099FA10BDD549000807
:1047C000FD490008354A0008614A0008A8B60020E3
:1047D00010B7002078B7002010B5034A03490448F9
:1047E00000F06CF810BDC0460C0000208955000890
:1047F0001C00002041680B4B10B50400994201D009
:1048000000F0C2FEA168084B994202D0200000F0DF
:10481000BBFEE168054B994202D0200000F0B4FED7
:1048200010BDC046A8B6002010B7002078B7002001
:1048300010B5094B094A04211A6009480022FFF704
:1048400095FF012209210748FFF790FF022212215C
:104850000548FFF78BFF10BDE0B70020D9470008DF
:10486000A8B6002010B7002078B7002010B5024885
:1048700000F03DFA10BDC046E9B7002010B502486F
:1048800000F036FA10BDC046E9B7002010B50400AC
:10489000FFF7ECFF236A002B02D0FFF7EFFF10BDFC
:1048A000044B2362044B1B68002BF6D1FFF7C0FFBB
:1048B000F3E7C046F5470008E0B70020F7B514005D
:1048C000002600900191A5686768013F04D524681F
:1048D000002CF8D13000FEBDAB89012B08D90E2287
:1048E000AB5E013304D029000098019B9847064332
:1048F0006835EAE70FB407B5054904AB086804CB8F
:104900008168019300F022FB03B008BC04B0184793
:1049100018000020036A70B505000E008468002BA3
:1049200001D1FFF7B3FF636EDB0705D4A3899B05B5
:1049300002D4A06D00F0DBF9A3891B0702D523691F
:10494000002B1FD12100280000F0D2F8002819D038
:1049500001256D42636EDB0705D4A3899B0502D454
:10496000A06D00F0C5F9280070BD0136A360002BD2
:1049700004DAA2699A4216DC0A2914D023685A1C68
:1049800022601970A3683178013B0029EDD1A36042
:10499000002B0FDA220028000A3100F067F80130FE
:1049A000D6D00A25D6E72200280000F05FF80130B3
:1049B000E8D1CDE723685A1C22600A221A70F0E77A
:1049C00010B5034B01001868FFF7A4FF10BDC046E7
:1049D0001800002070B50C000E25495F00F034F976
:1049E000002803DB636D1B18636570BDA389024A51
:1049F0001340A381F9E7C046FFEFFFFFF8B51F00A2
:104A00008B8905000C001600DB0505D50E23C95E59
:104A10000022022300F004F9A389054A280013406C
:104A2000A38132000E23E15E3B0000F021F9F8BDC6
:104A3000FFEFFFFF70B50C000E25495F00F0F0F8A6
:104A4000A389421C03D1054A1340A38170BD802273
:104A500052011343A3816065F8E7C046FFEFFFFFF3
:104A600010B50E23C95E00F0C9F810BDF8B50600F8
:104A70000D001400002804D0036A002B01D1FFF7B9
:104A800005FFA369A360A3891B0702D52369002B37
:104A900009D12100300000F02BF8002803D00125B7
:104AA0006D422800F8BD23692068EFB2C01A63691F
:104AB000EDB2834205DC2100300000F065FD0028E6
:104AC000EDD1A3680130013BA36023685A1C22602A
:104AD0001F706369834204D0A389DB07E1D50A2DE7
:104AE000DFD12100300000F04FFD0028D9D0D6E7FB
:104AF0002D4B70B5050018680C00002804D0036A1F
:104B0000002B01D1FFF7C2FE0C22A35E1A0723D4AB
:104B1000DA0607D409222A60402201201343A38128
:104B200040423AE05B0713D5616B002908D02300AF
:104B30004433994202D0280000F0E4F80023636374
:104B40002422A3899343A381002363602369236004
:104B50000823A2891343A3812369002B0BD1A02131
:104B60008022A389890092000B40934203D0210048
:104B7000280000F05FFD0C22A35E01211A000A400C
:104B80000B420BD00022A26062695242A261002057
:104B90002269824201D11A06BED470BD990700D4A1
:104BA0006269A260F3E7C0461800002030B5002417
:104BB0000139A24201D1002005E0035D01340D5D01
:104BC000AB42F6D0581B30BD10B5884202D98B18C5
:104BD000984208D300239A4207D0CC5CC4540133D6
:104BE000F9E78B5C8354013AFBD210BD03008218B5
:104BF000934200D1704719700133F9E7002370B573
:104C0000064D040008002B60FBF733FD431C03D165
:104C10002B68002B00D0236070BDC046E4B7002095
:104C200070B50400080011001A000023054D2B6028
:104C3000FBF729FD431C03D12B68002B00D0236018
:104C400070BDC046E4B7002070B504000800110034
:104C50001A000023054D2B60FBF7F1FC431C03D128
:104C60002B68002B00D0236070BDC046E4B7002045
:104C700070B50400080011001A000023054D2B60D8
:104C8000FBF7EAFC431C03D12B68002B00D0236008
:104C900070BDC046E4B70020014B18687047C0469D
:104CA0001800002070B500260C4C0D4D641BA4109C
:104CB000A64209D1002600F041FD0A4C0A4D641BB2
:104CC000A410A64205D170BDB300EB589847013639
:104CD000EEE7B300EB5898470136F2E7B85E0008FC
:104CE000B85E0008BC5E0008B85E000870477047F8
:104CF0007047002310B59A4200D110BDCC5CC4545B
:104D00000133F8E770B505000C1E10D0043C236891
:104D1000002B00DAE418280000F0E0F81D4A1368C0
:104D2000002B05D163601460280000F0DFF870BD2F
:104D3000A34208D9206821188B42F3D119685B6817
:104D400009182160EEE71A005B68002B01D0A3422E
:104D5000F9D911685018A0420BD1206809185018D1
:104D600011608342E0D118685B684118116053609C
:104D7000DAE7A04202D90C232B60D5E7206821187E
:104D80008B4203D119685B68091821606360546025
:104D9000CAE7C046F0B7002070B50F4E0D0031686D
:104DA0000400002902D100F0ABFC30602900200093
:104DB00000F0A6FC431C03D101256D42280070BD04
:104DC0000323C51C9D43A842F8D0291A200000F0F7
:104DD00097FC0130F2D1EFE7ECB70020F7B50322E2
:104DE000CB1C9343083305001F000C2B34D20C2737
:104DF000B94233D8280000F071F8374E33681C00F0
:104E0000002C2FD139002800FFF7C6FF0400431CF7
:104E10005FD134680094009B002B4AD1002C52D003
:104E200023682800E3180099019300F069FC019BB6
:104E3000834248D123682800FF1A3900FFF7ACFFEE
:104E4000013040D02368DB19236033685A68002A98
:104E500033D1009B336019E0002BC9DA0C232B609F
:104E60000020FEBD2168C91B20D40B290AD9E219F4
:104E70002760A34204D1326063681160536005E08B
:104E80005A60F9E76268A3420ED13260280000F050
:104E90002DF8200007220B30231D9043C21A9842A0
:104EA000DFD01B1AA350DCE75A60EFE723006468E9
:104EB000A6E7009C63680093ADE71A005B68A34215
:104EC000FBD10023DAE70C2328002B6000F00EF85A
:104ED000C6E70760DAE7C046F0B7002010B5024821
:104EE000FFF705FF10BDC046E8B7002010B5024827
:104EF000FFF7FEFE10BDC046E8B70020936810B56E
:104F0000013B9360002B04DA9469A34207DB0A2972
:104F100005D01368581C10601970080010BDFFF709
:104F2000A5FD0100F9E7F8B506000F001400D5183B
:104F3000AC4201D1002007E021783A003000FFF7B1
:104F4000DDFF0134431CF3D1F8BD0000F0B5A1B082
:104F50000F0015001E000390002804D0036A002BE8
:104F600001D1FFF793FC7B6EDB0705D4BB899B0562
:104F700002D4B86DFFF7BBFEBB891B0702D53B69A6
:104F8000002B13D139000398FFF7B2FD00280DD094
:104F90007B6EDB0703D50120404221B0F0BDBB8909
:104FA0009B05F8D4B86DFFF7A3FEF4E7002308AC27
:104FB0006361203363761033A37607962E0033782F
:104FC000002B01D0252B48D1731B0593AE420BD08B
:104FD0002A0039000398FFF7A6FF013000D1AEE0A8
:104FE0006369059A9B1863613378002B00D1A6E0B2
:104FF000012200235242626004A954325218751CE7
:105000002360E360A3601370A365594B0522180069
:105010002978059300F086FB6E1C00281FD12268BA
:10502000D30604D5532304A95B1820211970130754
:1050300004D5532304A95B182B2119702B782A2B34
:1050400016D02E0000210A20E3683278751C303A11
:10505000092A50D9002911D117E00136AFE7059B85
:105060002268C01A01238340134335002360CCE734
:10507000079B191D1B680791002B01DB0B9304E0B4
:105080005B42E36002231343236033782E2B0CD161
:1050900073782A2B34D1079B02361A1D1B6807929E
:1050A000002B01DA01235B420993324D03222800D1
:1050B000317800F037FB002806D04023401B8340A6
:1050C0002268013613432360317806222A48751C72
:1050D000217600F027FB002840D0284B002B22D15E
:1050E0000722079B07339343083307936369049AA6
:1050F0009B18636162E743432E0001219B18A4E7DC
:1051000000230A201900013663603278751C303A9A
:10511000092A03D9002BC8D00991C6E741432E00C4
:1051200001238918F1E707AA009221003A00144BE5
:10513000039800E000BF0490049B0133D6D17B6E3E
:10514000DB0705D4BB899B0502D4B86DFFF7D0FD02
:10515000BB895B0600D51EE70D981EE707AA0092E3
:1051600021003A00064B039800F07CF8E3E7C046C4
:105170009F5D0008A55D0008A95D00080000000013
:10518000274F0008F7B5160001938A680B690C00D9
:105190000090934200DA1300220033604332127809
:1051A000002A01D00133336023689B0602D533689F
:1051B000023333602268062315001D401A4227D0AF
:1051C000230043331B785A1E93412268920630D441
:1051D000220001990098089D4332A847013025D04C
:1051E0000622236800251340042B05D13368E568A7
:1051F000ED1AEB43DB171D40A3682269934201DDE2
:105200009B1AED180026B54220D1002010E0013590
:10521000E36832689B1AAB42D2DD22000123019978
:105220000098089F1932B8470130F0D10120404260
:10523000FEBD3020E1184331087021005A1C453171
:105240000978A218433202331170C1E7220001230A
:1052500001990098089F1A32B8470130E6D001360C
:10526000D1E70000F0B58BB006920A0043320793F5
:10527000059003920A7E0C00109B782A09D8622AB6
:105280000BD8002A00D1BAE07A490491582A00D1FB
:105290008EE0250042352A7022E010006338152880
:1052A000F7D8FAF741FF16001F00F6FFF6FFF6FFEA
:1052B000F6FF1F00F6FFF6FFF6FFF6FF9F00360031
:1052C0007E00F6FFF6FFB000F6FF3600F6FFF6FFB1
:1052D000820025001A684235111D196013682B7071
:1052E00001239EE018680968021D0D060BD50668AB
:1052F0001A60002E03DA2D23039A764213705D4B59
:105300000A27049318E006681A604906F1D536B2F8
:10531000EFE70868196840C9050602D4400600D5C1
:10532000B6B21960534B0A2704936F2A00D1023F8B
:105330002300002243331A706368A360002B06DB4E
:1053400004212268039D8A43226033430CD0039DCD
:1053500030003900FAF778FF049B013D5B5C2B704D
:10536000330006009F42F3D9082F09D12368DB07D9
:1053700006D5626823699A4202DC3023013D2B7016
:10538000039B5B1B2361079B210000930598069BF1
:1053900009AAFFF7F7FE013048D1012040420BB0C7
:1053A000F0BD202209680A43226078223249049124
:1053B000210045310A701968226840C9100602D4DC
:1053C000500600D5B6B21960D30702D52023134387
:1053D0002360002E01D01027AAE7202223689343E0
:1053E0002360F8E71A680D68101D49691860136892
:1053F0002E0601D5196002E06D06FBD51980002349
:10540000039D2361BFE71A68111D1960156800210B
:105410002800626800F086F9002801D0401B606017
:10542000636823610023039A1370ACE72A002369A1
:1054300006990598079DA8470130AED023689B07C1
:1054400015D4099BE0689842A9DA1800A7E7220062
:10545000012306990598079E1932B04701309CD068
:105460000135E368099A9B1AAB42F0DCE9E70025B5
:10547000F7E7C046B05D0008C15D0008F7B50C2233
:105480008B5E05000C001A0756D44A68002A02DC1D
:105490000A6C002A4EDDE76A002F4BD000228020E4
:1054A0002E682A601A004001216A0240034233D06C
:1054B000626DA3895B0706D56368D21A636B002B04
:1054C00001D0236CD21A00232800E76A216AB8476A
:1054D000A289431C06D129681D2946D8294BCB40F7
:1054E000DB0742D50023636023692360D20405D51E
:1054F000431C02D12B68002B00D16065616B2E60CC
:10550000002917D023004433994202D02800FFF726
:10551000F9FB002363630DE001232800B847020074
:10552000431CC6D12B68002BC3D01D2B01D0162BDA
:105530001AD12E6000201EE00E69002EFAD00F68EE
:105540000E60BA1B019200229B0700D14A69A2603B
:10555000019B002BEEDDA36A32001F002800019B97
:10556000216AB847002807DCA289402301201343A1
:105570001BB2A3814042FEBD019B36181B1A01934A
:10558000E6E7C046010040200B6970B505000C003D
:10559000002B02D10025280070BD002804D0036A2A
:1055A000002B01D1FFF772F90C22A35E002BF1D082
:1055B000626ED20704D49B0502D4A06DFFF797FB5F
:1055C00028002100FFF75AFF636E0500DB07E2D4D5
:1055D000A3899B05DFD4A06DFFF78AFBDBE7000002
:1055E00070B50E001D000E23C95E140096B0002990
:1055F0000CDAB2898023110019401A4214D1802399
:10560000DB0000202960236016B070BD6A4600F000
:1056100053F80028EDDBF02301991B021940044BDD
:10562000C9184B425941EAE700214023E9E7C04647
:1056300000E0FFFFF0B502268B8905000C0085B065
:10564000334207D023004733236023610123636182
:1056500005B0F0BD03AB02AAFFF7C2FF029F0190A5
:1056600039002800FFF7BAFB002808D10C22A35EFE
:105670009A05EDD4032293431E43A681E2E78023DB
:10568000A28920601343A381039B20616761002BE3
:105690000CD028000E23E15E00F020F8002805D091
:1056A0000323A2899A43023B1343A381A389019A4E
:1056B0001343A381CCE70000002370B5064D04001E
:1056C000080011002B60FAF7D7FF431C03D12B68A9
:1056D000002B00D0236070BDE4B70020002370B51C
:1056E000064D040008002B60FAF7CBFF431C03D1E2
:1056F0002B68002B00D0236070BDC046E4B70020AB
:10570000002370B5064D040008002B60FAF7BEFFB9
:10571000431C03D12B68002B00D0236070BDC04612
:10572000E4B70020C9B28218904201D1002070472E
:1057300003788B42FBD00130F6E70000F8B5C04695
:10574000F8BC08BC9E467047F8B5C046F8BC08BC1B
:105750009E4670470000000001B40248844601BC28
:10576000604700BF69000020626F6F74696E672E2A
:105770002E2E0D006F74615F6D6F64756C655F69CF
:105780006E6974206661696C65643A2025640D0A4F
:1057900000626F6F745F70726570726F63657373B0
:1057A000206572722025640D0A00596D6F64656D65
:1057B00020776169740D00486172644661756C748C
:1057C0000D005B594D5D2072657365743A20257339
:1057D0000D0A0063616E004F5441204F4B2C206234
:1057E0006F6F74206170702E2E2E0D006F7461200B
:1057F00066696E697368206572722025640D0A00FF
:10580000656F740063726300736571006F7461206B
:1058100077720073747265616D206F7666006368DD
:10582000756E6B206F766600796D6F64656D2069AB
:10583000646C652C2072657365740D007278206944
:10584000646C65005B4F54415D5B455D2072656330
:105850006F72645F6C6F61643A20666C617368207C
:1058600072656164206661696C65640D005B4F540C
:10587000415D5B455D20666C6173685F6572617355
:10588000655F736C6F743A20657261736520666141
:10589000696C656420747970653D256C7520616460
:1058A00064723D256C752073697A653D256C750DB4
:1058B0000A005B4F54415D5B455D207265636F720A
:1058C000645F73746F72653A20666C6173682065FB
:1058D00072617365206661696C65640D005B4F548D
:1058E000415D5B455D207265636F72645F73746FC9
:1058F00072653A20666C61736820777269746520FE
:105900006661696C65640D005B4F54415D5B455D8C
:10591000206F74615F6D6F64756C655F696E69742B
:105920003A206D697373696E6720636F6E6669678D
:105930002066756E6374696F6E20706F696E746532
:1059400072730D005B4F54415D5B455D206F746168
:105950005F6D6F64756C655F626F6F745F707265A9
:1059600070726F636573733A206E6F20626F6F742D
:105970002063616E6469646174650D005B4F54411E
:105980005D5B455D206F74615F646F776E6C6F6106
:10599000645F73746172743A207061636B616765F0
:1059A000206D6167696320696E76616C69640D00C2
:1059B0005B4F54415D5B455D206F74615F646F7741
:1059C0006E6C6F61645F73746172743A20686561B4
:1059D0006465722063726320696E76616C69640D20
:1059E000005B4F54415D5B455D206F74615F646F88
:1059F000776E6C6F61645F73746172743A2061706A
:105A0000705F6F6666736574206F7574206F6620B3
:105A100072616E67650D005B4F54415D5B455D20B3
:105A20006F74615F646F776E6C6F61645F737461D4
:105A300072743A206170705F6F66667365742B6173
:105A400070705F73697A652065786365656473203B
:105A5000736C6F740D005B4F54415D5B455D206F4F
:105A600074615F646F776E6C6F61645F7374617291
:105A7000743A206170705F73697A6520746F6F206B
:105A80006C617267650D005B4F54415D5B455D2045
:105A90006F74615F646F776E6C6F61645F73746164
:105AA00072743A20666C6173682065726173652058
:105AB0006661696C65640D005B4F54415D5B455DDB
:105AC000206F74615F646F776E6C6F61645F737475
:105AD0006172743A207265636F72645F73746F727F
:105AE00065206661696C65640D005B4F54415D5BC8
:105AF000455D206F74615F646F776E6C6F61643AAF
:105B0000207265636F72645F6C6F616420666169A7
:105B10006C65642072633D25640D0A005B4F54413F
:105B20005D5B455D206F74615F646F776E6C6F6164
:105B3000643A20746172676574207374617475735C
:105B4000206D69736D617463683D25640D0A005BA7
:105B50004F54415D5B455D206F74615F646F776E8C
:105B60006C6F61643A206F6666736574206D69734B
:105B70006D61746368206578703D256C7520676F72
:105B8000743D256C750D0A005B4F54415D5B455DAE
:105B9000206F74615F646F776E6C6F61643A20731D
:105BA000697A65206D69736D61746368206F6666DC
:105BB0007365743D256C752073697A653D256C7538
:105BC00020746F74616C3D256C750D0A005B4F5439
:105BD000415D5B455D206F74615F646F776E6C6FD4
:105BE00061643A206473742061646472206F757418
:105BF000206F6620736C6F742072616E67650D0094
:105C00005B4F54415D5B455D206F74615F646F77EE
:105C10006E6C6F61643A20666C617368207772699C
:105C20007465206661696C65640D005B4F54415D6D
:105C30005B455D206F74615F646F776E6C6F61644C
:105C40005F66696E6973683A207461726765742073
:105C5000737461747573206D69736D617463683DED
:105C600025640D0A005B4F54415D5B455D206F74F8
:105C7000615F646F776E6C6F61645F66696E697394
:105C8000683A2073697A65206D69736D6174636821
:105C900020646F776E6C6F616465643D256C752060
:105CA00065787065637465643D256C750D0A005BED
:105CB0004F54415D5B455D206F74615F646F776E2B
:105CC0006C6F61645F66696E6973683A20637263C2
:105CD000206D69736D6174636820666C6173683DE3
:105CE000256C752065787065637465643D256C75F9
:105CF0000D0A005B4F54415D5B455D206F74615F31
:105D0000646F776E6C6F61645F61626F72743A206A
:105D10006E6F20646F776E6C6F6164696E6720735D
:105D20006C6F7420666F756E640D005B4F54415D3F
:105D30005B455D206F74615F646F776E6C6F61644B
:105D40005F61626F72743A207461726765745F6933
:105D500064783D256C750D0A00666C61736820706F
:105D6000726F6772616D20696E76616C6964203054
:105D70002D3E31206174202530386C780D0A006684
:105D80006C6173682070726F6772616D2066616903
:105D90006C6564206174202530386C780D0A00230E
:105DA0002D302B2000686C4C006566674546470027
:105DB0003031323334353637383941424344454641
:105DC00000303132333435363738396162636465D7
:105DD000660000000000000000000000000000005D
:105DE00000000000010000000200000003000000AD
:105DF000040000000000000000000000000000009F
:105E00000000000000000000000000000000000092
:105E1000000000000100000002000000030000007C
:105E20000400000006000000070000000800000059
:105E300009000000010002000400060008000A003A
:105E40000C00100020004000800000010804020443
:105E50000801010101010103070100004F544154F1
:105E6000030000000000000001080000070000001F
:105E700000000000000000000000000000E000083A
:105E80000000000800000000000000000000080002
:105E900000000000000000000008000000000000FA
:105EA00000000000C9420008E5450008F143000871
:105EB000BD43000871430008E1000008B900000874
:105EC0000024F400010000000400000000000000B5
:105ED00003000000A8B600201C0000200000000005
:105EE000A8B6002010B7002078B7002000000000FE
:105EF00000000000000000000000000000000000A2
:105F00000000000000000000000000000000000091
:105F10000000000000000000000000000000000081
:105F2000000000000000000080220C4B30B55C69CE
:105F3000D20222435A61EFF3108272B64C1CFF3436
:105F4000401A0D6845500431A142FAD1C02189029E
:105F500018690842FCD182F3108830BD002002404D
:10E00000FFFFFFFFFFFFFFFFFFFFFFFFFFFFFFFF20
:10E01000FFFFFFFFFFFFFFFFFFFFFFFFFFFFFFFF10
:10E02000FFFFFFFFFFFFFFFFFFFFFFFFFFFFFFFF00
:10E03000FFFFFFFFFFFFFFFFFFFFFFFFFFFFFFFFF0
:10E04000FFFFFFFFFFFFFFFFFFFFFFFFFFFFFFFFE0
:10E05000FFFFFFFFFFFFFFFFFFFFFFFFFFFFFFFFD0
:10E06000FFFFFFFFFFFFFFFFFFFFFFFFFFFFFFFFC0
:10E07000FFFFFFFFFFFFFFFFFFFFFFFFFFFFFFFFB0
:10E08000FFFFFFFFFFFFFFFFFFFFFFFFFFFFFFFFA0
:10E09000FFFFFFFFFFFFFFFFFFFFFFFFFFFFFFFF90
:10E0A000FFFFFFFFFFFFFFFFFFFFFFFFFFFFFFFF80
:10E0B000FFFFFFFFFFFFFFFFFFFFFFFFFFFFFFFF70
:10E0C000FFFFFFFFFFFFFFFFFFFFFFFFFFFFFFFF60
:10E0D000FFFFFFFFFFFFFFFFFFFFFFFFFFFFFFFF50
:10E0E000FFFFFFFFFFFFFFFFFFFFFFFFFFFFFFFF40
:10E0F000FFFFFFFFFFFFFFFFFFFFFFFFFFFFFFFF30
:10E10000FFFFFFFFFFFFFFFFFFFFFFFFFFFFFFFF1F
:10E11000FFFFFFFFFFFFFFFFFFFFFFFFFFFFFFFF0F
:10E12000FFFFFFFFFFFFFFFFFFFFFFFFFFFFFFFFFF
:10E13000FFFFFFFFFFFFFFFFFFFFFFFFFFFFFFFFEF
:10E14000FFFFFFFFFFFFFFFFFFFFFFFFFFFFFFFFDF
:10E15000FFFFFFFFFFFFFFFFFFFFFFFFFFFFFFFFCF
:10E16000FFFFFFFFFFFFFFFFFFFFFFFFFFFFFFFFBF
:10E17000FFFFFFFFFFFFFFFFFFFFFFFFFFFFFFFFAF
:10E18000FFFFFFFFFFFFFFFFFFFFFFFFFFFFFFFF9F
:10E19000FFFFFFFFFFFFFFFFFFFFFFFFFFFFFFFF8F
:10E1A000FFFFFFFFFFFFFFFFFFFFFFFFFFFFFFFF7F
:10E1B000FFFFFFFFFFFFFFFFFFFFFFFFFFFFFFFF6F
:10E1C000FFFFFFFFFFFFFFFFFFFFFFFFFFFFFFFF5F
:10E1D000FFFFFFFFFFFFFFFFFFFFFFFFFFFFFFFF4F
:10E1E000FFFFFFFFFFFFFFFFFFFFFFFFFFFFFFFF3F
:10E1F000FFFFFFFFFFFFFFFFFFFFFFFFFFFFFFFF2F
:10E20000FFFFFFFFFFFFFFFFFFFFFFFFFFFFFFFF1E
:10E21000FFFFFFFFFFFFFFFFFFFFFFFFFFFFFFFF0E
:10E22000FFFFFFFFFFFFFFFFFFFFFFFFFFFFFFFFFE
:10E23000FFFFFFFFFFFFFFFFFFFFFFFFFFFFFFFFEE
:10E24000FFFFFFFFFFFFFFFFFFFFFFFFFFFFFFFFDE
:10E25000FFFFFFFFFFFFFFFFFFFFFFFFFFFFFFFFCE
:10E26000FFFFFFFFFFFFFFFFFFFFFFFFFFFFFFFFBE
:10E27000FFFFFFFFFFFFFFFFFFFFFFFFFFFFFFFFAE
:10E28000FFFFFFFFFFFFFFFFFFFFFFFFFFFFFFFF9E
:10E29000FFFFFFFFFFFFFFFFFFFFFFFFFFFFFFFF8E
:10E2A000FFFFFFFFFFFFFFFFFFFFFFFFFFFFFFFF7E
:10E2B000FFFFFFFFFFFFFFFFFFFFFFFFFFFFFFFF6E
:10E2C000FFFFFFFFFFFFFFFFFFFFFFFFFFFFFFFF5E
:10E2D000FFFFFFFFFFFFFFFFFFFFFFFFFFFFFFFF4E
:10E2E000FFFFFFFFFFFFFFFFFFFFFFFFFFFFFFFF3E
:10E2F000FFFFFFFFFFFFFFFFFFFFFFFFFFFFFFFF2E
:10E30000FFFFFFFFFFFFFFFFFFFFFFFFFFFFFFFF1D
:10E31000FFFFFFFFFFFFFFFFFFFFFFFFFFFFFFFF0D
:10E32000FFFFFFFFFFFFFFFFFFFFFFFFFFFFFFFFFD
:10E33000FFFFFFFFFFFFFFFFFFFFFFFFFFFFFFFFED
:10E34000FFFFFFFFFFFFFFFFFFFFFFFFFFFFFFFFDD
:10E35000FFFFFFFFFFFFFFFFFFFFFFFFFFFFFFFFCD
:10E36000FFFFFFFFFFFFFFFFFFFFFFFFFFFFFFFFBD
:10E37000FFFFFFFFFFFFFFFFFFFFFFFFFFFFFFFFAD
:10E38000FFFFFFFFFFFFFFFFFFFFFFFFFFFFFFFF9D
:10E39000FFFFFFFFFFFFFFFFFFFFFFFFFFFFFFFF8D
:10E3A000FFFFFFFFFFFFFFFFFFFFFFFFFFFFFFFF7D
:10E3B000FFFFFFFFFFFFFFFFFFFFFFFFFFFFFFFF6D
:10E3C000FFFFFFFFFFFFFFFFFFFFFFFFFFFFFFFF5D
:10E3D000FFFFFFFFFFFFFFFFFFFFFFFFFFFFFFFF4D
:10E3E000FFFFFFFFFFFFFFFFFFFFFFFFFFFFFFFF3D
:10E3F000FFFFFFFFFFFFFFFFFFFFFFFFFFFFFFFF2D
:10E40000FFFFFFFFFFFFFFFFFFFFFFFFFFFFFFFF1C
:10E41000FFFFFFFFFFFFFFFFFFFFFFFFFFFFFFFF0C
:10E42000FFFFFFFFFFFFFFFFFFFFFFFFFFFFFFFFFC
:10E43000FFFFFFFFFFFFFFFFFFFFFFFFFFFFFFFFEC
:10E44000FFFFFFFFFFFFFFFFFFFFFFFFFFFFFFFFDC
:10E45000FFFFFFFFFFFFFFFFFFFFFFFFFFFFFFFFCC
:10E46000FFFFFFFFFFFFFFFFFFFFFFFFFFFFFFFFBC
:10E47000FFFFFFFFFFFFFFFFFFFFFFFFFFFFFFFFAC
:10E48000FFFFFFFFFFFFFFFFFFFFFFFFFFFFFFFF9C
:10E49000FFFFFFFFFFFFFFFFFFFFFFFFFFFFFFFF8C
:10E4A000FFFFFFFFFFFFFFFFFFFFFFFFFFFFFFFF7C
:10E4B000FFFFFFFFFFFFFFFFFFFFFFFFFFFFFFFF6C
:10E4C000FFFFFFFFFFFFFFFFFFFFFFFFFFFFFFFF5C
:10E4D000FFFFFFFFFFFFFFFFFFFFFFFFFFFFFFFF4C
:10E4E000FFFFFFFFFFFFFFFFFFFFFFFFFFFFFFFF3C
:10E4F000FFFFFFFFFFFFFFFFFFFFFFFFFFFFFFFF2C
:10E50000FFFFFFFFFFFFFFFFFFFFFFFFFFFFFFFF1B
:10E51000FFFFFFFFFFFFFFFFFFFFFFFFFFFFFFFF0B
:10E52000FFFFFFFFFFFFFFFFFFFFFFFFFFFFFFFFFB
:10E53000FFFFFFFFFFFFFFFFFFFFFFFFFFFFFFFFEB
:10E54000FFFFFFFFFFFFFFFFFFFFFFFFFFFFFFFFDB
:10E55000FFFFFFFFFFFFFFFFFFFFFFFFFFFFFFFFCB
:10E56000FFFFFFFFFFFFFFFFFFFFFFFFFFFFFFFFBB
:10E57000FFFFFFFFFFFFFFFFFFFFFFFFFFFFFFFFAB
:10E58000FFFFFFFFFFFFFFFFFFFFFFFFFFFFFFFF9B
:10E59000FFFFFFFFFFFFFFFFFFFFFFFFFFFFFFFF8B
:10E5A000FFFFFFFFFFFFFFFFFFFFFFFFFFFFFFFF7B
:10E5B000FFFFFFFFFFFFFFFFFFFFFFFFFFFFFFFF6B
:10E5C000FFFFFFFFFFFFFFFFFFFFFFFFFFFFFFFF5B
:10E5D000FFFFFFFFFFFFFFFFFFFFFFFFFFFFFFFF4B
:10E5E000FFFFFFFFFFFFFFFFFFFFFFFFFFFFFFFF3B
:10E5F000FFFFFFFFFFFFFFFFFFFFFFFFFFFFFFFF2B
:10E60000FFFFFFFFFFFFFFFFFFFFFFFFFFFFFFFF1A
:10E61000FFFFFFFFFFFFFFFFFFFFFFFFFFFFFFFF0A
:10E62000FFFFFFFFFFFFFFFFFFFFFFFFFFFFFFFFFA
:10E63000FFFFFFFFFFFFFFFFFFFFFFFFFFFFFFFFEA
:10E64000FFFFFFFFFFFFFFFFFFFFFFFFFFFFFFFFDA
:10E65000FFFFFFFFFFFFFFFFFFFFFFFFFFFFFFFFCA
:10E66000FFFFFFFFFFFFFFFFFFFFFFFFFFFFFFFFBA
:10E67000FFFFFFFFFFFFFFFFFFFFFFFFFFFFFFFFAA
:10E68000FFFFFFFFFFFFFFFFFFFFFFFFFFFFFFFF9A
:10E69000FFFFFFFFFFFFFFFFFFFFFFFFFFFFFFFF8A
:10E6A000FFFFFFFFFFFFFFFFFFFFFFFFFFFFFFFF7A
:10E6B000FFFFFFFFFFFFFFFFFFFFFFFFFFFFFFFF6A
:10E6C000FFFFFFFFFFFFFFFFFFFFFFFFFFFFFFFF5A
:10E6D000FFFFFFFFFFFFFFFFFFFFFFFFFFFFFFFF4A
:10E6E000FFFFFFFFFFFFFFFFFFFFFFFFFFFFFFFF3A
:10E6F000FFFFFFFFFFFFFFFFFFFFFFFFFFFFFFFF2A
:10E70000FFFFFFFFFFFFFFFFFFFFFFFFFFFFFFFF19
:10E71000FFFFFFFFFFFFFFFFFFFFFFFFFFFFFFFF09
:10E72000FFFFFFFFFFFFFFFFFFFFFFFFFFFFFFFFF9
:10E73000FFFFFFFFFFFFFFFFFFFFFFFFFFFFFFFFE9
:10E74000FFFFFFFFFFFFFFFFFFFFFFFFFFFFFFFFD9
:10E75000FFFFFFFFFFFFFFFFFFFFFFFFFFFFFFFFC9
:10E76000FFFFFFFFFFFFFFFFFFFFFFFFFFFFFFFFB9
:10E77000FFFFFFFFFFFFFFFFFFFFFFFFFFFFFFFFA9
:10E78000FFFFFFFFFFFFFFFFFFFFFFFFFFFFFFFF99
:10E79000FFFFFFFFFFFFFFFFFFFFFFFFFFFFFFFF89
:10E7A000FFFFFFFFFFFFFFFFFFFFFFFFFFFFFFFF79
:10E7B000FFFFFFFFFFFFFFFFFFFFFFFFFFFFFFFF69
:10E7C000FFFFFFFFFFFFFFFFFFFFFFFFFFFFFFFF59
:10E7D000FFFFFFFFFFFFFFFFFFFFFFFFFFFFFFFF49
:10E7E000FFFFFFFFFFFFFFFFFFFFFFFFFFFFFFFF39
:10E7F000FFFFFFFFFFFFFFFFFFFFFFFFFFFFFFFF29
:10E80000FFFFFFFFFFFFFFFFFFFFFFFFFFFFFFFF18
:10E81000FFFFFFFFFFFFFFFFFFFFFFFFFFFFFFFF08
:10E82000FFFFFFFFFFFFFFFFFFFFFFFFFFFFFFFFF8
:10E83000FFFFFFFFFFFFFFFFFFFFFFFFFFFFFFFFE8
:10E84000FFFFFFFFFFFFFFFFFFFFFFFFFFFFFFFFD8
:10E85000FFFFFFFFFFFFFFFFFFFFFFFFFFFFFFFFC8
:10E86000FFFFFFFFFFFFFFFFFFFFFFFFFFFFFFFFB8
:10E87000FFFFFFFFFFFFFFFFFFFFFFFFFFFFFFFFA8
:10E88000FFFFFFFFFFFFFFFFFFFFFFFFFFFFFFFF98
:10E89000FFFFFFFFFFFFFFFFFFFFFFFFFFFFFFFF88
:10E8A000FFFFFFFFFFFFFFFFFFFFFFFFFFFFFFFF78
:10E8B000FFFFFFFFFFFFFFFFFFFFFFFFFFFFFFFF68
:10E8C000FFFFFFFFFFFFFFFFFFFFFFFFFFFFFFFF58
:10E8D000FFFFFFFFFFFFFFFFFFFFFFFFFFFFFFFF48
:10E8E000FFFFFFFFFFFFFFFFFFFFFFFFFFFFFFFF38
:10E8F000FFFFFFFFFFFFFFFFFFFFFFFFFFFFFFFF28
:10E90000FFFFFFFFFFFFFFFFFFFFFFFFFFFFFFFF17
:10E91000FFFFFFFFFFFFFFFFFFFFFFFFFFFFFFFF07
:10E92000FFFFFFFFFFFFFFFFFFFFFFFFFFFFFFFFF7
:10E93000FFFFFFFFFFFFFFFFFFFFFFFFFFFFFFFFE7
:10E94000FFFFFFFFFFFFFFFFFFFFFFFFFFFFFFFFD7
:10E95000FFFFFFFFFFFFFFFFFFFFFFFFFFFFFFFFC7
:10E96000FFFFFFFFFFFFFFFFFFFFFFFFFFFFFFFFB7
:10E97000FFFFFFFFFFFFFFFFFFFFFFFFFFFFFFFFA7
:10E98000FFFFFFFFFFFFFFFFFFFFFFFFFFFFFFFF97
:10E99000FFFFFFFFFFFFFFFFFFFFFFFFFFFFFFFF87
:10E9A000FFFFFFFFFFFFFFFFFFFFFFFFFFFFFFFF77
:10E9B000FFFFFFFFFFFFFFFFFFFFFFFFFFFFFFFF67
:10E9C000FFFFFFFFFFFFFFFFFFFFFFFFFFFFFFFF57
:10E9D000FFFFFFFFFFFFFFFFFFFFFFFFFFFFFFFF47
:10E9E000FFFFFFFFFFFFFFFFFFFFFFFFFFFFFFFF37
:10E9F000FFFFFFFFFFFFFFFFFFFFFFFFFFFFFFFF27
:10EA0000FFFFFFFFFFFFFFFFFFFFFFFFFFFFFFFF16
:10EA1000FFFFFFFFFFFFFFFFFFFFFFFFFFFFFFFF06
:10EA2000FFFFFFFFFFFFFFFFFFFFFFFFFFFFFFFFF6
:10EA3000FFFFFFFFFFFFFFFFFFFFFFFFFFFFFFFFE6
:10EA4000FFFFFFFFFFFFFFFFFFFFFFFFFFFFFFFFD6
:10EA5000FFFFFFFFFFFFFFFFFFFFFFFFFFFFFFFFC6
:10EA6000FFFFFFFFFFFFFFFFFFFFFFFFFFFFFFFFB6
:10EA7000FFFFFFFFFFFFFFFFFFFFFFFFFFFFFFFFA6
:10EA8000FFFFFFFFFFFFFFFFFFFFFFFFFFFFFFFF96
:10EA9000FFFFFFFFFFFFFFFFFFFFFFFFFFFFFFFF86
:10EAA000FFFFFFFFFFFFFFFFFFFFFFFFFFFFFFFF76
:10EAB000FFFFFFFFFFFFFFFFFFFFFFFFFFFFFFFF66
:10EAC000FFFFFFFFFFFFFFFFFFFFFFFFFFFFFFFF56
:10EAD000FFFFFFFFFFFFFFFFFFFFFFFFFFFFFFFF46
:10EAE000FFFFFFFFFFFFFFFFFFFFFFFFFFFFFFFF36
:10EAF000FFFFFFFFFFFFFFFFFFFFFFFFFFFFFFFF26
:10EB0000FFFFFFFFFFFFFFFFFFFFFFFFFFFFFFFF15
:10EB1000FFFFFFFFFFFFFFFFFFFFFFFFFFFFFFFF05
:10EB2000FFFFFFFFFFFFFFFFFFFFFFFFFFFFFFFFF5
:10EB3000FFFFFFFFFFFFFFFFFFFFFFFFFFFFFFFFE5
:10EB4000FFFFFFFFFFFFFFFFFFFFFFFFFFFFFFFFD5
:10EB5000FFFFFFFFFFFFFFFFFFFFFFFFFFFFFFFFC5
:10EB6000FFFFFFFFFFFFFFFFFFFFFFFFFFFFFFFFB5
:10EB7000FFFFFFFFFFFFFFFFFFFFFFFFFFFFFFFFA5
:10EB8000FFFFFFFFFFFFFFFFFFFFFFFFFFFFFFFF95
:10EB9000FFFFFFFFFFFFFFFFFFFFFFFFFFFFFFFF85
:10EBA000FFFFFFFFFFFFFFFFFFFFFFFFFFFFFFFF75
:10EBB000FFFFFFFFFFFFFFFFFFFFFFFFFFFFFFFF65
:10EBC000FFFFFFFFFFFFFFFFFFFFFFFFFFFFFFFF55
:10EBD000FFFFFFFFFFFFFFFFFFFFFFFFFFFFFFFF45
:10EBE000FFFFFFFFFFFFFFFFFFFFFFFFFFFFFFFF35
:10EBF000FFFFFFFFFFFFFFFFFFFFFFFFFFFFFFFF25
:10EC0000FFFFFFFFFFFFFFFFFFFFFFFFFFFFFFFF14
:10EC1000FFFFFFFFFFFFFFFFFFFFFFFFFFFFFFFF04
:10EC2000FFFFFFFFFFFFFFFFFFFFFFFFFFFFFFFFF4
:10EC3000FFFFFFFFFFFFFFFFFFFFFFFFFFFFFFFFE4
:10EC4000FFFFFFFFFFFFFFFFFFFFFFFFFFFFFFFFD4
:10EC5000FFFFFFFFFFFFFFFFFFFFFFFFFFFFFFFFC4
:10EC6000FFFFFFFFFFFFFFFFFFFFFFFFFFFFFFFFB4
:10EC7000FFFFFFFFFFFFFFFFFFFFFFFFFFFFFFFFA4
:10EC8000FFFFFFFFFFFFFFFFFFFFFFFFFFFFFFFF94
:10EC9000FFFFFFFFFFFFFFFFFFFFFFFFFFFFFFFF84
:10ECA000FFFFFFFFFFFFFFFFFFFFFFFFFFFFFFFF74
:10ECB000FFFFFFFFFFFFFFFFFFFFFFFFFFFFFFFF64
:10ECC000FFFFFFFFFFFFFFFFFFFFFFFFFFFFFFFF54
:10ECD000FFFFFFFFFFFFFFFFFFFFFFFFFFFFFFFF44
:10ECE000FFFFFFFFFFFFFFFFFFFFFFFFFFFFFFFF34
:10ECF000FFFFFFFFFFFFFFFFFFFFFFFFFFFFFFFF24
:10ED0000FFFFFFFFFFFFFFFFFFFFFFFFFFFFFFFF13
:10ED1000FFFFFFFFFFFFFFFFFFFFFFFFFFFFFFFF03
:10ED2000FFFFFFFFFFFFFFFFFFFFFFFFFFFFFFFFF3
:10ED3000FFFFFFFFFFFFFFFFFFFFFFFFFFFFFFFFE3
:10ED4000FFFFFFFFFFFFFFFFFFFFFFFFFFFFFFFFD3
:10ED5000FFFFFFFFFFFFFFFFFFFFFFFFFFFFFFFFC3
:10ED6000FFFFFFFFFFFFFFFFFFFFFFFFFFFFFFFFB3
:10ED7000FFFFFFFFFFFFFFFFFFFFFFFFFFFFFFFFA3
:10ED8000FFFFFFFFFFFFFFFFFFFFFFFFFFFFFFFF93
:10ED9000FFFFFFFFFFFFFFFFFFFFFFFFFFFFFFFF83
:10EDA000FFFFFFFFFFFFFFFFFFFFFFFFFFFFFFFF73
:10EDB000FFFFFFFFFFFFFFFFFFFFFFFFFFFFFFFF63
:10EDC000FFFFFFFFFFFFFFFFFFFFFFFFFFFFFFFF53
:10EDD000FFFFFFFFFFFFFFFFFFFFFFFFFFFFFFFF43
:10EDE000FFFFFFFFFFFFFFFFFFFFFFFFFFFFFFFF33
:10EDF000FFFFFFFFFFFFFFFFFFFFFFFFFFFFFFFF23
:10EE0000FFFFFFFFFFFFFFFFFFFFFFFFFFFFFFFF12
:10EE1000FFFFFFFFFFFFFFFFFFFFFFFFFFFFFFFF02
:10EE2000FFFFFFFFFFFFFFFFFFFFFFFFFFFFFFFFF2
:10EE3000FFFFFFFFFFFFFFFFFFFFFFFFFFFFFFFFE2
:10EE4000FFFFFFFFFFFFFFFFFFFFFFFFFFFFFFFFD2
:10EE5000FFFFFFFFFFFFFFFFFFFFFFFFFFFFFFFFC2
:10EE6000FFFFFFFFFFFFFFFFFFFFFFFFFFFFFFFFB2
:10EE7000FFFFFFFFFFFFFFFFFFFFFFFFFFFFFFFFA2
:10EE8000FFFFFFFFFFFFFFFFFFFFFFFFFFFFFFFF92
:10EE9000FFFFFFFFFFFFFFFFFFFFFFFFFFFFFFFF82
:10EEA000FFFFFFFFFFFFFFFFFFFFFFFFFFFFFFFF72
:10EEB000FFFFFFFFFFFFFFFFFFFFFFFFFFFFFFFF62
:10EEC000FFFFFFFFFFFFFFFFFFFFFFFFFFFFFFFF52
:10EED000FFFFFFFFFFFFFFFFFFFFFFFFFFFFFFFF42
:10EEE000FFFFFFFFFFFFFFFFFFFFFFFFFFFFFFFF32
:10EEF000FFFFFFFFFFFFFFFFFFFFFFFFFFFFFFFF22
:10EF0000FFFFFFFFFFFFFFFFFFFFFFFFFFFFFFFF11
:10EF1000FFFFFFFFFFFFFFFFFFFFFFFFFFFFFFFF01
:10EF2000FFFFFFFFFFFFFFFFFFFFFFFFFFFFFFFFF1
:10EF3000FFFFFFFFFFFFFFFFFFFFFFFFFFFFFFFFE1
:10EF4000FFFFFFFFFFFFFFFFFFFFFFFFFFFFFFFFD1
:10EF5000FFFFFFFFFFFFFFFFFFFFFFFFFFFFFFFFC1
:10EF6000FFFFFFFFFFFFFFFFFFFFFFFFFFFFFFFFB1
:10EF7000FFFFFFFFFFFFFFFFFFFFFFFFFFFFFFFFA1
:10EF8000FFFFFFFFFFFFFFFFFFFFFFFFFFFFFFFF91
:10EF9000FFFFFFFFFFFFFFFFFFFFFFFFFFFFFFFF81
:10EFA000FFFFFFFFFFFFFFFFFFFFFFFFFFFFFFFF71
:10EFB000FFFFFFFFFFFFFFFFFFFFFFFFFFFFFFFF61
:10EFC000FFFFFFFFFFFFFFFFFFFFFFFFFFFFFFFF51
:10EFD000FFFFFFFFFFFFFFFFFFFFFFFFFFFFFFFF41
:10EFE000FFFFFFFFFFFFFFFFFFFFFFFFFFFFFFFF31
:10EFF000FFFFFFFFFFFFFFFFFFFFFFFFFFFFFFFF21
:10F00000FFFFFFFFFFFFFFFFFFFFFFFFFFFFFFFF10
:10F01000FFFFFFFFFFFFFFFFFFFFFFFFFFFFFFFF00
:10F02000FFFFFFFFFFFFFFFFFFFFFFFFFFFFFFFFF0
:10F03000FFFFFFFFFFFFFFFFFFFFFFFFFFFFFFFFE0
:10F04000FFFFFFFFFFFFFFFFFFFFFFFFFFFFFFFFD0
:10F05000FFFFFFFFFFFFFFFFFFFFFFFFFFFFFFFFC0
:10F06000FFFFFFFFFFFFFFFFFFFFFFFFFFFFFFFFB0
:10F07000FFFFFFFFFFFFFFFFFFFFFFFFFFFFFFFFA0
:10F08000FFFFFFFFFFFFFFFFFFFFFFFFFFFFFFFF90
:10F09000FFFFFFFFFFFFFFFFFFFFFFFFFFFFFFFF80
:10F0A000FFFFFFFFFFFFFFFFFFFFFFFFFFFFFFFF70
:10F0B000FFFFFFFFFFFFFFFFFFFFFFFFFFFFFFFF60
:10F0C000FFFFFFFFFFFFFFFFFFFFFFFFFFFFFFFF50
:10F0D000FFFFFFFFFFFFFFFFFFFFFFFFFFFFFFFF40
:10F0E000FFFFFFFFFFFFFFFFFFFFFFFFFFFFFFFF30
:10F0F000FFFFFFFFFFFFFFFFFFFFFFFFFFFFFFFF20
:10F10000FFFFFFFFFFFFFFFFFFFFFFFFFFFFFFFF0F
:10F11000FFFFFFFFFFFFFFFFFFFFFFFFFFFFFFFFFF
:10F12000FFFFFFFFFFFFFFFFFFFFFFFFFFFFFFFFEF
:10F13000FFFFFFFFFFFFFFFFFFFFFFFFFFFFFFFFDF
:10F14000FFFFFFFFFFFFFFFFFFFFFFFFFFFFFFFFCF
:10F15000FFFFFFFFFFFFFFFFFFFFFFFFFFFFFFFFBF
:10F16000FFFFFFFFFFFFFFFFFFFFFFFFFFFFFFFFAF
:10F17000FFFFFFFFFFFFFFFFFFFFFFFFFFFFFFFF9F
:10F18000FFFFFFFFFFFFFFFFFFFFFFFFFFFFFFFF8F
:10F19000FFFFFFFFFFFFFFFFFFFFFFFFFFFFFFFF7F
:10F1A000FFFFFFFFFFFFFFFFFFFFFFFFFFFFFFFF6F
:10F1B000FFFFFFFFFFFFFFFFFFFFFFFFFFFFFFFF5F
:10F1C000FFFFFFFFFFFFFFFFFFFFFFFFFFFFFFFF4F
:10F1D000FFFFFFFFFFFFFFFFFFFFFFFFFFFFFFFF3F
:10F1E000FFFFFFFFFFFFFFFFFFFFFFFFFFFFFFFF2F
:10F1F000FFFFFFFFFFFFFFFFFFFFFFFFFFFFFFFF1F
:10F20000FFFFFFFFFFFFFFFFFFFFFFFFFFFFFFFF0E
:10F21000FFFFFFFFFFFFFFFFFFFFFFFFFFFFFFFFFE
:10F22000FFFFFFFFFFFFFFFFFFFFFFFFFFFFFFFFEE
:10F23000FFFFFFFFFFFFFFFFFFFFFFFFFFFFFFFFDE
:10F24000FFFFFFFFFFFFFFFFFFFFFFFFFFFFFFFFCE
:10F25000FFFFFFFFFFFFFFFFFFFFFFFFFFFFFFFFBE
:10F26000FFFFFFFFFFFFFFFFFFFFFFFFFFFFFFFFAE
:10F27000FFFFFFFFFFFFFFFFFFFFFFFFFFFFFFFF9E
:10F28000FFFFFFFFFFFFFFFFFFFFFFFFFFFFFFFF8E
:10F29000FFFFFFFFFFFFFFFFFFFFFFFFFFFFFFFF7E
:10F2A000FFFFFFFFFFFFFFFFFFFFFFFFFFFFFFFF6E
:10F2B000FFFFFFFFFFFFFFFFFFFFFFFFFFFFFFFF5E
:10F2C000FFFFFFFFFFFFFFFFFFFFFFFFFFFFFFFF4E
:10F2D000FFFFFFFFFFFFFFFFFFFFFFFFFFFFFFFF3E
:10F2E000FFFFFFFFFFFFFFFFFFFFFFFFFFFFFFFF2E
:10F2F000FFFFFFFFFFFFFFFFFFFFFFFFFFFFFFFF1E
:10F30000FFFFFFFFFFFFFFFFFFFFFFFFFFFFFFFF0D
:10F31000FFFFFFFFFFFFFFFFFFFFFFFFFFFFFFFFFD
:10F32000FFFFFFFFFFFFFFFFFFFFFFFFFFFFFFFFED
:10F33000FFFFFFFFFFFFFFFFFFFFFFFFFFFFFFFFDD
:10F34000FFFFFFFFFFFFFFFFFFFFFFFFFFFFFFFFCD
:10F35000FFFFFFFFFFFFFFFFFFFFFFFFFFFFFFFFBD
:10F36000FFFFFFFFFFFFFFFFFFFFFFFFFFFFFFFFAD
:10F37000FFFFFFFFFFFFFFFFFFFFFFFFFFFFFFFF9D
:10F38000FFFFFFFFFFFFFFFFFFFFFFFFFFFFFFFF8D
:10F39000FFFFFFFFFFFFFFFFFFFFFFFFFFFFFFFF7D
:10F3A000FFFFFFFFFFFFFFFFFFFFFFFFFFFFFFFF6D
:10F3B000FFFFFFFFFFFFFFFFFFFFFFFFFFFFFFFF5D
:10F3C000FFFFFFFFFFFFFFFFFFFFFFFFFFFFFFFF4D
:10F3D000FFFFFFFFFFFFFFFFFFFFFFFFFFFFFFFF3D
:10F3E000FFFFFFFFFFFFFFFFFFFFFFFFFFFFFFFF2D
:10F3F000FFFFFFFFFFFFFFFFFFFFFFFFFFFFFFFF1D
:10F40000FFFFFFFFFFFFFFFFFFFFFFFFFFFFFFFF0C
:10F41000FFFFFFFFFFFFFFFFFFFFFFFFFFFFFFFFFC
:10F42000FFFFFFFFFFFFFFFFFFFFFFFFFFFFFFFFEC
:10F43000FFFFFFFFFFFFFFFFFFFFFFFFFFFFFFFFDC
:10F44000FFFFFFFFFFFFFFFFFFFFFFFFFFFFFFFFCC
:10F45000FFFFFFFFFFFFFFFFFFFFFFFFFFFFFFFFBC
:10F46000FFFFFFFFFFFFFFFFFFFFFFFFFFFFFFFFAC
:10F47000FFFFFFFFFFFFFFFFFFFFFFFFFFFFFFFF9C
:10F48000FFFFFFFFFFFFFFFFFFFFFFFFFFFFFFFF8C
:10F49000FFFFFFFFFFFFFFFFFFFFFFFFFFFFFFFF7C
:10F4A000FFFFFFFFFFFFFFFFFFFFFFFFFFFFFFFF6C
:10F4B000FFFFFFFFFFFFFFFFFFFFFFFFFFFFFFFF5C
:10F4C000FFFFFFFFFFFFFFFFFFFFFFFFFFFFFFFF4C
:10F4D000FFFFFFFFFFFFFFFFFFFFFFFFFFFFFFFF3C
:10F4E000FFFFFFFFFFFFFFFFFFFFFFFFFFFFFFFF2C
:10F4F000FFFFFFFFFFFFFFFFFFFFFFFFFFFFFFFF1C
:10F50000FFFFFFFFFFFFFFFFFFFFFFFFFFFFFFFF0B
:10F51000FFFFFFFFFFFFFFFFFFFFFFFFFFFFFFFFFB
:10F52000FFFFFFFFFFFFFFFFFFFFFFFFFFFFFFFFEB
:10F53000FFFFFFFFFFFFFFFFFFFFFFFFFFFFFFFFDB
:10F54000FFFFFFFFFFFFFFFFFFFFFFFFFFFFFFFFCB
:10F55000FFFFFFFFFFFFFFFFFFFFFFFFFFFFFFFFBB
:10F56000FFFFFFFFFFFFFFFFFFFFFFFFFFFFFFFFAB
:10F57000FFFFFFFFFFFFFFFFFFFFFFFFFFFFFFFF9B
:10F58000FFFFFFFFFFFFFFFFFFFFFFFFFFFFFFFF8B
:10F59000FFFFFFFFFFFFFFFFFFFFFFFFFFFFFFFF7B
:10F5A000FFFFFFFFFFFFFFFFFFFFFFFFFFFFFFFF6B
:10F5B000FFFFFFFFFFFFFFFFFFFFFFFFFFFFFFFF5B
:10F5C000FFFFFFFFFFFFFFFFFFFFFFFFFFFFFFFF4B
:10F5D000FFFFFFFFFFFFFFFFFFFFFFFFFFFFFFFF3B
:10F5E000FFFFFFFFFFFFFFFFFFFFFFFFFFFFFFFF2B
:10F5F000FFFFFFFFFFFFFFFFFFFFFFFFFFFFFFFF1B
:10F60000FFFFFFFFFFFFFFFFFFFFFFFFFFFFFFFF0A
:10F61000FFFFFFFFFFFFFFFFFFFFFFFFFFFFFFFFFA
:10F62000FFFFFFFFFFFFFFFFFFFFFFFFFFFFFFFFEA
:10F63000FFFFFFFFFFFFFFFFFFFFFFFFFFFFFFFFDA
:10F64000FFFFFFFFFFFFFFFFFFFFFFFFFFFFFFFFCA
:10F65000FFFFFFFFFFFFFFFFFFFFFFFFFFFFFFFFBA
:10F66000FFFFFFFFFFFFFFFFFFFFFFFFFFFFFFFFAA
:10F67000FFFFFFFFFFFFFFFFFFFFFFFFFFFFFFFF9A
:10F68000FFFFFFFFFFFFFFFFFFFFFFFFFFFFFFFF8A
:10F69000FFFFFFFFFFFFFFFFFFFFFFFFFFFFFFFF7A
:10F6A000FFFFFFFFFFFFFFFFFFFFFFFFFFFFFFFF6A
:10F6B000FFFFFFFFFFFFFFFFFFFFFFFFFFFFFFFF5A
:10F6C000FFFFFFFFFFFFFFFFFFFFFFFFFFFFFFFF4A
:10F6D000FFFFFFFFFFFFFFFFFFFFFFFFFFFFFFFF3A
:10F6E000FFFFFFFFFFFFFFFFFFFFFFFFFFFFFFFF2A
:10F6F000FFFFFFFFFFFFFFFFFFFFFFFFFFFFFFFF1A
:10F70000FFFFFFFFFFFFFFFFFFFFFFFFFFFFFFFF09
:10F71000FFFFFFFFFFFFFFFFFFFFFFFFFFFFFFFFF9
:10F72000FFFFFFFFFFFFFFFFFFFFFFFFFFFFFFFFE9
:10F73000FFFFFFFFFFFFFFFFFFFFFFFFFFFFFFFFD9
:10F74000FFFFFFFFFFFFFFFFFFFFFFFFFFFFFFFFC9
:10F75000FFFFFFFFFFFFFFFFFFFFFFFFFFFFFFFFB9
:10F76000FFFFFFFFFFFFFFFFFFFFFFFFFFFFFFFFA9
:10F77000FFFFFFFFFFFFFFFFFFFFFFFFFFFFFFFF99
:10F78000FFFFFFFFFFFFFFFFFFFFFFFFFFFFFFFF89
:10F79000FFFFFFFFFFFFFFFFFFFFFFFFFFFFFFFF79
:10F7A000FFFFFFFFFFFFFFFFFFFFFFFFFFFFFFFF69
:10F7B000FFFFFFFFFFFFFFFFFFFFFFFFFFFFFFFF59
:10F7C000FFFFFFFFFFFFFFFFFFFFFFFFFFFFFFFF49
:10F7D000FFFFFFFFFFFFFFFFFFFFFFFFFFFFFFFF39
:10F7E000FFFFFFFFFFFFFFFFFFFFFFFFFFFFFFFF29
:10F7F000FFFFFFFFFFFFFFFFFFFFFFFFFFFFFFFF19
:10F80000FFFFFFFFFFFFFFFFFFFFFFFFFFFFFFFF08
:10F81000FFFFFFFFFFFFFFFFFFFFFFFFFFFFFFFFF8
:10F82000FFFFFFFFFFFFFFFFFFFFFFFFFFFFFFFFE8
:10F83000FFFFFFFFFFFFFFFFFFFFFFFFFFFFFFFFD8
:10F84000FFFFFFFFFFFFFFFFFFFFFFFFFFFFFFFFC8
:10F85000FFFFFFFFFFFFFFFFFFFFFFFFFFFFFFFFB8
:10F86000FFFFFFFFFFFFFFFFFFFFFFFFFFFFFFFFA8
:10F87000FFFFFFFFFFFFFFFFFFFFFFFFFFFFFFFF98
:10F88000FFFFFFFFFFFFFFFFFFFFFFFFFFFFFFFF88
:10F89000FFFFFFFFFFFFFFFFFFFFFFFFFFFFFFFF78
:10F8A000FFFFFFFFFFFFFFFFFFFFFFFFFFFFFFFF68
:10F8B000FFFFFFFFFFFFFFFFFFFFFFFFFFFFFFFF58
:10F8C000FFFFFFFFFFFFFFFFFFFFFFFFFFFFFFFF48
:10F8D000FFFFFFFFFFFFFFFFFFFFFFFFFFFFFFFF38
:10F8E000FFFFFFFFFFFFFFFFFFFFFFFFFFFFFFFF28
:10F8F000FFFFFFFFFFFFFFFFFFFFFFFFFFFFFFFF18
:10F90000FFFFFFFFFFFFFFFFFFFFFFFFFFFFFFFF07
:10F91000FFFFFFFFFFFFFFFFFFFFFFFFFFFFFFFFF7
:10F92000FFFFFFFFFFFFFFFFFFFFFFFFFFFFFFFFE7
:10F93000FFFFFFFFFFFFFFFFFFFFFFFFFFFFFFFFD7
:10F94000FFFFFFFFFFFFFFFFFFFFFFFFFFFFFFFFC7
:10F95000FFFFFFFFFFFFFFFFFFFFFFFFFFFFFFFFB7
:10F96000FFFFFFFFFFFFFFFFFFFFFFFFFFFFFFFFA7
:10F97000FFFFFFFFFFFFFFFFFFFFFFFFFFFFFFFF97
:10F98000FFFFFFFFFFFFFFFFFFFFFFFFFFFFFFFF87
:10F99000FFFFFFFFFFFFFFFFFFFFFFFFFFFFFFFF77
:10F9A000FFFFFFFFFFFFFFFFFFFFFFFFFFFFFFFF67
:10F9B000FFFFFFFFFFFFFFFFFFFFFFFFFFFFFFFF57
:10F9C000FFFFFFFFFFFFFFFFFFFFFFFFFFFFFFFF47
:10F9D000FFFFFFFFFFFFFFFFFFFFFFFFFFFFFFFF37
:10F9E000FFFFFFFFFFFFFFFFFFFFFFFFFFFFFFFF27
:10F9F000FFFFFFFFFFFFFFFFFFFFFFFFFFFFFFFF17
:10FA0000FFFFFFFFFFFFFFFFFFFFFFFFFFFFFFFF06
:10FA1000FFFFFFFFFFFFFFFFFFFFFFFFFFFFFFFFF6
:10FA2000FFFFFFFFFFFFFFFFFFFFFFFFFFFFFFFFE6
:10FA3000FFFFFFFFFFFFFFFFFFFFFFFFFFFFFFFFD6
:10FA4000FFFFFFFFFFFFFFFFFFFFFFFFFFFFFFFFC6
:10FA5000FFFFFFFFFFFFFFFFFFFFFFFFFFFFFFFFB6
:10FA6000FFFFFFFFFFFFFFFFFFFFFFFFFFFFFFFFA6
:10FA7000FFFFFFFFFFFFFFFFFFFFFFFFFFFFFFFF96
:10FA8000FFFFFFFFFFFFFFFFFFFFFFFFFFFFFFFF86
:10FA9000FFFFFFFFFFFFFFFFFFFFFFFFFFFFFFFF76
:10FAA000FFFFFFFFFFFFFFFFFFFFFFFFFFFFFFFF66
:10FAB000FFFFFFFFFFFFFFFFFFFFFFFFFFFFFFFF56
:10FAC000FFFFFFFFFFFFFFFFFFFFFFFFFFFFFFFF46
:10FAD000FFFFFFFFFFFFFFFFFFFFFFFFFFFFFFFF36
:10FAE000FFFFFFFFFFFFFFFFFFFFFFFFFFFFFFFF26
:10FAF000FFFFFFFFFFFFFFFFFFFFFFFFFFFFFFFF16
:10FB0000FFFFFFFFFFFFFFFFFFFFFFFFFFFFFFFF05
:10FB1000FFFFFFFFFFFFFFFFFFFFFFFFFFFFFFFFF5
:10FB2000FFFFFFFFFFFFFFFFFFFFFFFFFFFFFFFFE5
:10FB3000FFFFFFFFFFFFFFFFFFFFFFFFFFFFFFFFD5
:10FB4000FFFFFFFFFFFFFFFFFFFFFFFFFFFFFFFFC5
:10FB5000FFFFFFFFFFFFFFFFFFFFFFFFFFFFFFFFB5
:10FB6000FFFFFFFFFFFFFFFFFFFFFFFFFFFFFFFFA5
:10FB7000FFFFFFFFFFFFFFFFFFFFFFFFFFFFFFFF95
:10FB8000FFFFFFFFFFFFFFFFFFFFFFFFFFFFFFFF85
:10FB9000FFFFFFFFFFFFFFFFFFFFFFFFFFFFFFFF75
:10FBA000FFFFFFFFFFFFFFFFFFFFFFFFFFFFFFFF65
:10FBB000FFFFFFFFFFFFFFFFFFFFFFFFFFFFFFFF55
:10FBC000FFFFFFFFFFFFFFFFFFFFFFFFFFFFFFFF45
:10FBD000FFFFFFFFFFFFFFFFFFFFFFFFFFFFFFFF35
:10FBE000FFFFFFFFFFFFFFFFFFFFFFFFFFFFFFFF25
:10FBF000FFFFFFFFFFFFFFFFFFFFFFFFFFFFFFFF15
:10FC0000FFFFFFFFFFFFFFFFFFFFFFFFFFFFFFFF04
:10FC1000FFFFFFFFFFFFFFFFFFFFFFFFFFFFFFFFF4
:10FC2000FFFFFFFFFFFFFFFFFFFFFFFFFFFFFFFFE4
:10FC3000FFFFFFFFFFFFFFFFFFFFFFFFFFFFFFFFD4
:10FC4000FFFFFFFFFFFFFFFFFFFFFFFFFFFFFFFFC4
:10FC5000FFFFFFFFFFFFFFFFFFFFFFFFFFFFFFFFB4
:10FC6000FFFFFFFFFFFFFFFFFFFFFFFFFFFFFFFFA4
:10FC7000FFFFFFFFFFFFFFFFFFFFFFFFFFFFFFFF94
:10FC8000FFFFFFFFFFFFFFFFFFFFFFFFFFFFFFFF84
:10FC9000FFFFFFFFFFFFFFFFFFFFFFFFFFFFFFFF74
:10FCA000FFFFFFFFFFFFFFFFFFFFFFFFFFFFFFFF64
:10FCB000FFFFFFFFFFFFFFFFFFFFFFFFFFFFFFFF54
:10FCC000FFFFFFFFFFFFFFFFFFFFFFFFFFFFFFFF44
:10FCD000FFFFFFFFFFFFFFFFFFFFFFFFFFFFFFFF34
:10FCE000FFFFFFFFFFFFFFFFFFFFFFFFFFFFFFFF24
:10FCF000FFFFFFFFFFFFFFFFFFFFFFFFFFFFFFFF14
:10FD0000FFFFFFFFFFFFFFFFFFFFFFFFFFFFFFFF03
:10FD1000FFFFFFFFFFFFFFFFFFFFFFFFFFFFFFFFF3
:10FD2000FFFFFFFFFFFFFFFFFFFFFFFFFFFFFFFFE3
:10FD3000FFFFFFFFFFFFFFFFFFFFFFFFFFFFFFFFD3
:10FD4000FFFFFFFFFFFFFFFFFFFFFFFFFFFFFFFFC3
:10FD5000FFFFFFFFFFFFFFFFFFFFFFFFFFFFFFFFB3
:10FD6000FFFFFFFFFFFFFFFFFFFFFFFFFFFFFFFFA3
:10FD7000FFFFFFFFFFFFFFFFFFFFFFFFFFFFFFFF93
:10FD8000FFFFFFFFFFFFFFFFFFFFFFFFFFFFFFFF83
:10FD9000FFFFFFFFFFFFFFFFFFFFFFFFFFFFFFFF73
:10FDA000FFFFFFFFFFFFFFFFFFFFFFFFFFFFFFFF63
:10FDB000FFFFFFFFFFFFFFFFFFFFFFFFFFFFFFFF53
:10FDC000FFFFFFFFFFFFFFFFFFFFFFFFFFFFFFFF43
:10FDD000FFFFFFFFFFFFFFFFFFFFFFFFFFFFFFFF33
:10FDE000FFFFFFFFFFFFFFFFFFFFFFFFFFFFFFFF23
:10FDF000FFFFFFFFFFFFFFFFFFFFFFFFFFFFFFFF13
:10FE0000FFFFFFFFFFFFFFFFFFFFFFFFFFFFFFFF02
:10FE1000FFFFFFFFFFFFFFFFFFFFFFFFFFFFFFFFF2
:10FE2000FFFFFFFFFFFFFFFFFFFFFFFFFFFFFFFFE2
:10FE3000FFFFFFFFFFFFFFFFFFFFFFFFFFFFFFFFD2
:10FE4000FFFFFFFFFFFFFFFFFFFFFFFFFFFFFFFFC2
:10FE5000FFFFFFFFFFFFFFFFFFFFFFFFFFFFFFFFB2
:10FE6000FFFFFFFFFFFFFFFFFFFFFFFFFFFFFFFFA2
:10FE7000FFFFFFFFFFFFFFFFFFFFFFFFFFFFFFFF92
:10FE8000FFFFFFFFFFFFFFFFFFFFFFFFFFFFFFFF82
:10FE9000FFFFFFFFFFFFFFFFFFFFFFFFFFFFFFFF72
:10FEA000FFFFFFFFFFFFFFFFFFFFFFFFFFFFFFFF62
:10FEB000FFFFFFFFFFFFFFFFFFFFFFFFFFFFFFFF52
:10FEC000FFFFFFFFFFFFFFFFFFFFFFFFFFFFFFFF42
:10FED000FFFFFFFFFFFFFFFFFFFFFFFFFFFFFFFF32
:10FEE000FFFFFFFFFFFFFFFFFFFFFFFFFFFFFFFF22
:10FEF000FFFFFFFFFFFFFFFFFFFFFFFFFFFFFFFF12
:10FF0000FFFFFFFFFFFFFFFFFFFFFFFFFFFFFFFF01
:10FF1000FFFFFFFFFFFFFFFFFFFFFFFFFFFFFFFFF1
:10FF2000FFFFFFFFFFFFFFFFFFFFFFFFFFFFFFFFE1
:10FF3000FFFFFFFFFFFFFFFFFFFFFFFFFFFFFFFFD1
:10FF4000FFFFFFFFFFFFFFFFFFFFFFFFFFFFFFFFC1
:10FF5000FFFFFFFFFFFFFFFFFFFFFFFFFFFFFFFFB1
:10FF6000FFFFFFFFFFFFFFFFFFFFFFFFFFFFFFFFA1
:10FF7000FFFFFFFFFFFFFFFFFFFFFFFFFFFFFFFF91
:10FF8000FFFFFFFFFFFFFFFFFFFFFFFFFFFFFFFF81
:10FF9000FFFFFFFFFFFFFFFFFFFFFFFFFFFFFFFF71
:10FFA000FFFFFFFFFFFFFFFFFFFFFFFFFFFFFFFF61
:10FFB000FFFFFFFFFFFFFFFFFFFFFFFFFFFFFFFF51
:10FFC000FFFFFFFFFFFFFFFFFFFFFFFFFFFFFFFF41
:10FFD000FFFFFFFFFFFFFFFFFFFFFFFFFFFFFFFF31
:10FFE000FFFFFFFFFFFFFFFFFFFFFFFFFFFFFFFF21
:10FFF000FFFFFFFFFFFFFFFFFFFFFFFFFFFFFFFF11
:020000040801F1
:100000004F54415453E7AB6A0002000080A0010046
:1000100056EECC0C302E312E3800000000000000CF
:1000200000000000000000000000000000000000D0
:100030000000000006767CCB0000000000000000FD
:1000400000000000000000000000000000000000B0
:1000500000000000000000000000000000000000A0
:100060000000000000000000000000000000000090
:100070000000000000000000000000000000000080
:100080000000000000000000000000000000000070
:100090000000000000000000000000000000000060
:1000A0000000000000000000000000000000000050
:1000B0000000000000000000000000000000000040
:1000C0000000000000000000000000000000000030
:1000D0000000000000000000000000000000000020
:1000E0000000000000000000000000000000000010
:1000F0000000000000000000000000000000000000
:1001000000000000000000000000000000000000EF
:1001100000000000000000000000000000000000DF
:1001200000000000000000000000000000000000CF
:1001300000000000000000000000000000000000BF
:1001400000000000000000000000000000000000AF
:10015000000000000000000000000000000000009F
:10016000000000000000000000000000000000008F
:10017000000000000000000000000000000000007F
:10018000000000000000000000000000000000006F
:10019000000000000000000000000000000000005F
:1001A000000000000000000000000000000000004F
:1001B000000000000000000000000000000000003F
:1001C000000000000000000000000000000000002F
:1001D000000000000000000000000000000000001F
:1001E000000000000000000000000000000000000F
:1001F00000000000000000000000000000000000FF
:1002000000400220912D0208E5320108E932010880
:1002100000000000000000000000000000000000DE
:100220000000000000000000000000003560010830
:100230000000000000000000A16001082563010823
:10024000E12D020800000000E12D0208E12D020866
:10025000E12D0208E12D0208F932010809330108F5
:10026000E12D02082933010839330108513301080F
:1002700091330108E12D0208E12D02080000000081
:10028000E12D0208E12D0208E12D0208E12D02080E
:10029000E12D0208E12D0208A1330108E12D020839
:1002A000E12D0208B1330108E12D0208C133010834
:1002B000D1330108E1330108000000000000000014
:1002C00010B5064C2378002B07D1054B002B02D02C
:1002D000044800E000BF0123237010BD1803002074
:1002E00000000000606A0208044B10B5002B03D028
:1002F0000349044800E000BF10BDC04600000000F4
:100300001C030020606A020802780B78002A03D0E0
:10031000013001319A42F7D0D01A70470023C25CF5
:100320000133002AFBD1581E7047000002B4714609
:1003300049084900095649008E4402BC7047C0462E
:1003400002B4714649084900095C49008E4402BC68
:100350007047C04603B47146490840004900095E31
:1003600049008E4403BC704703B4714649084000FD
:100370004900095A49008E4403BC704700224308D3
:100380008B4274D303098B425FD3030A8B4244D35D
:10039000030B8B4228D3030C8B420DD3FF2209029F
:1003A00012BA030C8B4202D31212090265D0030B5E
:1003B0008B4219D300E0090AC30B8B4201D3CB0354
:1003C000C01A5241830B8B4201D38B03C01A524196
:1003D000430B8B4201D34B03C01A5241030B8B4298
:1003E00001D30B03C01A5241C30A8B4201D3CB0283
:1003F000C01A5241830A8B4201D38B02C01A524168
:10040000430A8B4201D34B02C01A5241030A8B426A
:1004100001D30B02C01A5241CDD2C3098B4201D382
:10042000CB01C01A524183098B4201D38B01C01A00
:10043000524143098B4201D34B01C01A5241030977
:100440008B4201D30B01C01A5241C3088B4201D326
:10045000CB00C01A524183088B4201D38B00C01AD3
:10046000524143088B4201D34B00C01A5241411AFA
:1004700000D20146524110467047FFE701B5002007
:1004800000F0F0F802BDC0460029F7D076E77047CB
:1004900003460B437FD4002243088B4274D30309E5
:1004A0008B425FD3030A8B4244D3030B8B4228D386
:1004B000030C8B420DD3FF22090212BA030C8B42AC
:1004C00002D31212090265D0030B8B4219D300E04C
:1004D000090AC30B8B4201D3CB03C01A5241830BD1
:1004E0008B4201D38B03C01A5241430B8B4201D381
:1004F0004B03C01A5241030B8B4201D30B03C01AAA
:100500005241C30A8B4201D3CB02C01A5241830A23
:100510008B4201D38B02C01A5241430A8B4201D352
:100520004B02C01A5241030A8B4201D30B02C01A7C
:100530005241CDD2C3098B4201D3CB01C01A5241E3
:1005400083098B4201D38B01C01A524143098B426C
:1005500001D34B01C01A524103098B4201D30B0155
:10056000C01A5241C3088B4201D3CB00C01A52417A
:1005700083088B4201D38B00C01A524143088B423F
:1005800001D34B00C01A5241411A00D201465241D8
:10059000104670475DE0CA0F00D04942031000D3F7
:1005A0004042534000229C4603098B422DD3030A4C
:1005B0008B4212D3FC22890112BA030A8B420CD35C
:1005C000890192118B4208D3890192118B4204D385
:1005D00089013AD0921100E08909C3098B4201D305
:1005E000CB01C01A524183098B4201D38B01C01A3F
:1005F000524143098B4201D34B01C01A52410309B6
:100600008B4201D30B01C01A5241C3088B4201D364
:10061000CB00C01A524183088B4201D38B00C01A11
:100620005241D9D243088B4201D34B00C01A5241E8
:10063000411A00D20146634652415B10104601D375
:100640004042002B00D54942704763465B1000D3FF
:10065000404201B5002000F005F802BD0029F8D0A5
:1006600016E770477047C0468446100062468C46C5
:100670001900634600E0C0461FB501F0A7FC002842
:1006800001D40021C8421FBD10B501F0EBFB404270
:10069000013010BD10B501F099FC002801DB0020ED
:1006A00010BD012010BDC04610B501F08FFC002820
:1006B00001DD002010BD012010BDC04610B501F0C5
:1006C00015FC002801DC002010BD012010BDC04633
:1006D00010B501F00BFC002801DA002010BD01204C
:1006E00010BDC046844608006146FFE71FB500F014
:1006F000D3FA002801D40021C8421FBD10B500F074
:100700005BFA4042013010BD10B500F0C5FA002878
:1007100001DB002010BD012010BDC04610B500F067
:10072000BBFA002801DD002010BD012010BDC0462D
:1007300010B500F069FA002801DC002010BD01208E
:1007400010BDC04610B500F05FFA002801DA0020A5
:1007500010BD012010BDC046002B11D1002A0FD1C1
:10076000002900D1002802D00021C943080007B4A5
:10077000024802A14018029003BDC046E9FEFFFFF7
:1007800003B4684601B5029800F034F8019B9E4618
:1007900002B00CBC7047C046F0B5CE469946030C7B
:1007A0009C46130447461B0C1D000E0061460404C2
:1007B000240C80B50700100C4B4365434143604354
:1007C0002C0CC01824188C46A34203D980235B024A
:1007D0009846C444494679435643230C2D042D0CB6
:1007E0008919634424046019C918C0BCB946B046CD
:1007F000F0BDC046F0B557464E464546DE46E0B52C
:1008000004000D009246994683B08B4230D82DD01B
:100810004946504602F0D0FC29000600200002F0B4
:10082000CBFC331A9846203B34D49B4653465A4659
:10083000934042461F00534693401E00AF423BD8B0
:10084000AF4200D179E05B46A41BBD41002B00DA2A
:1008500076E0002200230092019301235A46934040
:100860000193012342469340009329E08242CFD96D
:1008700000220023009201930C9B002B01D01C60EE
:100880005D600098019903B0F0BCBB46B246A94632
:10089000A046F0BD42469B4620239B1A5246DA40B2
:1008A000414613004A468A40170042461F435346BA
:1008B00093401E00AF42C3D900220023009201934F
:1008C0004346002BD8D0FB0772081A4346467B08E4
:1008D0000EE0AB4201D1A2420CD8A41A9D410120E6
:1008E00024196D410021013E24184D41002E06D0EF
:1008F000AB42EED9013E24196D41002EF8D100988B
:1009000001995B4600196941002B24DB2B005A46F4
:100910004446D3402A00E2401C005B461500002BF1
:100920002ADB26009E40330026004746BE403200A8
:10093000801A9941009001919EE7A342BCD882E7BA
:100940004246202300219B1A00220091019201229D
:10095000DA40019285E7424620239B1A2A00464648
:100960009A402300F340444613432A00E2401C000F
:100970005B461500002BD4DA42462F0020232600C8
:1009800097409B1ADE403B003343CDE7F0B5464627
:100990004F46D6464502C0B5C30F470098460E1CC9
:1009A0006D0A3F0E5BD0FF2F21D08023ED00DB04CA
:1009B0001D43002399469A467F3F74027300640AE0
:1009C0001B0EF60F002B20D0FF2B43D080220020DF
:1009D000E400D20414437F3B4246FF1A4B46724068
:1009E0000F2B00D99DE071499B00CB589F46002DED
:1009F0005AD108239946063B74029A467300FF2792
:100A0000640A1B0EF60F002BDED1002C3BD1012314
:100A100042464946724019430E2918D86448890055
:100A200041588F465346022B00D1B8E0032B6ED0BD
:100A300042462C00012B40D100200024C005204359
:100A4000D2071043E0BCBA46B146A846F0BDFF202D
:100A50000024F3E7002C20D10223FF3FD8E7002D2C
:100A600005D104239946033B00279A46A5E72800B1
:100A700002F084FB7627431F9D4000237F42994666
:100A80009A463F1A99E7200002F078FB431F9C40EA
:100A900076235B421B1A00209EE703234A461A4333
:100AA00091460320FC3397E70C239946093BFF2727
:100AB0009A4682E703282CD0320038007F30002885
:100AC00047DD630704D00F232340042B00D00434F8
:100AD000230103D53800374B80301C40FE28B6DC9C
:100AE000A401640AC0B2A9E780240022FF20E40325
:100AF000A4E78023DB031D4201D01C420BD08024DD
:100B0000E4032C4364024246FF20640A96E746460B
:100B10002C008023DB031C4364023200FF20640AA4
:100B20008CE76D01600185422DD21B230024013F1B
:100B30000126290064006D00002901DB854201D3F4
:100B40002D1A3443013B002BF3D16B1E9D412C43E6
:100B5000B3E701231B1A1B2B00DD6DE721009E3735
:100B6000D940BC400B00611E8C412343590704D07F
:100B70000F211940042900D00433590113D49B01DB
:100B800000205C0A5AE71A2301242D1AD0E7981E88
:100B900043425841404232000024C0B24EE7424630
:100BA000FF2000244AE70120002447E7946A020856
:100BB000D46A0208FFFFFFF770B542004E024C00F6
:100BC00045026D0A120EC30F760A240EC90FFF2AC2
:100BD00010D0FF2C0CD00120A2420AD1B54208D17E
:100BE0008B420FD0002A04D12800431E984100E018
:100BF000012070BD0120FF2CFBD13543F9D14B40C2
:100C00001800F6E70020F4E730B5420044024D0238
:100C1000C30F4800640A120E6D0A000EC90FFF2AA6
:100C200018D0FF280AD0002A1ED100280AD1002D92
:100C300029D0002C2DD14800013830BD002D25D100
:100C4000002A01D1002CF6D08B4219D001205B4242
:100C50001843F2E7002C19D1FF28F7D1002D15D148
:100C600000208B42F2D1E8E70028EFD08B42EDD193
:100C70008242EBDC04DBAC42E8D80020AC42DCD2A0
:100C800058000138D9E7002CD7D0DFE702204042D6
:100C9000D3E78B42DAD1EEE730B5420044024D0291
:100CA000C30F4800640A120E6D0A000EC90FFF2A16
:100CB00017D0FF280AD0002A1BD100280AD1002D06
:100CC0001DD0002C2DD14800013811E0002D0ED18F
:100CD000002A01D1002CF6D08B420CD158000138EB
:100CE00006E0002C03D1FF2805D1002D15D00220ED
:100CF00030BD002806D101205B421843F8E7002CE4
:100D0000F6D0F8E78B42F6D18242F4DCE6DBAC4267
:100D1000F1D80020AC42EBD2E0E700208B42EAD1D0
:100D2000E6E78B42E7D1F2E7F0B54F464646D646B6
:100D30004400C0B546020F1C760A240EC50F002CD5
:100D400000D1DAE0FF2C74D08023F600DB041E43D0
:100D5000002399469A467F3C7B025B0A98467B00BB
:100D60001B0EFF0F002B74D0FF2B00D18EE04246EC
:100D70008021D200C90411437F3B2A00E4184B466E
:100D80007A408846D2B20A2B75DC4B460020022BF3
:100D90000FDD494601238B40A621C9000B4269D1D2
:100DA000902189000B4200D000E18821194200D037
:100DB000F5E041460904090C43460800350C3604A9
:100DC0001B0C360C704369435E435D437618030C7D
:100DD0009B19994203D9802149028C46654400043D
:100DE0001904000C09188E01701E86411B0C890E17
:100DF0005B190E439B011E431B016CD423007F3300
:100E0000002B00DCB1E0150071070BD00F20210092
:100E10003040042806D00436320103D56E4B1E4004
:100E20000B008033FE2B00DDBDE0B201520ADBB2C5
:100E300048E0002E00D092E008239946063B9A46EF
:100E40007B025B0A98467B00FF241B0EFF0F002BE2
:100E50008AD14246002A64D149460132114389466B
:100E60000A2908DC7D400120EAB2022991DC150044
:100E7000002227E015005346022B00D193E0032BFC
:100E80001AD0012B2CD1002300221BE04346FF3453
:100E9000002B55D003214B460B4319000A2B00DCD5
:100EA00092E00F2B00D08CE08022D203164203D0B8
:100EB0004346134200D17DE08022D20332435202E6
:100EC000520AFF23D805ED0710432843E0BCBA4679
:100ED000B146A846F0BD0123150071081E400E431F
:100EE00023008033611C002B41DD720794D00F2258
:100EF0003240042A00D08EE78EE7002E05D104236D
:100F00009946033B00249A4626E7300002F036F962
:100F10007624431F9E400023644299469A46241A31
:100F20001AE7404602F02AF94B46241A763C0A2B6F
:100F3000A1DC4346053883407D409846EAB224E769
:100F40004A46023313432A007A40D2B20A2B92DC7B
:100F500049461500002926D09946022019E70C239E
:100F60009946093BFF249A46F6E615002100012226
:100F7000D31A1B2B00DD86E79E3132008E40DA400B
:100F8000731E9E413243530704D00F231340042B9A
:100F900000D00432530110D50123002292E73D0016
:100FA0004646824667E7FF2300228BE78022002522
:100FB000D20386E73D001A4383E792010023520AD9
:100FC00080E73D00464677E72A0001237A408B40C0
:100FD0000320D2B2E9E6C046FFFFFFF7410242001C
:100FE000C30F490A0020120E7E2A03DD9D2A02DD6E
:100FF000094A98187047802000040143952A07DCAD
:101000009620821AD1404842002BF3D10800F1E724
:10101000963A9140F7E7C046FFFFFF7F10B5041EE8
:101020000DD002F0ABF89E231B1A962B0CDC08287F
:1010300034D0083884406402640AD8B201E0002049
:101040000024C005204310BD992B13DC421F94409F
:10105000144A224061071CD00F212140042918D0D6
:101060000432D408520115D59F236402181A640A69
:10107000C0B2E6E7020021001B3291400A00511E77
:101080008A410521091ACC401443064A22406107CF
:10109000E2D1D4086402640AD8B2D2E76402640AD6
:1010A0008E30CEE7FFFFFFFBF0B54F464646D646F3
:1010B000C0B582B0009001910E034C00CD0F710AB3
:1010C000009E5F00760F0E43009900920193C900C5
:1010D000894619037B0D9846019B490ADB0F9C4604
:1010E000009B009A5B0F0B434146640DD200611ACE
:1010F000654500D1A6E0002972DD4746002F00D1EA
:10110000DDE0CC4FBC4200D19AE10127382917DC41
:1011100080273F043B431F2900DDDDE12027781AAB
:101120001F008740BA461700CF4084463800574614
:10113000074360468240CB40501E8241F61A174357
:101140004B46DF1BB94580414042361A330200D47A
:10115000FFE07602760A002E00D13CE1300002F07A
:101160000DF80300083B20213800CA1AD0409E40E9
:1011700002009F4032439C4200DDA6E1181B013073
:10118000091A3E008F40C6407B1E9F4113008B40D2
:1011900037431F43C2403B0016000024134300D1D5
:1011A000DFE17B0700D132E30F233A003B40042B01
:1011B00004D03A1DBA42BF417F42F619330200D42F
:1011C00023E39C4B01349C4200D1B4E09A4B64056C
:1011D0001E40640D7707D20876021743360BACE049
:1011E000002900D17EE04146091B002C00D060E1BF
:1011F00034004846044300D1C9E14C1E012900D106
:101200002EE28C4DA94200D124E20127382C11DCBA
:1012100021001F2900DD0BE2202437004846641A14
:10122000A740C84007434846A040CE40441EA041C6
:101230009B1B0743D71BBA42924152426546444624
:101240009E1A83E7002900DC9CE04746002F67D107
:101250001F00174300D1E4E0481E012900D19BE1A3
:10126000744FB94200D1EBE001270100382811DCAE
:101270001F2900DDC7E12027781A1F008446874018
:101280001000C840074360468240CB40501E824158
:10129000F61817434F444F458041404236183302F9
:1012A00057D5644B01349C4245D00121624B7A08EA
:1012B0001E4039400A43F7071743760871E71F00BD
:1012C000174300D1ADE04F1EBC46012900D182E199
:1012D000584FB94200D190E161460127382900DD1D
:1012E0002EE718E7554F611C394200D0D0E031009D
:1012F00048461F0001431743002C00D03DE1002960
:1013000000D1BCE1002F00D0BFE14B460021D8083E
:1013100077070743F00806034C05360B640D0CE015
:10132000444FBC4200D18BE001273829B2DC802732
:101330003F043B439CE70026002724053443ED0788
:101340002C433800210002B0E0BCBA46B146A846A2
:10135000F0BD7B0704D00F233B40042B00D028E7CF
:10136000F808344B77070743F0089C4200D04AE264
:101370003B00034359D080263603064336032D4CE9
:10138000360BDAE7002961D04146091B002C00D159
:10139000B9E0284CA04500D1A5E10127382913DC8C
:1013A0008024240426431F2900DDC8E120243700BF
:1013B0004846641AA740C84007434846A040CE406C
:1013C000441EA0419B190743BF18974292415242C5
:1013D0004446D61863E7380001F0D0FE0300183306
:1013E0001F2B00DCBFE63A00083882409C4200DD3B
:1013F00083E01B1B581C1F2800DCB4E117001F3BB7
:10140000DF40202805D040231B1A9A40531E9A41E2
:1014100017430024002F0AD07B0700D0C4E6260023
:101420009EE74B460C00D8089BE70027014C00269E
:1014300083E7C046FF070000FFFF7FFFFE070000B5
:101440004B467707D8080743F00891E7CD4F611C5A
:1014500039426BD1310048460143002C00D04BE1AA
:101460001F001743002900D181E1002F00D14CE774
:101470004A444A458041F61840423618330200D5A6
:10148000B0E117009146374300D03EE7002654E70D
:101490004946891A8846C145BF41F11A7F42C91B96
:1014A0000F0261D447460F4300D1BDE00E0047460E
:1014B00051E6B54CA04500D100E10127382900DDF7
:1014C000B8E6802424042643A3E6B04EE41A16406E
:1014D0007B0700D03FE743E70F001800203FF840AC
:1014E0008446202903D04027791A8B401A43531E83
:1014F0009A41634617001F4322E6A448E11A1040B0
:101500004707C00807E734004846044300D1FAE023
:101510004C1E012900D1D7E09B4FB94200D1E2E037
:101520000127382C00DD4FE721003CE7964CA14213
:1015300000D1DDE04A444A458041F3184042181882
:10154000C707520817434608520705D00F220C0060
:101550003A40042A00D02CE67607FF0837430009FA
:10156000D9E600270026E8E64946571ABA429241D2
:101570009E1B52426546B61AEDE5002900D0C6E032
:10158000002F67D1802600257F4C3603D5E66546BF
:101590000C001E00D008E4E64A444A458041F31896
:1015A000404218181100030200D496E0774B490816
:1015B0001840C3070B434408490700D129E10F2213
:1015C0001A40042A00D1EAE01F1D9F42B64176422C
:1015D00036190224C4E649468F1AB9458041F61AE5
:1015E0004042361A330206D47307FF0801211F4315
:1015F000F00890E665460124ABE54B467707D8082E
:101600000743F008B4E60F001800203FF840844676
:10161000202903D04027791A8B401A43531E9A4140
:10162000634617001F4335E600250024002684E6A4
:101630000C003500203CE540202905D04024611AEB
:101640008E404946314389464846411E884107003D
:101650002F43EFE5D2085F0765461743D80887E6B2
:10166000171ABA4292419E1B5242B61A3302C1D493
:101670007307FF08654601211F43F0084BE6002F62
:101680007BD065461E0091463FE6811A8846C145DB
:10169000A441F11A6442091B80242404214277D01A
:1016A000101A8242924107009E1B5242B61A3743DB
:1016B00000D0A0E06546002400263EE65F07D20881
:1016C00065461743D80853E6811891429241F018B5
:1016D00052428018030200D568E74707C9080F4344
:1016E000C008012117E6D2085F071743D8083FE674
:1016F0000C000026002720E6002956D15F07D208FB
:101700001743D80834E60C001E00D00829E6C108AB
:1017100070070143F008002F62D080242403204288
:1017200007D0DE08264204D165463000D1085B07A9
:1017300019434F0FC900C9087F070F4318E60C0073
:101740003000203CE0408446202905D04024611A26
:101750008E404946314389464846411E884161468C
:1017600007000F4330E620210027091A0EE51E006E
:10177000002F00D022E5002458E700250024002691
:10178000DBE5C046FE070000FF070000FFFF7FFF0C
:1017900047460F4300D147E70E00C146B5E5DF08D5
:1017A0006407022127430009B5E51900C00877073F
:1017B00007431143F008002900D1D9E5802109032E
:1017C000084207D0DC080C4204D1D2085B071A4358
:1017D000170020007B0FFF00FF085B071F43C7E5D2
:1017E0000F00C5E5124BD20833405F075B020124AE
:1017F00017431E0BA1E5264212D00D4B6546020091
:1018000001241E40E6E4210085E51700A8E53A0022
:10181000D4E4DB0864071C432700022100097AE5B1
:10182000C0087707074365460021F00873E5C04606
:10183000FFFF7FFFF0B5DE46454657464E46E0B512
:1018400087B0009201930B031B0B9B46CA0F4B0002
:10185000040080465B0D029200D198E07C4A9342DE
:1018600037D05946420FC9000A4380210904114369
:10187000C2009046774A894692469A440023002443
:101880000393009E019F3B031B0B9B467B00300094
:101890005B0DFD0F002B59D06D4A934248D059463D
:1018A000720FC9000A438021090411438B4669491C
:1018B000F2008C4651466344CB1A9A460021029EA0
:1018C0006E40F6B20F2C00D9CEE0634BA4001B593A
:1018D0009F465A460243914600D090E09A46022322
:1018E000904608240393CCE7CB464246029D0399D9
:1018F000022900D1DEE1032900D18DE0012900D0C9
:1019000079E12E0000220023002490461B0523438A
:10191000F60733434046190007B0F0BCBB46B24659
:10192000A946A046F0BD002200249046484BEDE7B2
:101930005A46009B1A43494B9C46E244002A59D11F
:1019400002231C43002302219B46B8E75A46009B12
:101950001A4349D05B46002B00D19CE1584601F068
:101960000DFC020003000B3A1D27009EBA1A190055
:101970005846D64008398840320002439346009AC0
:101980008A40374953448A4600219A4497E75B4688
:101990000343994621D05B46002B00D169E15846AC
:1019A00001F0ECFB0B235B429C460200844466463C
:1019B0001D239B1B260011005846DE400839884035
:1019C00033000343994623008B409846254B00245F
:1019D0009B1A9A460023039353E7002398469A469E
:1019E0000133042403934CE701231C43002301210A
:1019F0009B4664E70323320003211C435FE79A46BA
:101A00000323D9460C2403933BE700238024984604
:101A100000260F4B240379E780245B4624031C43F4
:101A200024032E0090460A4B240B6FE780244B467C
:101A30002403234202D05B462342F0D080244B464D
:101A400024031C432403029E014B240B5EE7C04683
:101A5000FF07000001FCFFFF106B020801F8FFFF09
:101A6000F30300000DFCFFFFCB4500D2F8E000D1EE
:101A7000F3E001235B429C46444648460025E2448D
:101A80005B46170E1B021F43190C3B041202009702
:101A90001F0C914602910397FEF7F6FC02007A4371
:101AA0000B04210C804619438A4209D9009F012367
:101AB000BC465B4261449C46E0448F4200D85CE1F6
:101AC000881A0299FEF7E0FC039A240442430904B1
:101AD000240C03000C43A24206D90099013B8C461A
:101AE0006444A14200D842E1A01A424612041A43BB
:101AF00093464B4659461B0C1F0004930B04494662
:101B00000904090C0C001B0C5C43120C7B43884637
:101B100051437A43270CBC465B186344994203D96E
:101B2000802149028C466244190C24041B04240CB5
:101B30008A181C19904202D316D1A54214D25B46D2
:101B4000009F013B4D4405934D459B41BC465B4284
:101B50006344C018874200D302E1824200D929E1E0
:101B600000D124E1059B9B462C1BA542AD41009B67
:101B7000801A6D42401B834200D10FE10299FEF7AB
:101B800083FC039A0B044243210C050019438A424B
:101B900000D9CBE0881A0299FEF776FC039A240458
:101BA00042430904240C03000C43A24200D9CAE0BA
:101BB0004146A41A2A041A43049F13041B0C5943D8
:101BC00040467B439C46150C68430B0C844463449D
:101BD0007D43984203D98020400284466544180C16
:101BE00009041B04090C40195B18844227D323D035
:101BF000012335001A43944B5344002B60DD5107F9
:101C000000D086E02E00D1085A46D20106D55A46A9
:101C10008E4B1A4080239346DB0053448C4A9342F8
:101C200000DD80E65A4652070A4390465A465B0555
:101C30005402240B5B0D69E63500002BDBD0009DC0
:101C4000511EAC466444AC4200D29EE0844200D2B5
:101C5000E1E000D1EEE00A00CAE7424500D908E71A
:101C60004B46DC07580843465B081C434346DD07E8
:101C700006E701F083FA15239C468444020063467C
:101C800020321C2B00DC92E6230008388340994662
:101C9000002398469AE601F071FA0200030015321B
:101CA00020331C2A00DC5FE60099083881400022BE
:101CB0008B4666E600222E0000249046654B25E602
:101CC0002E000121C91A382900DD1BE61F297EDC00
:101CD0006148140050445B4682408340CC40501E13
:101CE000824123431A435B46CB40510709D00F2161
:101CF0001140042905D0111D9142924152429B1876
:101D00000A00190200D49BE000220123002490461F
:101D1000FCE50F211140042900D173E7111D914208
:101D2000924152422E00C90893446DE7009B013D49
:101D30009C4661448B4200D92CE78A4200D829E7AF
:101D4000851E614426E70099013B8C466444A1420C
:101D500000D92DE7A24200D82AE7831E644427E772
:101D6000874200D0FEE6A94500D9FBE6F5E6A2428F
:101D700000D8B9E6831E6444B6E68A4200D89FE6DE
:101D8000BC46831E984661449AE60A00844200D00D
:101D90002EE74B4500D02BE735002CE72A4B2F4A86
:101DA0005344924543DB0122002193442CE7AC428B
:101DB00000D8D7E602235B429C4600994D444D452E
:101DC0009B41E3448C465B426344C018CCE61F2031
:101DD0004042C31A5846D840202904D05946204BC7
:101DE000534499400A43531E9A4107231900024362
:101DF00000241140134209D008331340042B1DD096
:101E0000131D934289411A0049424907D2080A43E7
:101E1000904600237AE54946009F4D004D45894193
:101E2000BC4649426144A946023A6418AEE7012221
:101E3000524246E79945EED30A00AAE70021E5E7BA
:101E400059075B021C0BE1E7FF030000FFFFFFFEE9
:101E5000FE070000FF0700001E04000002FCFFFF59
:101E60003E040000F0B55746DE464E464546E0B516
:101E70000D000400E80F83460903D80F090B8246C2
:101E800019488C461F0369005E00490D3F0B760D13
:101E9000814218D086420FD00120B1420DD1BC45FD
:101EA0000BD1944209D1D3451CD0002905D16046FD
:101EB0002043431E984100E00120F0BCBB46B246DF
:101EC000A946A046F0BD01208E42F6D161463943B5
:101ED0000F0017432743F0D15B465246981A431E22
:101EE0009841EAE70020E8E7FF070000F0B5574611
:101EF0004E464546DE46E0B50D000E034900490D4D
:101F00008A46DF0FE90FBC4683B02F4F040080469E
:101F10000191580019039146360B090B400DBA4543
:101F20001DD0B8420DD05746002F2AD13443002887
:101F300024D10A4336D0002C41D1634658000138E1
:101F400015E0114338D15346002B01D12643F4D07C
:101F5000019B634507D1019B5800013807E02643E8
:101F60002AD1504521D00120019B5F42384303B064
:101F7000F0BCBB46B246A946A046F0BD002CDCD062
:101F8000E6E70028EFD0019B6345ECD18245EADC0F
:101F9000E1DB8E42E7D8DED1C845E4D80020C84551
:101FA000E5D2D8E7002CE2D0DDE7114304D1019B54
:101FB0006345D8D10020DAE702204042D7E7019BF1
:101FC0006345E6D0CFE7C046FF070000F0B55746AF
:101FD0004E464546DE46E0B50D000E034900490D6C
:101FE0008A46DF0FE90FBC4683B02E4F04008046BF
:101FF0000191580019039146360B090B400DBA4563
:102000001ED0B8420DD05746002F27D134430028A8
:1020100033D10A4334D0002C40D1634658000138F4
:1020200015E0114312D15346002B01D12643F4D0C1
:10203000019B63451DD00120019B5F42384306E0B0
:10204000264303D15045F6D111431CD0022003B0E2
:10205000F0BCBB46B246A946A046F0BD0028EAD077
:10206000019B6345E7D18245E5DC02DB8E42E2D885
:102070000ED0019B58000138E9E7002CCDD0D7E7FE
:10208000002CE4D0D7E7019B00206345DFD0D2E7E6
:10209000C845D0D80020C845D9D2EAE7019B63459E
:1020A000E4D0C8E7FF070000F0B557464E46DE46CD
:1020B0004546E0B51F000B031B0B16009A46CA0FDE
:1020C0004B000400914685B05B0D00D1CFE1CD4AB5
:1020D000934255D05146420FC9000A43802109045A
:1020E0001143C2009046C84A8A4693469B44002347
:1020F000002502933C037B00FA0F0196240B5B0D35
:10210000009200D188E1BF4A934200D192E0BE4ADA
:10211000944663449B440A2D42DCE400730F23433E
:102120008024494624041C43F3000193009B0020B3
:102130005940CBB20393022D00DC94E00123AB4065
:102140001D00A6232A00DB001A401D4200D029E210
:1021500090239B001D4200D14DE20023802499462C
:102160002403A84B10004A461B052343D207134300
:10217000190005B0F0BCBB46B246A946A046F0BD6A
:1021800052460243904600D0ACE19B460223924661
:1021900008250293AEE7009BA2469946019B98460C
:1021A000029B022B00D1CAE1032B00D192E1012B4B
:1021B00010D1002300240022D4E701227B083A40FA
:1021C00013435246D2071343984653465B089A4638
:1021D000039B99465B46581C8023DB005B44002B25
:1021E00000DCB1E1424652070BD00F2241460A40C3
:1021F000042A06D04246111D41459241884652426A
:1022000092445246D20106D55246804B1A40802352
:102210009246DB00C3187E4A934200DD8FE14246BE
:10222000D108524652070A4351465B054C02240B23
:102230005B0D97E7734B26439C46E344002E00D189
:102240006FE1032349461D43009B5940CBB20393E2
:102250000A2D00DD33E10123AB401D00032302936F
:1022600088222A4297D1424643461204120C160095
:1022700001981D0C030C0004000C4643B4461E00DC
:102280006E430096160007005E436146B0466F43FA
:102290000E0CB8444644B74205D98021490288460D
:1022A000009F4744009761460904090C370C360427
:1022B0008C463100614401911100260C2404240C49
:1022C00061438C462100694389466146090C884672
:1022D00072434A4442447543914503D980214902DF
:1022E00088464544110C884661460904090C8C4611
:1022F00012046244B91802915146090C8C465146A9
:102300000F043F0C39004143454488466146414330
:102310008A4641466046090C894658437B435344EC
:102320004B449A4503D98021490289464844190CF7
:10233000894641460904090C8846390061431B045B
:102340004344884661464C4371438C46414677433B
:102350000E0C3F19F6194844B44203D980214902B2
:102360008946CC440299009F894631044F448946EE
:102370004146974292410C04240C4C44FF185242AF
:102380006419A1189F429B41884682465B42994648
:1023900090459241AC42A441C244D144524264426D
:1023A000144399459B41824592415B4252421343FB
:1023B0004A46360CA419E31863445B02D20D1A4353
:1023C000019992467A020A43501E8241FF0D17433B
:1023D0004A4652021743B846DB0100D5EDE60D4BE5
:1023E000039A5B449146002B00DCACE03A005207B4
:1023F00000D110E70F2258463A40042A00D0F9E6EF
:1024000009E7C046FF07000001FCFFFFFFFFFFFEDA
:10241000FE070000FF030000220032436FD0002CB3
:1024200000D1C2E0200000F0A9FE020003000B3A38
:102430001D20821A30001900D04008398C4002005B
:10244000224334008C405946CB1A86498B469B4424
:102450000A2D00DDA4E64946009B01945940CBB209
:10246000140000200393022D00DD67E6FBE65346CF
:10247000034398463CD05346002B00D1A3E050467E
:1024800000F07CFE0B235B429C460200844411005A
:102490005046083988401D23804660461B1A20009C
:1024A000D8400300404603439A4623008B40984699
:1024B0006C4B00259B1A9B46002302931AE60F2DB6
:1024C00000D0C9E0802352461B031A4202D01C42AE
:1024D00000D192E08024534624031C432403424647
:1024E000240B3EE69B46032380460C25029301E61F
:1024F00000239A469B46013304250293FAE5012105
:102500000D430A2D00DD4BE6494600984140C9B213
:102510000391022D00DC96E00023002401200193AA
:102520000CE649460223009A2B435140CAB203925B
:102530000A2B00DD34E6002D57D1039B9946002479
:102540000022494B0EE658460121C91A382900DD00
:102550002FE61F2956DD1F2254465242D31ADC4073
:10256000202907D0414B42469C4653466044834055
:102570001A43904642460721531E9A410B002243BC
:1025800013400024114209D00F231340042B5DD0C7
:10259000111D91429B410A005B425B07D2081A431E
:1025A0000023DFE5039B9946FAE5019800F0E6FD7C
:1025B00002000300153220331C2A00DC38E7019AA0
:1025C000083882403FE700F0D9FD15239C4684443B
:1025D0000200634620321C2B00DC58E7002398469B
:1025E0002300083883409A4662E71D000023002438
:1025F00002200193A2E5029032E61C43009B019A5F
:102600009946AEE51A4B5246C31840469A40C84018
:102610000243404698400300581E834154461A43E3
:10262000CC40530709D00F231340042B05D0131DB2
:10263000934292415242A4181A00230208D5012362
:10264000002400228EE5894600248BE50023A5E7BF
:1026500063076402240BA1E7009BA2469946019BF5
:10266000984637E70DFCFFFFFF0700003E0400001F
:102670001E040000F0B557464E464546DE46E0B51E
:1026800083B0009001910C034D00CE0F610A009CB5
:102690005F00640F0C43009900920193C800190376
:1026A0007B0D9946019BCC4FDB0F9C464B0A009952
:1026B0008046490F1943009B8B46DA0092466D0D08
:1026C000B94500D1BFE00123614659404B468C46D5
:1026D000EB1A8E4275D0002B00DCA3E2494600299C
:1026E00000D1CEE0BD4200D100E20127382B19DC39
:1026F000802759463F0439438B461F2B00DDFAE102
:102700002027F91A8C4659466746B9400F00110038
:10271000D9400F4361468A40511E8A415946D940EB
:102720001743641AC71BB84280414042241A23024F
:1027300000D440E16402640A002C00D154E120007E
:1027400000F01CFD0300083B20213800CA1AD040CD
:102750009C4002009F4022439D4200DDA6E1581BA1
:102760000130091A3C008F40C4407B1E9F4113007A
:102770008B4027431F43C2403B00140000251343F6
:1027800000D1F7E17B0700D177E30F2338003B400E
:10279000042B04D0381DB842BF417F42E419230204
:1027A00000D468E38C4B01359D4200D1F4E08B4BA3
:1027B0006D051C406D0D6707C00864020743240BBC
:1027C000ECE0002B00DC29E34946002900D0D6E0EC
:1027D0005946114300D12EE1591E012B00D1E6E1EB
:1027E000BB4200D182E101270B00382914DC1F2BEA
:1027F00000DD3CE22027F91A8C4659466746B9406D
:102800000F001100D9400F4361468A40511E8A4192
:102810005946D940174364183F18874280414042C7
:102820002418230200D4C6E06B4B01359D4200D131
:10283000B2E00121694B7A081C4039400A43E7079E
:10284000174364089EE7664B11438A46EB1800293C
:1028500028D066452CD0002B5BD0002D00D12CE178
:102860005B4666465F07D2081743DD083B002B43F3
:1028700000D1E2E0802424032C432403564D240B92
:102880008CE05946114300D1D5E0591E012B00D1EF
:10289000B9E1BB4200D1B1E101270B00382900DDCD
:1028A00040E72AE76146012779408C466645D2D148
:1028B000002B00D1C5E0002D00D055E14B4625008E
:1028C000054300D112E2591E8C46012B00D149E28A
:1028D000414DAB4200D18FE20127382911DC63461C
:1028E0001F2B00DD5BE26146202327005B1A0500F9
:1028F00098409F40CD40431E9841CC402F43074312
:10290000A344BF189742924152425A4414004D4684
:1029100087E7344F6B1C3B4200D0B6E0594623009A
:1029200011430F000343002D00D026E1002B00D1FE
:10293000C0E1002900D1A1E0831A98465B464045DA
:10294000AD41E31A6D425B1B80252D042B4200D163
:102950004BE15B46101A824292411C1B0700012684
:1029600063465242A41A27431E40002F00D142E181
:102970002C4200D16DE2194B01251C401BE7BD42E2
:1029800000D13BE10127382B00DD45E78027594680
:102990003F0439438B462AE7002400272D052543B1
:1029A000F60735433800290003B0F0BCBB46B246F9
:1029B000A946A046F0BD7B0704D00F233B40042B63
:1029C00000D0E7E62B00F808034A67070743E5084D
:1029D000934200D14AE7A5E0FF070000FFFF7FFF19
:1029E00001F8FFFFFE070000380000F0C7FB0300FE
:1029F00018331F2B00DCA7E63A00083882409D42BE
:102A000000DD8AE05B1B581C1F2800DCD8E11700A2
:102A10001F3BDF40202805D040231B1A9A40531E3D
:102A20009A4117430025002F00D1E5E07B0700D035
:102A3000ABE62C00C6E7C008C6E700270024D14D4E
:102A4000ACE7D14F6B1C3B4271D123000343002DF7
:102A500000D04EE15746002B00D1B5E1002F0DD03C
:102A60008318834280415C4440422418220200D5EE
:102A7000C8E11F009846274300D1BCE043466707E2
:102A8000DB081F43E50800234CE0831A98465B46A9
:102A90004045BF41E31A7F42DB1B1F027CD44746FF
:102AA0001F4300D1A6E01C00474645E6B74CED1A8F
:102AB00014407B0700D080E784E74B4625000543A0
:102AC00066D05F1E012B00D1FCE0AE4DAB4200D1C1
:102AD0005EE16646382F00DCB4E00120171ABA42E6
:102AE00092415B4652424D469C1A20E66707C00859
:102AF0000743E508BAE61F005946203FF9400F009A
:102B0000202B05D04021CB1A594699400A439246C2
:102B100053465A1E93411F4304E6EB1A9B4D154042
:102B20006F07ED082C035D05240B6D0D36E7954D01
:102B3000AB4200D1D6E08218210082428041594444
:102B400040420818C707520817434408520700D4E8
:102B500085E10F221D003A40042A00D01AE6FF0842
:102B6000640727430509DDE75B46D2085F07174383
:102B7000DD087BE60027002410E7002B00D0D6E01C
:102B8000002900D02FE1802400267E4D240305E794
:102B900066465C46D00817E75B46171ABA42924170
:102BA0001C1B012663465242A41A1E40C4E583182A
:102BB000834280415C44404225182A0200D4DAE076
:102BC000724A5B081540EA071A4369085B0700D49C
:102BD0004AE10F231340042B00D1FCE0171D97425C
:102BE000A441644202256418ECE647461C001F43DA
:102BF00000D043E7002600250024CFE6C008670781
:102C00000743E50832E6871A5B46B8428041E41A7A
:102C10004042241A230228D46307FF081F43E50813
:102C200001237FE7002B00D173E64B465F1B3B007F
:102C3000002D00D142E7382F00DDECE080230E00AC
:102C40001B041C431F2F25DC20252300ED1B010046
:102C5000A840AB40F940451EA8410B43FC40184337
:102C60005B461B1B9B4639E76646012562E51F0054
:102C70005946203FF9408C46202B05D04027594625
:102C8000FB1A99400A43924657467B1E9F41634672
:102C90001F43C1E53B002500203BDD40202F04D031
:102CA0004023DB1B9C40204380464046431E984106
:102CB000284313E700299DD0012663465C469046D1
:102CC0001E40DBE6171A5B46BA4292411C1B524279
:102CD000A41A2302C8D46307FF081F4366460123D2
:102CE000E5081FE71D000024002757E65C46D008D2
:102CF0006AE6002B00D137E75346C0086707074351
:102D0000E508002B00D1B1E580231B031D4208D04C
:102D10005946C808184204D1D20849070A43170087
:102D200005007B0FFF00FF085B071F439EE5C008FF
:102D300063071843E508002953D080231B031D4275
:102D40000AD05946CC081C4206D10126634625000C
:102D5000D008490708431E40470FC000C0087F073E
:102D6000074383E58318934292415C445242A5187D
:102D70002A0200D524E76F07DB081F43ED08012373
:102D8000D0E6C046FF070000FE070000FFFF7FFF00
:102D90005B46D2085F0766461743DD0866E52500F7
:102DA000203BDD406346202B05D0402361465B1A63
:102DB0009C402043804647467B1E9F412F43A0E511
:102DC00020210027091AD2E4002F00D113E75C4626
:102DD00017000025F6E5D708490702230F432D0900
:102DE000A0E6070042E55B4601265F07DD08634673
:102DF000D20817431E4039E55B46D2085F071743E8
:102E0000DD0833E51E4ADB08224057075202012540
:102E10001F43140BC2E50E0001205FE6002B0DD00E
:102E20004B465B1B9C46002D00D148E50127382B03
:102E300000DD66E580231B041C4350E56B1C114D2F
:102E40002B4200D073E65946230011438A460343C0
:102E500000E66707C00800230743E50862E6640749
:102E6000FF08274305095DE6D208490711430F0013
:102E700002232D0956E60700A4E538008FE4C0467A
:102E8000FFFF7FFFFE070000F0B5C6461E03360BAE
:102E9000B0460D4E0C034D005F0000B5240B6D0DC8
:102EA0007F0DB5420BD0084900208F4204D1464621
:102EB00016433000431E984180BCB846F0BD044321
:102EC0000120002CF8D1EEE7FF0700000B00020004
:102ED00070B5164D0C0382B049000020009201939A
:102EE000240B490DDE0FA94204DD1148814203DDA8
:102EF000104BF01802B070BD8020400320430E4CF0
:102F0000641A1F2C08DD0D4B5B1AD8400300584291
:102F1000002EEFD11800EDE7094B009A9C46030004
:102F200061448B40E2401343F1E7C046FE030000DA
:102F30001D040000FFFFFF7F3304000013040000A6
:102F4000EDFBFFFF70B5002816D0C317C5185D4014
:102F5000C40F280000F012F9104B1B1A5B055B0D23
:102F60000A2814DC02002E00153296400B22121A99
:102F7000D5402D032D0B03E000240023002500265F
:102F80001B052B43E40723433000190070BD0B38A9
:102F900085402D0300262D0BF2E7C0461E040000DD
:102FA00010B5041E10D000F0E9F80E4B1B1A5B059B
:102FB0005B0D0A280FDC0B222100121AD1401530BC
:102FC0000A038440120B01E0002300221B05134377
:102FD0002000190010BD22000B388240120300248B
:102FE000120BF3E71E04000070B542024300C40F49
:102FF000FE201B0E591C550A08420CD0E021890006
:103000008C466D07120B63441B051343E4072343EF
:103010002800190070BD002B14D1002D1BD02800F2
:1030200000F0ACF80A281CDC0B232A001B1ADA403B
:10303000030015339D400E4B12031B1A5B05120B48
:103040005B0DE1E7002D09D0130B802212031A4318
:103050006D07084BD8E700230022D5E70022054B77
:10306000D2E703002A000B3B9A400025E3E7C04665
:1030700089030000FF070000F0B54B000F035B0D54
:103080003A4C450F83B07F0A5E1C2F43009001919C
:10309000CA0FC50026420BD035495C18FE2C13DD43
:1030A000FF200023C0051843D207104303B0F0BD32
:1030B0003D43002B01D10020F4E7002DF0D0802308
:1030C000DB03FF203B43EDE7002C0CDD009BFF0002
:1030D0009B01581E8341690F3B430B43590727D17E
:1030E000DB08E0B2DEE72100173131DB80211E2052
:1030F00009043943001B1F282DDD02267642341BAC
:103100000E00E6403400202804D01A488446634468
:1031100099400D432B00591E8B412343590703D07F
:103120000F21194004290BD19B0100205B0AB9E74C
:103130000F211940042904D19B015B0AE0B2B1E7D9
:10314000002404335901F7D501340023E0B2A9E784
:1031500000200023A6E7084C1C192B00A540C34003
:10316000A140681E854129430B43D7E7FE070000B5
:1031700080FCFFFFA2FCFFFF82FCFFFF1C2101235C
:103180001B04984201D3000C10391B0A984201D34A
:10319000000A08391B09984201D30009043902A228
:1031A000105C40187047C04604030202010101018F
:1031B000000000000000000010B5002903D1FFF757
:1031C000DDFF203002E00800FFF7D8FF10BDC04649
:1031D00007B50A2301900122024801A907F099FCD2
:1031E00001980EBDD009002030B5102593B03822CB
:1031F000002104A810F01AFF2A000021684610F0F0
:1032000015FF8020800004F017FF04F00BFF182149
:10321000184A0224D36D04A88B43D3650D2304936D
:1032200080235B020593012306930A931B190C93D9
:1032300080239B020F9380239B0410938023DB0544
:103240000B940D950E95119304F07CFF002801D08E
:1032500072B6FEE7072302900390210068460093B0
:10326000019405F0D7F9002801D072B6FEE713B03B
:1032700030BDC0460010024010B503F051FA04F012
:1032800007FF62B603F060FAFFF7AEFF00F09AF9AD
:1032900000F094FA00F0C0FA00F058FC00F06CFC6A
:1032A00000F0BEFB00F050FD00F0BCFD00F004FE9D
:1032B00000F038FE00F06CFE00F086FB03F03EF8F4
:1032C00000F0A8F803F04CF8FEE70000034B02689A
:1032D00010B59A4201D103F04BFA10BD00480140ED
:1032E00072B6FEE7FEE7000010B5024810F022FDBE
:1032F000FEE7C046506B020810B5042004F044FEFF
:10330000082004F041FE10BD10B5202004F03CFE62
:10331000402004F039FE8020800104F035FE80203A
:10332000C00104F031FE10BD10B5024804F09AFB54
:1033300010BDC0464808002010B5034804F092FBB9
:10334000024804F08FFB10BDE8070020280700208A
:1033500010B5094804F086FB084804F083FB0848D0
:1033600004F080FB074804F07DFB074804F07AFB7B
:10337000064804F077FB10BD88070020C80600202F
:1033800068060020D004002070040020880300207C
:1033900010B5024803F0EEFB10BDC046E803002064
:1033A00010B5024806F00CFA10BDC04638030020E4
:1033B00010B5024806F008F810BDC04630050020E0
:1033C00010B5024807F000F810BDC046D009002033
:1033D00010B5024806F0F8FF10BDC0463C090020B9
:1033E00010B5024806F0F0FF10BDC046A808002046
:1033F00010B507F03DFE002001F080FF10BD000079
:1034000010B5024804F006FE10BDC0469405002029
:103410007047704710B50021034A044802F0CCFF02
:10342000034B186010BDC046009B0208F133010831
:103430003403002007B501210D4B02201A6C4042D5
:103440000A431A641A6C0A4080210092009ADA6BCF
:1034500049050A43DA63DB6B00220B400193032129
:10346000019B04F011F8C020C00003F0A5F907BDCE
:1034700000100240802170B5204BC9021A6C86B042
:103480000A431A641B6C05000B400193694602A8AD
:10349000019B05F07DF9059B002B28D105F064F90F
:1034A000174E184B18493360184BF360FCF766FF52
:1034B00000230138706030003361B360B36106F0FF
:1034C0007BFA041E10D1300006F040F9041E0BD127
:1034D000162004F003F8032D0DD822002900162031
:1034E00003F0D2FF0A4B1D60200006B070BD05F04E
:1034F0003BF94000D4E70124F6E7C0460010024043
:10350000380300200048014040420F00E70300005C
:103510000C00002070470120704710B510F096FE97
:10352000162303600120404210BD10B510F08EFE3E
:1035300016230360FEE770B50E0014000025A542B7
:1035400001DB200070BD00E000BF70550135F6E7DB
:1035500070B50E0014000025A54201DB200070BDEF
:10356000705DFFF735FE0135F6E7012040427047F8
:1035700080239B0100204B60704701207047002092
:10358000704700000B490C4A0300521A0B4910B552
:103590000868002801D10A4808600868C3189342E7
:1035A00006D910F053FE0C2303600120404210BDE9
:1035B0000B60FCE7000800000040022084030020AC
:1035C00020AC0120F0B58BB01422002105A810F02A
:1035D0002DFD042101246F4B6F485A6B6F4F0A4336
:1035E0005A635A6B00250A400092009A5A6B1C31AC
:1035F0000A435A635A6B03260A400192019A5A6B96
:103600001E3922435A635A6B22400292029A5A6B25
:103610000A435A635A6B0A400392039A5A6B063163
:103620000A435A635B6B00220B407B310493890190
:10363000049B04F09BFCA02000225949C00504F023
:1036400095FC38000022574904F090FC00225649AE
:10365000564804F08BFC22001021544804F086FCEC
:10366000842122003800490004F080FC80239B0163
:10367000059305AB1900484806940795089504F092
:103680003FFB8823A0205B00059305AB1900C00514
:1036900006940795089604F033FB0221444B38004A
:1036A000059305AB079119000694089604F028FBD2
:1036B000C023DB010593C4239B03069305AB1900CC
:1036C0003800079404F01CFB802305AA1100380081
:1036D0001B02059306940795089504F011FBC0237F
:1036E00005AA11002C48059306940795089604F046
:1036F00007FB05AA2F4B11002C480593069407954C
:10370000089604F0FDFA02218023A0201B020791F5
:10371000C00505A905930694089604F0F1FA6C23F8
:103720000593842305A99B0320480693079404F07E
:10373000E7FA842338005B0005A9059306940794F3
:10374000089604F0DDFA80221B4B5202196806200D
:103750000A431A608022196892020A431A60802282
:103760001968D2020A431A608022196812030A43B8
:103770001A6031002A0003F087FE062003F0AEFE37
:103780002A003100072003F07FFE072003F0A6FE89
:103790000BB0F0BD001002400008005000040050C3
:1037A00010810000C182000003030000000C0050E3
:1037B000C1020000130300000000014007B5012111
:1037C000144B09209A6B0A439A639A6B0A40009241
:1037D000009A9A6B49180A439A639B6B00220B402C
:1037E00001930131019B03F04FFE092003F076FEA7
:1037F000002203210A2003F047FE0A2003F06EFE98
:10380000002203210B2003F03FFE0B2003F066FE95
:1038100007BDC046001002401FB50C22002101A8C0
:1038200010F004FC802202211F4C92031F4B2261E6
:10383000E161042221002360802362612C31033A7C
:10384000A2760A700432DB056263A2632200636021
:1038500000233C322000A360E36023836362A36201
:1038600023631370E36402F0B7FF002801D0FFF771
:1038700037FD0F4B20000193002301A9029303930E
:1038800003F026FA002801D0FFF72AFD094B20009B
:103890000193042301A9029303F01AFA002801D02E
:1038A000FFF71EFD1FBDC046E803002000240140B5
:1038B000020000040004002870B5050088B014223E
:1038C000002103A810F0B2FB284B2A689A424BD182
:1038D0008021274B49031A6CA0200A431A641A6CF2
:1038E00003240A4001210092009A5A6BC0050A4342
:1038F0005A635A6B00260A400192019A0222596BC0
:10390000114359635B6B03A913400293029B03921B
:10391000049404F0F5F90423164803A903930494CE
:10392000059604F0EDF9144C144B20002360052398
:1039300063607B332361803363618023DB00A66097
:10394000E660A361E661266203F016FFB04201D093
:10395000FFF7C6FC0C20002203212C65A56203F0B2
:1039600093FD0C2003F0BAFD08B070BD00240140A7
:103970000010024000040050880300201C04024094
:103980000D4B026810B504009A4213D1A0200B4AD7
:103990000B49136CC0050B401364022104F068FA54
:1039A0000421084804F064FA206D03F053FF0C2052
:1039B00003F0A0FD10BDC0460024014000100240ED
:1039C000FFFFEFFF000400500848094B10B50360EB
:1039D00000238380436183610133036203F0DCFDD4
:1039E000002801D0FFF77CFC10BDC0464C0400202D
:1039F00000300240084B026882B09A4209D180210F
:103A0000064B49019A6B0A439A639B6B0B400193E7
:103A1000019B02B07047C0460030024000100240D7
:103A2000E0221148D20010B5C26002220F4B0261A1
:103A300003608223013A426180225B0043600023DD
:103A400092008261813AFF3A0262793A8360C361EF
:103A500043628362C2620363436305F06FFA002826
:103A600001D0FFF73DFC10BD3005002000300140C3
:103A700030B5050089B01422002103A810F0D6FA51
:103A80002C4B2A689A4253D180212B4B49011A6C46
:103A9000A0200A431A641A6CC0050A400121019251
:103AA000019A5A6B0A435A635B6B0B400293029B69
:103AB000E0230393DE3B04935B1803A9069304F011
:103AC0001FF91E4C1E4B80222360102363600023CD
:103AD0002000A360E36022616361A361E36123626C
:103AE00003F04AFE002801D0FFF7FAFB154BAC6546
:103AF000A562154C8022236011236360013BA36003
:103B000000232000E36022616361A361E36123621B
:103B100003F032FE002801D0FFF7E2FB192000225B
:103B200003216C65A56203F0AFFC192003F0D6FCFD
:103B300009B030BD0030014000100240D004002028
:103B40008000024008040240700400200748084B2F
:103B500010B5036003234360064BC360836004F029
:103B600027FA002801D0FFF7BBFB10BD9405002009
:103B700000300040B80B000010B586B014220021C0
:103B800001A810F053FA214C214A002322607F2221
:103B9000E2608032226180222000D2050093A3607F
:103BA0006361A361E3612262636204F057FF00284E
:103BB00001D0FFF795FB04F035FA0021200005F055
:103BC000C9F8144A90421ED00021200005F0BAF82E
:103BD00000236A4620009380937101A90122029379
:103BE0000493059304F09CFF002801D0FFF778FBB5
:103BF000094B012269462000009304F0FBFF0028D6
:103C000001D0FFF76DFB06B010BDC046A405002033
:103C100000280040129078560103022610B50400D7
:103C20008CB02C22002101A810F000FA104B226861
:103C30009A421BD180239B020193802301A85B0041
:103C40000A9304F0BFFD002801D0FFF749FB802252
:103C5000084B1202D96D0A438021DA65DA6BC9007C
:103C60000A43DA63DB6B0B400093009B0CB010BD82
:103C7000002800400010024003680E4A82B09342C0
:103C80000BD180210C4B09011A6C0A431A641B6C7E
:103C90000B400093009B02B07047084A9342FAD150
:103CA0000221054BDA6B0A43DA63DB6B0B400193AD
:103CB000019BF0E7002C014000100240000400408E
:103CC00010B5040088B01422002103A810F0AEF94A
:103CD0002368184A934216D10421174B17485A6B90
:103CE0000A435A635B6B03220B400193019BC02381
:103CF0009B000393022306920493079303A903F006
:103D0000FFFF08B010BD0E4A9342FAD102230A4ABF
:103D10000C48516B19435163526B04931A40029241
:103D2000029A302201330693023B0392079303A9C0
:103D3000E5E7C046002C014000100240000800509A
:103D4000000400400004005030B599B00C2200215E
:103D500001A810F06BF91C22002104A810F066F9EC
:103D6000342200210BA810F061F92C4C2C4B0025BB
:103D700023600F236360B833E3602000473BA560F6
:103D800025616561A36105F041FEA84201D0FFF7FE
:103D9000A7FA200001A901950295039506F014F8F1
:103DA000002801D0FFF79CFA602300220493200032
:103DB0005C3B04A9059206920792089309920A9225
:103DC00005F08EFE002801D0FFF78AFA04222000B9
:103DD00004A905F085FE002801D0FFF781FA8022B2
:103DE0009201109280220023920420000BA90B93D1
:103DF0000C930D930E930F931193129313931492AC
:103E000015931693179306F019F8002801D0FFF7C1
:103E100067FA2000FFF754FF19B030BD1C060020E0
:103E2000002C014030B58BB00C220021684610F008
:103E3000FDF81C22002103A810F0F8F81C4C1D4BC3
:103E4000002523600F2320006360B833A560E36082
:103E50002561A56105F0DAFDA84201D0FFF740FA1F
:103E6000694620000095029505F0AEFF002801D0BC
:103E7000FFF736FA60230022039320005C3B03A97E
:103E800004920592079305F02BFE002801D0FFF75E
:103E900027FA0422200003A905F022FE002801D001
:103EA000FFF71EFA2000FFF70BFF0BB030BDC04636
:103EB000D00500200004004010B5184B184C0C220F
:103EC0002360E1235B02636000232000A360E360C2
:103ED00023616261A361E36123626362A36206F00E
:103EE000E7FE002801D0FFF7FBF90021200007F0D2
:103EF00027F8002801D0FFF7F3F90021200007F090
:103F00003FF8002801D0FFF7EBF9200006F0FAFF98
:103F1000002801D0FFF7E4F910BDC0460038014089
:103F2000D009002010B5184B184C0C222360E12357
:103F30001B03636000232000A360E36023616261D0
:103F4000A361E36123626362A36206F0B1FE00280D
:103F500001D0FFF7C5F90021200006F0F1FF00288D
:103F600001D0FFF7BDF90021200007F009F8002873
:103F700001D0FFF7B5F9200006F0C4FF002801D0FA
:103F8000FFF7AEF910BDC046004400403C090020D8
:103F900010B5194B194C00212360E1235B026360CB
:103FA0000C230A00636120000B00A160E160216125
:103FB000A161E16121626162A16206F059FF0028FE
:103FC00001D0FFF78DF90021200006F0B9FF00288D
:103FD00001D0FFF785F90021200006F0D1FF00286D
:103FE00001D0FFF77DF9200006F08CFF002801D0FA
:103FF000FFF776F910BDC04600480040A808002031
:10400000F0B5040099B01422002108A810F00EF8B1
:104010002C2200210DA810F009F82368A04A934231
:1040200063D101230DA80D9304F0CCFB002801D02F
:10403000FFF756F980219B4BC9011A6CA0200A4357
:104040001A641A6C00260A400192019A0122596BE7
:10405000C005114359635B6B08A913400293029B8F
:10406000C023DB000893022309939B180B930A9645
:104070000C9203F045FE8C4D8C4B28002B603223B4
:104080006B604E332B61603BAE60EE606E61AE6183
:10409000EB612E6203F070FBB04201D0FFF720F914
:1040A000231DDD67AC62824B824D80222B6033235F
:1040B0006B60233BAB6000232800EB602A616B61DF
:1040C000AB61EB612B6203F057FB002801D0FFF7D7
:1040D00007F91B2000220321E567AC6203F0D4F945
:1040E0001B2003F0FBF919B0F0BD734A934263D172
:1040F00002230DA80D9304F065FB002801D0FFF703
:10410000EFF88021674B8902DA6BA0200A43DA635B
:10411000DA6B00260A400392039A0122596BC0050C
:10412000114359635B6B08A913400493049B0C2350
:1041300008930A3B09939B180B930A960C9203F081
:10414000DFFD5E4D5E4B28002B6034236B604C33EB
:104150002B61603BEB6180239B01AE60EE606E6182
:10416000AE612B6203F008FBB04201D0FFF7B8F854
:10417000231DDD67AC62534B534D80222B603523EA
:104180006B60253BAB600023EB606B61AB61EB6167
:10419000802328009B012A612B6203F0EDFA00289E
:1041A00001D0FFF79DF81C2000220321E567AC62D7
:1041B00003F06AF91C2094E7444A934200D092E746
:1041C00004230DA80D9304F0FDFA002801D0FFF799
:1041D00087F8802104270226324BC902DA6B0025BA
:1041E0000A43DA63DA6B3A480A400592059A5A6B39
:1041F00008A93A435A635A6B3A400692069A5A6B98
:1042000032435A635B6B099633400793079B302315
:1042100008932D3B0B930A950C9503F071FD032336
:104220002C4808A9089609960B930A950C9703F059
:1042300067FD294E294B30003360362373604A33C3
:10424000B560F56033617561B561F561356203F0A4
:1042500093FAA84201D0FFF743F8231D204DDE67F3
:10426000204B80222B6037236B60273BAB60002301
:104270002800B462EB602A616B61AB61EB612B6279
:1042800003F07AFA002801D0FFF72AF81D20002257
:104290000321E567AC6203F0F7F81D2021E7C04673
:1042A0000038014000100240480800200800024089
:1042B0001C000240E807002000440040880700205E
:1042C000440002403000024028070020004800401F
:1042D0000008005000040050C806002058000240AA
:1042E000680600206C0002400368254A10B50400EF
:1042F000934215D1234A2449136CA0200B40C021BE
:104300001364C900C00503F0B3FD231DD86F03F08B
:10431000A1FAE06F03F09EFA1B2003F0EBF810BD4A
:104320001A4A934212D1A020164A1949D36BC005EC
:104330000B40D3630C2103F09BFD231DD86F03F0CA
:1043400089FAE06F03F086FA1C20E6E7114A9342EF
:10435000E5D10C4A1049D36B10480B40D363302190
:1043600003F086FD02210E4803F082FD231DD86F65
:1043700003F070FAE06F03F06DFA1D20CDE7C04640
:104380000038014000100240FFBFFFFF0044004022
:10439000FFFFFDFF00480040FFFFFBFF000800504B
:1043A000000400500368094A10B5934202D10DF091
:1043B00003FC10BD064A934202D109F06BF9F8E7FD
:1043C000044A9342F5D10AF05BF9F2E70038014064
:1043D00000440040004800400368094A10B5934279
:1043E00002D10DF0F3FB10BD064A934202D109F051
:1043F00053F9F8E7044A9342F5D10AF06BF9F2E772
:104400000038014000440040004800400368094A69
:1044100010B5934202D10DF0E3FB10BD064A934262
:1044200002D109F057F9F8E7044A9342F5D10AF0AE
:1044300077F9F2E7003801400044004000480040AE
:1044400070B5202001F0BCFE041E04D0002520C061
:1044500000F0EEF82577200070BDF7B506000D00DE
:104460001F000192002801D172B6FEE780235B0491
:10447000994201D372B6FEE7002901D172B6FEE778
:1044800001F03AFA002804D1089B002B01D072B643
:10449000FEE700F0BFFF346823002B40002F14D14B
:1044A000002B14D1089B002B17D001994B1E99416A
:1044B0000906002F02D08023DB041943089A294300
:1044C000301D01F027F9002409E09D42EAD1019B4B
:1044D000002B02D02300AB4333600023089301F08C
:1044E00033F8089B002B15D0002801D101F0A4FD62
:1044F00001F0C2FA040083010AD401F0A9FD346876
:1045000023002B40002F07D1002B07D101F0ACFD79
:104510002402240A2000FEBD9D42F7D1019B002BFE
:10452000F4D02300AB433360F0E770B504000D0016
:10453000002801D172B6FEE780235B04994201D3C3
:1045400072B6FEE701F084FD26683300AB432360BA
:1045500001F08AFD300070BDF7B504000D000028A1
:1045600001D172B6FEE780235B04994201D372B693
:10457000FEE703000C33019300F04CFF2368206931
:104580002B4300252360019A2368824205D1AB4367
:10459000236000F0D9FF2068FEBD1E000168476857
:1045A0000A02120A1640B4468026F604314204D1AB
:1045B0006646002E03D13800E5E76245FBD1802630
:1045C0007604314200D0154380218904194301F05B
:1045D00013F9F0E710B5FFF7BFFF10BD70B58025E8
:1045E000040000F017FFAD046368002B08D1237F9F
:1045F000002B02D1200001F06BFE00F0A5FF70BD82
:10460000230020690C33984201D172B6FEE72900DD
:1046100001F0F2F8E8E7000010B5044C13000A00BE
:104620000100200001F0B6FC10BDC046D5450108D0
:104630000300083301224360C36003610023524238
:1046400082600360704700230361704743689A6883
:104650004B608A60516099600368086101330360B0
:104660007047020030B50C680832631C0AD1036938
:104670005A684A6091608B60596003680861013331
:10468000036030BD130052681568A542FAD9EFE700
:104690000369416882688A6051605968814200D12B
:1046A0005A60002202611A68013A1A60186870475D
:1046B00010B5040001F0CCFCA46B01F0D5FC604205
:1046C000604110BD70B51600026C0400856B002AB5
:1046D00009D10668002E12D1806801F05BF9A6604E
:1046E0000135A56370BD002E0ED140680FF0EEFDC0
:1046F0006368226C9B18A2686360934201D2002019
:10470000EEE723686360FAE7C0680FF0DFFD226C14
:10471000E36851429B1A2268E360934202D2A36885
:104720005B18E3600020022EDAD12B005A1E934161
:10473000ED1AD5E703001A6C080010B5002A0AD05C
:10474000DC689968A418DC608C4201D31968D960D0
:10475000D9680FF0BBFD10BD70B5040026004536CA
:1047600001F076FC35786DB2002D02DD636A002B16
:1047700013D1FF2333702600443601F075FC01F09D
:1047800067FC35786DB2002D02DD2369002B0ED158
:10479000FF23337001F068FC70BD2000243000F06E
:1047A000F1FF002801D001F09BF8013DDBE720007C
:1047B000103000F0E7FF002801D001F091F8013D32
:1047C000E0E770B504000D00002801D172B6FEE7E5
:1047D00001F03EFC216CE36B22684B43D0185B1A5E
:1047E0006260D2182300A060E2600020FF22443300
:1047F000A0631A705A7085420ED12369834207D094
:104800002000103000F0BEFF002801D001F014FCA1
:1048100001F02AFC012070BD20001030FFF708FFD6
:1048200020002430FFF704FFF2E773B51C0006AB4D
:104830001D78002801D172B6FEE7002C01D172B6B6
:10484000FEE7002A03D0002905D172B6FEE7002951
:1048500001D072B6FEE750230193019B502B01D08B
:1048600072B6FEE7019B2300012646331E70002925
:1048700000D12200E0632164200001212260FFF7C3
:10488000A0FF23004C3320001D7076BDF8B5060054
:104890000D001700002801D172B6FEE70800704332
:1048A000503001F08DFC041E11D00300002246336D
:1048B0001A700300954200D050332360012120007C
:1048C000E6632564FFF77DFF23004C331F70200053
:1048D000F8BD13B513000C00002801D172B6FEE735
:1048E000884201D272B6FEE7022200920022110035
:1048F000FFF79BFF002800D0846316BD10B50C00A5
:10490000002801D172B6FEE7884201D272B6FEE7F6
:1049100002220021FFF7BAFF002800D0846310BDF7
:10492000F0B585B004000F001E000192002801D1EF
:1049300072B6FEE7002904D1036C002B01D072B6D9
:10494000FEE7022E04D1E36B012B01D072B6FEE725
:1049500000F0D2FF051E1BD0002501F079FBA26BF1
:10496000E36B9A4219D2320039002000FFF7AAFE09
:10497000636A002B03D02000243000F003FF0028DE
:1049800001D001F059FB01F06FFB012005B0F0BD33
:10499000019B002BE1D072B6FEE7022EE3D0019B13
:1049A000002B03D101F060FB0020EFE7002D02D1C6
:1049B00002A800F059FF01F057FB00F02BFD01F0B9
:1049C00047FB2200443213785BB2013301D100234C
:1049D00013702200453213785BB2013301D10023FA
:1049E000137001F041FB01A902A800F049FF002863
:1049F0001FD101F02DFBA26BE36B9A4210D101F0A5
:104A000033FB20000199103000F072FE2000FFF708
:104A1000A3FE00F099FD002809D101F00DFB06E08E
:104A200001F022FB2000FFF797FE00F08DFD01252D
:104A300093E72000FFF790FE00F086FDB4E7002228
:104A400013B50B00009011000120FFF7EEFE041ECD
:104A500007D000210B000A0081600160C160FFF7F0
:104A60005FFF200016BD70B5041E01D172B6FEE7CF
:104A7000856800F03BFF0023854205D1E1680139DC
:104A8000E160994202D00123180070BD0B000A00BA
:104A90002000FFF745FFF6E770B50600502001F053
:104AA0008FFB041E15D003000025012146331D7025
:104AB000C16300600564FFF784FE23004C331E7061
:104AC0002A002B0029002000A5602560E560FFF783
:104AD00027FF200070BDF0B585B0040017001E0050
:104AE0000191002801D172B6FEE7019B002B04D191
:104AF000036C002B01D072B6FEE7022E04D1E36BEB
:104B0000012B01D072B6FEE701F0BCFAA26BE36B99
:104B100003909A4202D30025022E1AD12300453376
:104B200002931D7832006DB220000199A36BFFF74C
:104B3000C9FD6B1C13D1636A002B09D020002430FF
:104B400000F020FE002803D0002F01D001233B609D
:104B50000125039801F09AFA280005B0F0BD029BE8
:104B600001356DB21D70F3E7F8B504000D000028A3
:104B700001D172B6FEE7036C002B01D072B6FEE7DE
:104B80000368002B04D18368002B01D072B6FEE7C6
:104B900001F078FAA26BE36B06000027934215D967
:104BA000210045310B7801325BB2A2635A1C12D14D
:104BB000636ABB4209D02000243000F0E3FDB84214
:104BC00003D0BD4201D001232B600127300001F04A
:104BD0005DFA3800F8BD01335BB20B70F5E7F0B554
:104BE00085B004000E000192002801D172B6FEE7E4
:104BF000002904D1036C002B01D072B6FEE700F04F
:104C00007BFE051E1BD0002501F022FAA76B002FAA
:104C10001AD031002000013FFFF78CFDA763236904
:104C2000002B07D02000103000F0ACFD002801D090
:104C300001F002FA01F018FA012005B0F0BD019B65
:104C4000002BE1D072B6FEE7019B002B03D101F0EF
:104C50000BFA0020F1E7002D02D102A800F004FEBB
:104C600001F002FA00F0D6FB01F0F2F92200443222
:104C700013785BB2013301D1002313702200453257
:104C800013785BB2013301D10023137001F0ECF90A
:104C900001A902A800F0F4FD00281AD12000FFF7B6
:104CA00007FD00280FD020000199243000F020FDDE
:104CB0002000FFF751FD00F047FC002801D101F072
:104CC000BBF90125A0E72000FFF746FD00F03CFC02
:104CD000F7E72000FFF740FD00F036FC2000FFF76B
:104CE000E7FC0028EDD0B4E7F0B585B0041E0191D3
:104CF00001D172B6FEE7056C002D01D072B6FEE759
:104D000000F0FAFD061E20D02E00012701F0A0F9C8
:104D1000A36B002B1ED0013BA3632368002B02D1A1
:104D200000F0B6FEA0602369002B07D020001030F1
:104D300000F028FD002801D001F07EF901F094F97F
:104D4000012005B0F0BD3500DFE7019B002BFAD054
:104D500072B6FEE7019B002B03D1002D62D072B624
:104D6000FEE7002E02D102A800F07EFD01F07CF9E2
:104D700000F050FB01F06CF92200443213785BB272
:104D8000013301D1002313702200453213785BB246
:104D9000013301D10023137001F066F901A902A8C3
:104DA00000F06EFD002825D12000FFF781FC0028CF
:104DB0001AD02368002B07D101F04AF9A06800F04F
:104DC000ABFD050001F050F920000199243000F0FE
:104DD0008FFC2000FFF7C0FC00F0B6FB002801D1DB
:104DE00001F02AF93E0091E72000FFF7B5FC00F042
:104DF000ABFBF7E72000FFF7AFFC00F0A5FB2000BE
:104E0000FFF756FC0028EDD0002D0DD001F020F961
:104E1000616A002903D03821236B1B68C91AA06876
:104E200000F0EEFD01F020F900208AE770B50400E3
:104E30000D00002801D172B6FEE7866800F056FD2D
:104E4000864204D10120E3680133E36070BD29008C
:104E50002000FFF749FF0028F8D0E3680133E36042
:104E6000F4E7F0B585B0040016000191002801D1E7
:104E700072B6FEE7019B002B04D1036C002B01D01E
:104E800072B6FEE701F0FEF80025A76B0390AF4273
:104E90001AD02300443302931D7820000199013F6A
:104EA0006DB2FFF747FCA7636B1C13D12369002B7E
:104EB00009D02000103000F065FC002803D0002E3F
:104EC00001D0012333600125039801F0DFF82800A9
:104ED00005B0F0BD029B01356DB21D70F3E7000017
:104EE000002370B5064ADD00AC182668002E02D1FA
:104EF000A950606070BD0133082BF4D1FAE7C046B9
:104F0000640A0020084A0023110010B55468844246
:104F100005D10022DB00CA50C9184A6010BD013318
:104F20000832082BF2D1F9E7640A002010B5041EFC
:104F300001D172B6FEE7FFF7E5FF230046331B7889
:104F4000002B02D1200001F0C3F910BD70B50400A0
:104F500016000D0001F07CF82200443213785BB299
:104F6000013301D1002313702200453213785BB264
:104F7000013301D10023137001F076F8A36B002BED
:104F800005D1200032002900243000F0E3FB20008E
:104F9000FFF7E2FB70BD0000F7B5040001F058F820
:104FA0002A4B2B4D1A682B4E01321A602F68002FA6
:104FB00041D12C601B68012B1ED11420784301378E
:104FC0003018FFF735FB382FF7D1234F3800FFF7A4
:104FD0002FFB224B18000193FFF72AFB2048FFF715
:104FE00027FB2048FFF724FB1F48FFF721FB1F4B3F
:104FF000019A1F601E4B1A601E4A1368013313602A
:1050000063641D4BE26A19688A4200D91A6014234E
:105010005343211DF018FFF719FB01F025F8174B3A
:105020001B68002B06D02B68DA6AE36A9A4201D229
:1050300001F002F8F7BD114B1A68E36A002ADBD1D0
:105040002A68D26A9A42D7D82C60D5E7C80A0020CD
:105050009C0F00203C0B0020280B0020140B00208C
:10506000F80A0020E40A0020CC0A0020100B0020DF
:105070000C0B0020AC0A0020C00A0020BC0A002053
:10508000F8B50400144B154D1E6828680F00043055
:10509000FFF7FEFA631C07D1002F05D029681048DE
:1050A0000431FFF7D3FAF8BD2B6834195C60A642CF
:1050B00006D90C4B186829680431FFF7D2FAF2E7D9
:1050C000094B186829680431FFF7CBFA074B1A68B7
:1050D000A242E8D91C60E6E7C40A00209C0F002029
:1050E000CC0A00200C0B0020100B0020A80A002086
:1050F000074A13681968074B002903D1012252425D
:105100001A6070471268D268D2685268F8E7C046E1
:10511000100B0020A80A002010B5040054300EF037
:10512000DDFF2300A5331B78002B06D1206B01F097
:10513000CFF8200001F0CCF810BD012BF9D0022BE4
:10514000FAD072B6FEE7000070B5114C2368002B50
:1051500008D1104B1B68012B01D900F06DFFFEF741
:105160004FF9F2E700F074FF0B4BDB68DD68281D98
:10517000FFF78EFA094A1368013B13602368013B6D
:10518000236000F071FF2800FFF7C6FFDDE7C0468F
:10519000E00A00203C0B0020E40A0020C80A00209E
:1051A000F7B50A9C9600320000900D00206BA521F7
:1051B00001930EF03BFF0722276B043EBF19974374
:1051C000002D3CD0210000233431EA5CCA54002A6F
:1051D00002D00133102BF8D12300002243331A7080
:1051E000089D372D00D937250026201DE562E5648E
:1051F0002665FFF728FA20001830FFF724FA382335
:105200005B1BA36123002000A033246164624C2255
:105210001E6031001E7154300EF008FF0A4B38003A
:10522000A3650A4B019AE365094B0099236600F0D8
:10523000F1FE099B2060B34200D01C60F7BD230043
:1052400034331D70CCE7C046D8AA012040AB012002
:10525000A8AB012070B586B00B9D0C9C002D01D130
:1052600072B6FEE7002C01D172B6FEE7A8260596BD
:10527000059EA82E01D072B6FEE725632500059E87
:105280000226A5352E7004AD01950A9D0294009565
:10529000FFF786FF2000FFF77FFE049806B070BD81
:1052A000F0B5070087B0900016000491059300F058
:1052B00087FF051E03D10120404207B0F0BDA820A2
:1052C00000F07EFF041E14D003000022A533056306
:1052D0001A700D9B320001930C9B0499029000936D
:1052E0003800059BFFF75CFF2000FFF755FE01200B
:1052F000E3E7280000F0ECFFDDE7000070B50400F4
:1053000000F0A6FE1C4D002C00D12C68261D30009C
:10531000FFF7BEF9A36A002B03D020001830FFF777
:10532000B7F9164A1368013313602B68A34216D1EC
:1053300031001348FFF78AF9124A136801331360EA
:1053400000F092FE104B1B68002B14D02B68A34278
:1053500011D10E4B1B68002B0BD072B6FEE70C4A26
:1053600020001368013B1360FFF7D6FEFFF7C0FE75
:10537000E6E700F061FE70BD9C0F0020AC0A002043
:10538000E40A0020E00A0020BC0A0020A40A002051
:10539000C80A002010B5002488B007AA06A905A8ED
:1053A0000594069401F0A2F9059B13490293069B0C
:1053B00012480193079A23000094FFF74BFFA04285
:1053C00013D000F059FC012811D172B60C4B0D4AD4
:1053D0001B685433136001220B4B52421A600B4B73
:1053E00018600B4B1C6000F0A9FE08B010BD013026
:1053F000FBD172B6FEE7C046646B02084951010852
:105400009C0F002090020020A80A0020BC0A002067
:10541000C40A0020024A1368013313607047C04673
:10542000A40A0020014B18687047C046C40A002037
:10543000014B18687047C046C40A0020F0B5374BCE
:1054400085B01B68002B60D1354B1D6801351D6090
:10545000002D11D1334B1A681268002A01D072B6A0
:10546000FEE7314A19681068186011602F4A136806
:1054700001331360FFF73CFE2D4A2E4F01923B682B
:105480002D4A002402929D4236D2029B1B68DA6AA2
:1054900014235343019AD358012B00D90124274BDD
:1054A0001B68002B37D1200005B0F0BD1B68DB68FE
:1054B000DE6873689D4226D3331D18000393FFF7FF
:1054C000E7F8B36A002B03D030001830FFF7E0F89C
:1054D0001B4BF06A1A68904200D918601423584395
:1054E000019B311D1818FFF7B1F8029BF26A1B6887
:1054F000DB6A9A4200D301240A4B1A681268002A18
:10550000D4D101235B423B60BFE70E4A00241368FD
:1055100001331360C7E70124C5E7C046A40A002091
:10552000C40A0020100B00200C0B0020B00A002041
:105530003C0B0020A80A00209C0F0020B40A002089
:10554000C00A0020B80A0020F8B52B4C2368002BB5
:1055500001D172B6FEE700F07BFD2368013B2360BA
:105560002468002C04D0002400F07EFD2000F8BD4B
:10557000224B1B68002BF6D0142601271DE0DB68A8
:10558000DC682000251D1830FFF782F82800FFF79F
:105590007FF81B4BE06A1A68904200D9186070438C
:1055A000184B2900C018FFF751F8174BE26A1B6827
:1055B000DB6A9A4201D3154B1F60154B1A68002A0B
:1055C000DDD1002C01D0FFF793FD124D2C68002C8B
:1055D0000AD00126FFF732FF002801D00B4B1E60D6
:1055E000013C002CF6D12C60084B1B68002BBAD074
:1055F00000F022FD0124B7E7A40A0020C80A002019
:10560000C00A00203C0B00209C0F0020B40A0020A0
:10561000F80A0020B80A002070B5041E02D100F07C
:105620000BFD70BD084B1D68002D01D072B6FEE762
:10563000FFF7F0FE29002000FFF722FDFFF784FFAF
:105640000028ECD0EDE7C046A40A0020214B70B53D
:105650001A68214B002A02D001221A6070BD1F4C2B
:105660001A6023681E491B6B1A688A4208D1596860
:10567000914205D19A688A4202D1DB68934204D0F4
:10568000206821683431FDF7C3FE142615481649F9
:105690000268330053435D58002D15D0CD186E6855
:1056A000083376685B186E609E4201D173686B6048
:1056B00014235343C9184B68DB68236002602368D6
:1056C0000A4A54331360C9E7002A01D172B6FEE7D3
:1056D000013ADEE7A40A0020B40A00209C0F002053
:1056E000A5A5A5A5C00A00203C0B00209002002023
:1056F00010B50C00002801D172B6FEE7044B196802
:105700001831FEF7AEFF01212000FFF7B9FC10BDF4
:105710009C0F002070B50B001400002801D172B658
:10572000FEE70A4A1268002A01D172B6FEE780211C
:10573000074A090615681943A96111681831FEF76F
:1057400085FF01212000FFF79BFC70BDA40A00200B
:105750009C0F002070B50C001500002801D172B616
:10576000FEE7074B19681831FEF770FF002D01D0D6
:105770000124644229002000FFF782FC70BDC0466E
:105780009C0F0020C36870B5DC68002C01D172B694
:10579000FEE7250018352800FEF77AFF104B114868
:1057A0001B68002B0DD1251D2800FEF771FF0E4A46
:1057B000E36A11688B4200D91360142058430B4BE5
:1057C000C0182900FEF742FF094BE26A1B6800205F
:1057D000DB6A9A4202D9074B0130186070BDC0469F
:1057E000A40A0020F80A0020C00A00203C0B002078
:1057F0009C0F0020B40A0020164A0B00126870B5F6
:10580000002A01D172B6FEE78021C4680906194357
:105810000160002C01D172B6FEE7251DFEF738FFAE
:105820002800FEF735FF0C4AE36A11688B4200D965
:10583000136014205843094B2900C018FEF706FFD7
:10584000074BE26A1B68DB6A9A4202D90122054BC8
:105850001A6070BDA40A0020C00A00203C0B002082
:105860009C0F0020B40A0020034B1B680360034B0D
:105870001B6843607047C046B00A0020C40A00207D
:1058800070B505000C00002801D172B6FEE70029B2
:1058900001D172B6FEE700F0DBFB0F4B19682368FD
:1058A0005A1C10D00D482E6800686A68864201D0E4
:1058B0008A420FD9881A83420AD95B1A9B1828009A
:1058C0002360FFF7D1FF002400F0CEFB200070BD65
:1058D000002323600124F7E7C40A0020B00A002057
:1058E0000122014B1A607047B40A0020014B18686E
:1058F0007047C0469C0F0020054B01201B68002B01
:1059000004D0044B18684342584140007047C046D9
:10591000BC0A0020A40A0020F8B5041E27D01A4DA6
:10592000C26A2B68DB6A9A4226D28369002B04DBA9
:105930002B68D96A38235B1A836114235343134EAF
:1059400062699B199A4213D1271D3800FEF7A0FE09
:105950002B680F4ADB6A1168E3628B4200D913603F
:10596000142253433900F018FEF770FE0120F8BDF1
:105970002B68DB6AE362F9E72B68C06CDB6A98424C
:1059800080414042F3E7C0469C0F00203C0B0020C2
:10599000C00A002070B5002801D1002070BD154B51
:1059A0001C68844201D072B6FEE7236D002B01D142
:1059B00072B6FEE7E16AE26C013B23659142ECD0EE
:1059C000002BEAD1251D2800FEF762FE3822E36C89
:1059D000D21AA261084AE36211688B4200D91360AF
:1059E00014205843054B2900C018FEF72FFE012054
:1059F000D4E7C0469C0F0020C00A00203C0B0020CA
:105A000070B5041E31D0026D002A01D172B6FEE7D6
:105A1000C36C8B4200D20B00E16A994225D0012A67
:105A200023D1124A1268A24201D172B6FEE7A269DE
:105A3000E362002A02DB3822D31AA36114234B430A
:105A40000B4D62695B199A420FD1261D3000FEF79B
:105A50001FFE084BE26A19688A4200D91A601423B3
:105A600053433100E818FEF7F1FD70BD9C0F002094
:105A70003C0B0020C00A0020044B1A68196890698A
:105A80001A683823C96A5B1A936170479C0F00201B
:105A9000044B1A68002A03D019680A6D01320A659E
:105AA000186870479C0F002070B506000D0000F0CC
:105AB000CFFA154C2368A0331B68002B0AD10121B3
:105AC0002368A4331970002D04D02800FFF7D8FAFA
:105AD00000F0B2FA00F0C8FA00F0BAFA2368A03376
:105AE0001D68002D05D02368002E0AD00022A033A7
:105AF0001A6000222368A4331A7000F0B5FA280057
:105B000070BD6A1EA033F3E79C0F0020F8B50400B7
:105B10000D0016001F00002801D172B6FEE700F04C
:105B200097FA002F03D02300A0331B683B602200AC
:105B30000221A43213781170DBB2042E2DD830006C
:105B4000FAF7FEFB0803202725002100A0310A6890
:105B50002A430A60012B2FD1251D2800FEF798FD4E
:105B6000194AE36A11688B4200D913601420584324
:105B7000164B2900C018FEF769FDA36A002B13D04D
:105B800072B6FEE72100A0310A680132E1E7022B7C
:105B900017D02200A0321560DCE72200A032126884
:105BA0000132D7D072B6FEE7094BE26A1B68DB6AA6
:105BB0009A4201D900F040FA012400F055FA200081
:105BC000F8BD0024F9E7C046C00A00203C0B0020C5
:105BD0009C0F002010B504004160006191420BD879
:105BE000D21A836901209A4205D2074B211D1868F9
:105BF000FEF737FD002010BD9A4202D201209942E3
:105C0000F9D2024B211DF2E79C100020A0100020C9
:105C1000F7B500F01DFA104C2568002D18D10F4F74
:105C20003800FEF705FD0E4E3000FEF701FD0D4B6E
:105C300010211F600C4B0A201E600C4A0C4B009573
:105C4000FEF7F3FD2060002802D00A49FFF748F96B
:105C500000F00AFAF7BDC04698100020B8100020E6
:105C6000A4100020A01000209C100020F00F0020A5
:105C7000A00F0020696B020810B588B0FFF7C8FFBD
:105C8000104B1B68002B17D0002407AA06A905A8F3
:105C90000594069400F036FD059B0B490293069B84
:105CA0000A4801930223079A00932300FFF7D2FAD0
:105CB000074B1860A04201D172B6FEE7012008B080
:105CC00010BDC046981000206E6B0208015E0108EE
:105CD00094100020F7B507002C200D0000920193CE
:105CE00000F06EFA041E19D0060000232836337027
:105CF0009D4201D172B6FEE7FFF78AFF019B276044
:105D0000E361089BA5612362201DFEF79CFC009BBC
:105D1000002B03D004233278134333702000FEBDE0
:105D2000F0B5170004001A0085B0002801D172B642
:105D3000FEE70D4D2E68301E0FD0009101970294A2
:105D400005290CDCFFF7D8FD00230A9A022800D0B1
:105D50001A0069462868FEF7E3FD05B0F0BD002390
:105D60006946FEF7B8FEF8E798100020F0B587B056
:105D70000590FFF757FB1F4F05003B68834223D870
:105D800000232800059A3D60136007B0F0BDDB6872
:105D9000DC681A68231D180003920493FEF778FC50
:105DA000236A200098472300042228331B781342DB
:105DB0000AD0A369039AD3189A4210D20499306882
:105DC00063602461FEF74DFC0B4E33681A68002AAD
:105DD000DDD10A4A1168136031600123D1E7002147
:105DE00020000B00039A0091FFF79AFF0028EBD1E7
:105DF00072B6FEE790100020A01000209C1000203A
:105E0000F0B501278BB05A4E3D0033681C68002C5A
:105E100002D00025DB681C68FFF7FCFA06A8FFF734
:105E2000A5FF069B0390002B5ED1002D49D1A04217
:105E30004CD3FFF789FB3368DB68DE68301DFEF763
:105E400027FC32000421283213780B4213D0B169A9
:105E500023003000039A6118FFF7BCFE00280CD025
:105E60002B002200290030000095FFF759FF002881
:105E700003D172B6FEE7BB4313703000336A984714
:105E80003C4B0022186806A9FEF7A9FE0028BAD0EC
:105E9000069B0898002B2ADB089C6369002B2DD1F8
:105EA00005A8FFF763FF020006980928E8D8250037
:105EB00028352B78FAF744FA262626584452262607
:105EC00058442D4B1B681D686B425D41039B2A00A3
:105ED000E11A284B1868FFF739F8FFF735FB00285F
:105EE000CED100F0A9F8CBE7FFF72EFBC8E7079B60
:105EF00009999847069B002BC2DBCDE7201DFEF7D2
:105F0000C7FBCDE73B432B70079BA16920005918C5
:105F1000FFF760FE0028B3D0236A200098470422D0
:105F20002B781342ACD00021A369079A2000D21825
:105F300000910B00FFF7F4FE0028A1D172B6FEE736
:105F40003B432B700799A161002901D172B6FEE78E
:105F5000130020005118FFF73DFE91E79A0703D484
:105F6000200000F0B5F98BE7BB432B7088E7C046F3
:105F7000A0100020981000209C10002010B5041ED6
:105F800001D172B6FEE700F063F8E46900F06CF846
:105F9000200010BD1FB514001A000223019006480E
:105FA0005B42009302910023694600680394FEF768
:105FB00092FD04B010BDC04698100020002382B0AE
:105FC0000193064B1B68013301D072B6FEE772B62F
:105FD000019B002BFCD002B07047C046040000209B
:105FE0000B4A13681868203080F30988022080F378
:105FF0001488BFF36F8F3FBCAE4608BC04BC62B6CA
:106000001847C046C046C046C046C046C046C04607
:106010009C0F002010B58024031F64041C60043B07
:1060200019600349043B1960143B40381A6010BDE5
:10603000BD5F0108704700008022044B52051A60C2
:10604000BFF34F8FBFF36F8F7047C04604ED00E082
:1060500072B6044A136801331360BFF34F8FBFF366
:106060006F8F704704000020054A1368002B01D190
:1060700072B6FEE7013B1360002B00D162B6704799
:1060800004000020EFF3108072B6704780F3108890
:106090007047000000000000000000000000000049
:1060A000EFF309800E4B1A6820381060F0C04446A8
:1060B0004D4656465F46F0C008B572B6FFF7C6FAC1
:1060C00062B60CBC116808681030F0C8A046A9463A
:1060D000B246BB4680F309882038F0C81847C0464E
:1060E0009C0F002010B5FFF7CDFF0400FFF7A6F9C5
:1060F000002803D08022034B52051A602000FFF7CE
:10610000C5FF10BD04ED00E00023FA2110B5074AD9
:10611000074C890023601360064B1868FAF72EF9C4
:10612000054B013818600723236010BD18E000E01C
:1061300010E000E00000002014E000E0FF220C4B23
:106140001204196810B50A431A60FF220024196866
:1061500012060A431A60FFF7D7FF064B1C60FFF7D1
:106160003FFFFFF773FAFFF729FF200010BDC0467D
:1061700020ED00E00400002030B50F4B1A001B6832
:106180008342FBD354681119884203D1416810003F
:1061900009195160446819000519AB4207D1074934
:1061A00009688B4203D05968091941601968016078
:1061B000904200D0106030BDE4100020E0100020BC
:1061C000F7B50400FFF726F93A4A3B481368002B5D
:1061D0001ED13A490733194225D0CD189D43C0231B
:1061E0005B02CB1829005B1B0025354ECB18756070
:1061F00031600726083BB3431D605D605D1A28C10E
:106200001360304B1D60304B1D6080231B06036004
:10621000036801931C4209D0FFF796F90026FDF7A9
:10622000F8F83000FEBDC0235B02DDE7002CF3D0A0
:106230002300072108330B4201D08B430833002B86
:10624000EAD0214F3D689D42E6D31D490C68606845
:10625000984202D22668002E0ED11268A242DBD0EC
:106260000E68226808360A60C21A102A0BD9E01894
:10627000410704D072B6FEE721003400E7E7426030
:106280006360FFF779FF0F4A63681168ED1A3D609C
:106290008D4200D21560019A1A43002362600B4AB6
:1062A0002360136801331360FFF74EF97307B8D00A
:1062B00072B6FEE7E0100020CC100020EC100020A9
:1062C000E4100020D8100020DC100020D4100020A2
:1062D00010B5041E1ED0104A083C636812681A42AA
:1062E00001D172B6FEE72168002901D072B6FEE73F
:1062F00093436360FFF78EF8084A636811682000D3
:106300005B181360FFF738FF054A13680133136009
:10631000FFF71AF910BDC046CC100020DC10002099
:10632000D0100020044B10B51B68FFF7E5FA0128D8
:1063300001D0FFF7D7FE10BD10E000E0EFF30583BA
:10634000002B06D1054B1868002805D101221A60E0
:10635000704706204042FBE70120FBE73C98012004
:1063600010B5EFF30584002C0ED10A4A1368012BF7
:106370000DD10949CB691B021B0ACB6102231360B3
:10638000FFF708F8200010BD06204042FBE701207F
:10639000FBE7C0463C98012000ED00E010B5EFF3AC
:1063A0000583002B02D0FFF743F810BDFFF73AF842
:1063B000FBE7FA2080007047F0B51400002289B096
:1063C00005910792EFF30582002A29D1002827D0F2
:1063D000002C2ED0A569002D05D0691E372903D9C0
:1063E000100009B0F0BD182561680022C907F7D474
:1063F00066698032002E00D0B208A7682168E36881
:10640000002F0FD0A72B0BD92469002C08D0002E09
:1064100006D0059B029701940095FEF71BFF07909D
:10642000079ADDE7002BFBD12469002CF8D10C0082
:1064300001E01825802207A90191059B210092B255
:106440000095FEF72DFF0128EAD000230793E7E728
:1064500010B5EFF30583002B05D1002801D0FFF71D
:10646000DBF8002010BD06204042FBE7F8B5050030
:10647000EFF30587002F02D000242000F8BD00288C
:1064800024D046683307F7D40120A968EB6806409A
:10649000002913D04F2BEFD9002E00D00420FEF797
:1064A000CEFA041EE8D037002D6829002000FEF740
:1064B00017FD002FE1D001231C43DEE7002BDBD1C9
:1064C000002E03D00420FEF7E7FAEAE70120FEF7EA
:1064D000E3FA041ED0D0002DE7D00026E3E7030046
:1064E000012210B590430C001A40EFF305810029FA
:1064F00012D1012B13D92100002A0AD0FEF796FCF5
:10650000012801D1002010BD2000431E984103380E
:10651000F9E7FEF7E9FBF3E706204042F3E7042042
:10652000FBE70300012110B588431940EFF3058212
:10653000002A11D1012B11D9002908D0FEF793FAB6
:10654000012801D1002010BD03204042FBE70B00D1
:106550000A00FEF7E5F9F3E70620F6E70420F4E782
:10656000012370B505009D43EFF30584002C09D18C
:1065700098420AD92800FEF7C5FC2800FEF7D6FC91
:10658000200070BD06204042FBE70420FBE773B506
:106590000E001500EFF3058100290BD1002809D06A
:1065A000B04207D3002A0AD09368D268002B04D0E7
:1065B0004F2A20D80024200076BD002AFAD10128D5
:1065C0000BD03100FEF79AF9041EF3D0002D10D144
:1065D00029002000FEF784FCEDE7032200210120C2
:1065E000FEF754F90EE01A003100FEF772F9041EAE
:1065F000E0D02D68ECE70128F5D1032200920A00D3
:10660000FEF713F9041ED5D0002EDFD000231A00A8
:106610001900FEF785F90128D8D02000FEF786FC86
:10662000C8E7000013B50C00002820D0EFF3058365
:10663000002B14D000291AD101AA0191FEF711FCF8
:10664000012802D00320404203E0019B002B01D12E
:10665000002016BD8022074B52051A60F8E7FEF7AE
:1066600043FB0128F4D00220002CECD1EAE70420FF
:10667000E9E7C04604ED00E007B500281DD0EFF3C0
:106680000581002912D0002301A90193FEF76CFABD
:10669000012802D00320404207E0019B002B03D0D9
:1066A0008022074B52051A6000200EBD0B000A0025
:1066B000FEF736F90128F7D0ECE70420EBE7C046F7
:1066C00004ED00E070B50500EFF30584002C08D15F
:1066D000002809D0FEF716FC2800FEF727FC200052
:1066E00070BD06204042FBE70420FBE7034B03603C
:1066F000034B0B60802313607047C04694970120C2
:1067000094950120034B0360034B0B6080235B00D7
:1067100013607047EC940120EC900120704700005A
:10672000012210B50024074B5242DA62DC621A6380
:106730001C639A629C625A625C62FFF7EFFF200062
:1067400010BDC046001002408023084A5B0011685B
:1067500010B50B4303201360FCF78CFE041E03D11D
:10676000FCF768FE200010BD0124FBE7002002407A
:10677000034A044B11681B785B1813607047C046CE
:106780004098012008000020014B18687047C0465F
:106790004098012070B50400FFF7F6FF0500631C68
:1067A00002D0044B1B78E418FFF7EEFF401BA04219
:1067B000FAD370BD08000020034A044913680B4057
:1067C000034313607047C04600000140FFF9FFFF1C
:1067D00080684007C00F70470023F0B585B0040003
:1067E0000393984200D1F0E0856D9D4205D1FDF7FD
:1067F00063F823005433E5651D70802325685B052D
:10680000AA681A4200D1A7E00022AB680192DB001F
:1068100008D410230126A26D01961343A365E36DEE
:106820003343E3652800FFF7D3FF1022A36D134025
:10683000034300D0CCE0A26D674B20691A400633B9
:10684000FF331343A365AB68DB0761D4276BE168B3
:106850007B1E9F41A368A27E0B43217E3F038903D9
:106860000B43617EC9030B4351030B439C46002835
:1068700000DB86E041004908230066462C331B7884
:106880005B0033433B430B43611CC97F012905D1A6
:10689000002A00D078E0802252021343626A002A64
:1068A00005D0E02149000A40A16A0A431343EA687F
:1068B0004A490A401343EB60230062683C33E16CB1
:1068C0001B78970FBF079C463943012B08D1236CD7
:1068D000666C33430B43A16C0B4361463B43194346
:1068E0002B693F4F3B400B4380212B6153005B08DA
:1068F000C9058B420CD080231B069A4208D0394927
:10690000394F0B683B40F027BF033A4013430B60FD
:10691000072170276B69626B8B4313436B61696955
:10692000A36BB9431B010B436B61002834D11023C7
:10693000A96A5B420B43AB6207216B690B409A4229
:1069400039D10023E365A26D03339A43023B13431D
:10695000A365019805B0F0BDAA6824490A40134315
:10696000AB60234B23491868F9F708FD013040005C
:106970000390039B002B00D146E7039B013B03934D
:10698000F7E78021890377E72022A76D3A43A265C4
:10699000E26D1143E16581E780239B039842CBD1EF
:1069A0001C21AB6AE369013B9B000B402C399940E9
:1069B0000B00216EBEE71223A26D9A43023B1343E4
:1069C000A3650123E26D1343E36501230193C0E74F
:1069D000A36D1A43A265F8E7FDFEFFFF0102DEFF8B
:1069E00002FCFF1F08270140FFFFC3FFE8FFFF6F06
:1069F00000000020400D0300F7B5466904000F00B9
:106A0000082E0AD003680120DB680426034204D064
:106A10002023A26D1343A365FEBDFFF7B5FE0190D1
:106A200025682B681E4224D08023A26D9B0013434F
:106A3000A365C023EA681B011A4215D1A37E002B6F
:106A400012D12B681B070FD52800FFF7C1FE0028C5
:106A500027D10C226B6893436B60A26D174B1A40D1
:106A60000433FF331343A365237E002B22D0002081
:106A7000D2E77B1CD5D0FFF787FE019BC01AB84236
:106A800001D8002FCCD1320023681B681A401E4267
:106A9000C6D10423A16D54340B43636003202270DC
:106AA000BAE72023A26D1343A3650123E26D1343CC
:106AB000E365D9E70C232B60D9E7C046FEFEFFFF54
:106AC0000368186C7047704710B5806AFFF7FBFFCA
:106AD00010BD70474023806A10B5826D13438365F3
:106AE0000423C26D1343C3650BF08EF910BD000083
:106AF000502370B5846AA26D1A422DD1A26DB133B4
:106B0000FF331343A365C02325681B01EA681A42BB
:106B100015D1A37E002B12D12B681B070FD528009F
:106B2000FFF756FE00280ED10C226B6893436B6072
:106B3000A26D0F4B1A400433FF331343A3652000AB
:106B40000BF056F970BD2023A26D1343A3650123FA
:106B5000E26D1343E365F2E7A36DDB0603D5200086
:106B60000BF052F9EEE7236D5B6B9847EAE7C046FE
:106B7000FEFEFFFFF8B5036804001E685D6802238F
:106B80001E420FD01D420DD0836DDB0604D480233E
:106B9000826D1B0113438365200000F073FC022209
:106BA00023681A6004231E4201D01D4204D1082329
:106BB0001E422BD01D4229D0A36DDB0604D48023B6
:106BC000A26D9B001343A365C02327681B01FA68CD
:106BD0001A4215D1A37E002B12D13B681B070FD59B
:106BE0003800FFF7F5FD002866D10C227B6893433F
:106BF0007B60A26D354B1A400433FF331343A3650A
:106C000020000BF0F5F80C2223681A6080273E4222
:106C10000BD03D4209D08023A26D5B021343A365D4
:106C20002000FFF756FF23681F6080277F003E4249
:106C30000BD03D4209D08023A26D9B021343A36574
:106C4000200000F01DFC23681F608027BF003E422B
:106C50000BD03D4209D08023A26DDB021343A36514
:106C6000200000F00EFC23681F6010231E4217D086
:106C70001D4215D0236B002B03D02368DB689B07D4
:106C80000BD08023A26DDB001343A3650223E26DCA
:106C900020001343E3650BF0B7F8102223681A6055
:106CA0008027BF013E4206D03D4204D0200000F0C4
:106CB000EAFB23681F60F8BD2023A26D1343A36580
:106CC0000123E26D1343E3659AE7C046FEFEFFFF32
:106CD0000023F0B585B003930300009154331A7874
:106CE00004000220012A4DD0012227691A7025686C
:106CF0002800FFF76DFD002800D0F7E0009B04227C
:106D00005B6880219C4697436246009B09061B688E
:106D1000022A00D1BEE05A03520B8F4234D1A96A35
:106D20000A43AA62009A686992681902724E0A4080
:106D30003240884302436A61002B1FDAE0216F4A28
:106D40006F48156849042940834200D08CE08020B8
:106D50000004054212D113686A4D2B400B431843BF
:106D6000694B106018686949F9F708FB431C0C204F
:106D700058430390039B002B00D071E000200023B8
:106D80005434237005B0F0BD1F2167460F40103901
:106D9000B940CE430196266E8E433100002A12D1AF
:106DA000980E1F321040B840624608439208E169CD
:106DB000013220668A42B5D8A96A01989A00120F5A
:106DC000BA400140ACE701221342ECD192181342C1
:106DD00024D10426334223D11A0723D4DA0623D43C
:106DE0009A0623D45A0623D41A0623D4DA0523D4C8
:106DF0009A0523D45A0523D41A0523D4DA0423D4BC
:106E00009A0423D45A0423D41A0423D4DA0323D4AF
:106E10009A0323D45A03C6D51220C4E70120C2E73F
:106E20001000C0E70320BEE70420BCE70520BAE756
:106E30000620B8E70720B6E70820B4E70920B2E744
:106E40000A20B0E70B20AEE70C20ACE70D20AAE744
:106E50000E20A8E70F20A6E71020A4E71120A2E744
:106E6000039B013B039385E7294883420BD1802094
:106E70004004054200D081E71368224D2B400B43AC
:106E8000184310607AE72348834200D076E78020D9
:106E9000C003EEE78F4204D1AA6A5903490B8A4323
:106EA000AA62002B00DB69E7144A15481168834287
:106EB00008D1A02310685B040B40124901400B432A
:106EC00013605BE71248834203D1C02310681B04A0
:106ED000F2E71048834200D050E7C0204004136816
:106EE0000140084803401943116047E72023A26D81
:106EF00001201343A36542E700FFFF070827014075
:106F0000001000B0FFFF3FFE00000020400D030016
:106F1000004000B8002000B4C06D704770B505682F
:106F200004002800FFF754FC002801D1002070BDA8
:106F3000AB689B0705D4AA680F4B1A401023134374
:106F4000AB60FFF721FC0426050023689B683342F1
:106F5000ECD0FFF719FC401B0228F6D923689B6888
:106F60003342F2D010230120A26D1343A365E36DD9
:106F70000343E365DBE7C046E8FFFF7F0023F7B587
:106F800002680193916801330400194201D0002086
:106F9000FEBD90682249084208D01022A16D0A4324
:106FA000A265E26D13430120E365F1E791681D4F8F
:106FB00039400B4393601C4B1B681B0221D4637E3A
:106FC000012BE4D0FFF7E0FB0125060022681368DF
:106FD0002B42DCD193682B4203D193683B402B4377
:106FE0009360FFF7D1FB801B0228EFD923681B6851
:106FF0002B42EBD11023A26D1343A365E36D2B430A
:10700000D1E70A4B0A491868F9F7B8F9013001903D
:10701000019B002BD3D0019B013B0193F8E7C046B5
:1070200017000080E8FFFF7F0827014000000020D4
:10703000400D030070B504000068FFF7C9FB0600AF
:107040000220002E1DD1250054352B78012B18D09D
:10705000012320002B70FFF791FF002812D1A26DB1
:10706000094B1A4080235B0013431C22A36523684D
:10707000E0651A6028709968044A114004220A43A6
:107080009A6070BD2E70FCE7FEF0FFFFE8FFFF7F07
:10709000F7B50568040028000E000192FFF798FB81
:1070A000022300283FD1270054373A78012A3AD0EA
:1070B000013B3B70EA681A420CD1AA681A4205D01B
:1070C000AA681A4B1A4002231343AB600123EA68F3
:1070D0001343EB602000FFF751FF031E23D1A16D86
:1070E000134A1140802252000A43A265E065114A0A
:1070F000206D2168C262104A0263104A42631C225A
:107100000A603B704A68103313434B603200019BA6
:10711000403100F0F3FB03002068044A816811400D
:1071200004220A4382601800FEBDC046E8FFFF7FCC
:10713000FEF0FFFFF16A0108C96A0108D56A01087B
:107140000122036870B5040098689968114201D162
:10715000002070BD02210842FAD105209D6805403B
:10716000012D1ED19A6813480240114303229960F1
:107170001A60FFF709FB060023689B682B42E7D0E3
:10718000FFF702FB801B0228F6D923689B682B427D
:10719000F2D01023A26D1343A365E36D2B43E36587
:1071A00006E01023A16D0B43A365E36D1A43E2656E
:1071B0000120CEE7E8FFFF7F70B50400012500281D
:1071C00040D00223826D13438365FFF7A7FE051E9F
:1071D0000BD12000FFF7B4FF051E01D10123A365E9
:1071E0002268194993680B409360236817495A68CD
:1071F00000260A405A60164A16491A60DA682000CA
:107200000A400721DA605A6954348A435A619A6AFB
:107210009E621A6A10490A401A625A6A0A405A6201
:10722000DA6A0A40DA621A690C49920092081A6115
:107230000B4A13680B401360FCF7A2FBA660E660E4
:1072400066602670280070BDE8FFFF6F60FCFFFFDE
:107250009F03000000021E8300F000F0FFFF03FE0A
:107260000827014070B50600543633780400022028
:10727000012B12D0012520003570FFF74FFE0028AA
:1072800009D12000FFF75CFF002804D1A36D034A59
:1072900013401D43A5650023337070BDFEFEFFFF44
:1072A00070B506005436337805000224012B25D032
:1072B00001233370FFF732FE041E1DD1286D831D9C
:1072C000DB7F022B07D100F061FB041E03D04023BB
:1072D000AA6D1343AB6510212A68280053688B43BD
:1072E0005360002C0CD1FFF72BFF041E0BD00121A3
:1072F0002A68D3688B43D36000233370200070BDAD
:10730000FFF71EFFF3E7AA6D034B1A400433FF3368
:107310001343AB65EBE7C046FEFEFFFFF0B500236D
:107320000500022285B0029354352B7804000092A8
:10733000012B3ED001262E70FFF702FF236800903C
:1073400099680A003240314206D01023A26D1343DF
:10735000A36500232B702CE08026A06D42493606E1
:1073600008400631FF310143A165D8683F49B44662
:1073700008400190D9683E4801400820D9603D4945
:1073800067469E680E403E439E609E68002E13DA5C
:10739000029E01360296029F374EB742F5D912235C
:1073A000A26D9A43023B1343A36500232B70012374
:1073B0000093009805B0F0BD1E007F27B4363668F4
:1073C00001383E4092190028DAD101269868D20887
:1073D00008403043986080201F69C00587421CD355
:1073E0001E007F27B4363068B843104330609A6877
:1073F0000126114002220A439A60FFF7C5F90700EF
:1074000023689A6832421ED1DA6801990A43DA6029
:107410000322A36D934333439AE718480768F0208B
:1074200080033840E0277F03B842D9D3800C03386B
:107430008640039603984008039003980028CFD015
:1074400003980138F8E7FFF79FF9C01B0228D7D946
:1074500023689B683342D3D01023A26D1343A365E6
:10746000E36D3343E365A2E7FDFEFFFF0380000009
:10747000FC7FFFFFE8FFFF7FFFF1020008270140CC
:10748000704770477047704710B5FF2403220B0008
:1074900021000240D20091409B012340C943934008
:1074A00000280ADBC0240B4A800880008018A40052
:1074B00002590A401343035110BD0F2210400838EF
:1074C000054A800880008018C26911401943C161D3
:1074D000F2E7C04600E100E000ED00E0002805DB37
:1074E0001F2318401E3B8340014A13607047C0466B
:1074F00000E100E0002809DB1F2318401E3B834009
:10750000034AD367BFF34F8FBFF36F8F7047C046F7
:1075100004E100E00B00F7B59608B60074180568A2
:107520000194019CA3420BD1032714003C403A4232
:1075300003D0895D012C10D1297003681868FEBD45
:107540001C785F7824063F043C43DF783C439F78F7
:1075500004333F023C432C60E3E75A7809020A43B4
:107560002A80022CE9D09B782B70E6E7F0B50D005D
:10757000002600685408B44206D1D20702D5A40000
:10758000635A03800068F0BD2B886F881B043B435F
:10759000036001360435EEE710B5041E01D1012069
:1075A00010BD437FDAB2002B02D10277FCF722FA3A
:1075B000022363772379002B1CD118212368124AF8
:1075C0005A619A688A439A6062792368002A19D1BD
:1075D000013A60211A619A6800208A4361690A436E
:1075E00080219A609A688A43A1690A439A600123BC
:1075F0006377D5E72000E268A16800F04BF8002827
:10760000E2D0CCE72269E4E7B71DC104022310B53C
:107610004377036A0400022B14D0032B06D000200A
:10762000012B09D12000FFF775FF05E092000368E8
:107630008A18914203D118680123637710BD01C9EC
:107640001860F6E7FFF792FFF6E7022370B543777D
:107650000400036801209D6828439860206A02287E
:1076600014D0032805D001280CD000200123637713
:1076700070BD92008A18914201D11868F6E701C9DD
:107680001860F8E72000FFF745FFEFE72000FFF75D
:107690006DFFEBE730B501250400280029420FD02B
:1076A0001F23013B22D30800D8402842F9D0102ADA
:1076B00015D0102A05D8002A08D00120082A12D097
:1076C00030BD0120182AFBD1062BF9D82068416172
:1076D000182183688B43134383600020F0E7012067
:1076E000072BF3D9ECE70F2BEAD8EFE70120102A9C
:1076F000DFD1E5E770B5C46C056D6560446D002CA5
:1077000002D0846DC56D65601C24456C066C2540F7
:107710001B3CAC407460046863608368102B02D12A
:10772000A260E16070BDA160E260FBE770B5066831
:10773000446C0500F0B214210838F8F71FFE0A4B1C
:10774000A408A4009E420AD8084BE418084BAC6475
:10775000EB641F2318401E3B83402B6570BD054B17
:107760000730E418F2E7C046070402400008024070
:10777000800802401C080240F8B504000120002CDB
:107780004BD025682B4B14219D4247D82A4BE81833
:10779000F8F7F4FD294B800023640223A61D6064E2
:1077A000F3772B68264AA76813402B60E3682169AA
:1077B0003B430B4361692A680B43A16920000B43DB
:1077C000E1690B43216A0B4313432B60FFF7AEFFC4
:1077D0008023DB019F4201D1002363607F23626825
:1077E000A16C13400B60206DE16C013A4860032AE4
:1077F0001BD8144A144899180122013B9A40E265AB
:107800001300002289006165A0650A6043600020C2
:107810000123E0630534F377E077F8BD0B4BE818FC
:10782000F8F7ACFD0A4B8000B6E700236365A3655B
:10783000E365ECE707040240F8FFFDBF00000240EB
:107840000F80FFFF3F82001040090240F8FBFDBFA0
:1078500000040240012270B504001000002C37D053
:10786000266814213368934333601D4B9E4230D801
:107870001C4BF018F8F782FD1B4B8000002560645C
:1078800023641C2235600126104032008240200013
:107890005A60FFF74BFFA36C226D1D60E36C5A60CA
:1078A00063685A1E032A06D8964010495B189B004D
:1078B0001D600F4B5E600020A31D6065A065E06544
:1078C000E06220636063A063E0630534D877E0770B
:1078D00070BD084BF018F8F751FD074B8000CDE75D
:1078E00007040240F8FFFDBF000002403F82001085
:1078F00040090240F8FBFDBF00040240F7B5451DFA
:107900000193EE7F04000220012E33D00138E87786
:10791000A71DFE7FB4466346F6B20096002683425A
:1079200030D10130F8772568E6632868009B9843DA
:107930002860019B2000FFF7DDFE236BB3421AD0C5
:107940000E232A6813432B60A36C1A68D20304D554
:107950008022196852000A431A60636D002B04D01C
:107960008022196852000A431A60012300202A6805
:1079700013432B60FEBD04222B6893432B602A68BF
:107980000A23DFE78023E363EE77F3E7F0B500280F
:1079900008D0841DE37F411D022B05D00423C3635F
:1079A0000023CB770120F0BD0E250268866C13689A
:1079B0001C27AB43136033680E4D2B40336001230B
:1079C00016689E431660426C066C3A409340026D06
:1079D0007360C36C5A60436D002B05D01A682A404F
:1079E0001A60836DC26D5A6001230020E377C87767
:1079F000D9E7C046FFFEFFFF70B5811DCB7F022B8C
:107A000003D00423C363012070BD0E2402681C262A
:107A10001368856CA3431360012314689C431460AE
:107A20002A680F4C22402A60426C056C3240934019
:107A3000026D6B60C36C5A60436D002B05D01A68F1
:107A400022401A60836DC26D5A6001230022CB77F9
:107A5000431DDA77836B934200D098470020D3E729
:107A6000FFFEFFFFF8B51C260427426C016C324074
:107A70003E0096400D6803681C6835420DD03C42BC
:107A80000BD01A68920602D41A68BA431A60036BC4
:107A90004E60002B1DD098471BE002273E00964009
:107AA000354219D03C4217D01A68920606D40A21F2
:107AB0001A688A431A600939821DD177124A9342A3
:107AC00008D9124B00225E60431DDA77C36A9342E5
:107AD000E1D1F8BD0E4BF5E70826370097403D424F
:107AE000F7D03442F5D00E251C68AC431C6001234E
:107AF0001C009440821D4C60C363D3770022431D59
:107B0000DA77436BE3E7C04680000240000402409E
:107B100000000240C06B70470020054B5A6982424A
:107B200005DA044A9A60044A9A605869C00F70479F
:107B30000020024023016745AB89EFCDF8B5040072
:107B4000FEF722FEC0270600BF02144D2B693B4200
:107B500016D12A69124B11001248194028611A42A5
:107B600017D18027FF022B69180038403B420FD005
:107B7000631CF8D0FEF708FE801BA042F3D306E09A
:107B8000631CE3D0FEF700FE801BA042DDD3032080
:107B9000F8BD054B01205960FAE7C04600200240BD
:107BA000FA830000FB83080044980120F7B5174EC4
:107BB0000193337804000D0002200092012B1ED0A7
:107BC0000123FA203370002380007360FFF7B6FFB3
:107BD000002812D10E4F012C12D17B6923437B6107
:107BE000009B2B60BFF36F8F019B6B60FA208000BE
:107BF000FFF7A4FF7B69A3437B6100233370FEBDC5
:107C0000280000990EF038FFF0E7C04644980120A4
:107C100000200240FA2010B58000FFF78FFF80227D
:107C2000044B120659690A435A615869C043C00F90
:107C300010BDC04600200240084A536904280AD0FB
:107C400007480340802080010343C9001943054BC6
:107C50000B435361704704480340F6E7002002409D
:107C600007E0FFFF0200010007C0FFFFF7B5224F4A
:107C700005003B7802240191012B1BD00123FA203F
:107C80003B70002380007B60FFF758FF041E0FD17C
:107C90002B68042B10D119496B684A69FA201A43E2
:107CA00080235B0213434B618000FFF747FF040012
:107CB00000233B702000FEBD0123019A5B4213604C
:107CC000AE68AB68EA689B18B3420CD968683100AB
:107CD000FFF7B2FFFA208000FFF730FF002808D03E
:107CE0000400019B1E600221044A53698B435361C7
:107CF000DEE70136E5E7C046449801200020024057
:107D00000023F0B585B00A681400DC4001D105B04D
:107D1000F0BD012514009D402C4000942A4200D162
:107D200095E04A685F00944603226446224003249B
:107D3000BC40E4430194541E012C2ED88668019C5B
:107D40002640CC68BC403443846044680126AC4380
:107D500025006446240934409C402C434460C56897
:107D6000019C25408C68BC402C43C460022A16D17B
:107D700007250F261D40AD00AE40DC08A400041905
:107D80000294246A03962600039CA64334000E69DD
:107D9000AE402643029C266201E0032ADFD1BA40AE
:107DA0000468019D25402A43C02402606246A40263
:107DB00022424CD0274A03259C08A400A4180F2275
:107DC0001D40ED00AA40A027266EFF059643002225
:107DD000B84210D0204F0132B8420CD01F4F0132B0
:107DE000B84208D01E4F0132B84204D01D4A821852
:107DF000571EBA410432AA40674632432266154CE8
:107E0000009A2668009DD2433543FF0201D4350015
:107E10001540674625606668009D3543BF0201D462
:107E200035001540674665600F4C009DE66F354391
:107E3000BF0301D4350015406746E5670B4C009E33
:107E4000E56F2E43FF0301D415402E00E667013392
:107E500059E7C046001802400004005000080050D6
:107E6000000C005000F0FFAF081802400418024058
:107E7000F0B500220F0085B03B00D34001D105B022
:107E8000F0BD012393401C0001933C401F4257D09A
:107E90002C4B032591088900C9180F231540ED00CC
:107EA000AB400E6E02931E400396A0260023F605FB
:107EB000B04213D0244B9C46012360450ED0234B87
:107EC0009C460223604509D0214B9C460323604514
:107ED00004D0204BC3185E1EB3410433AB40039D56
:107EE000AB4212D11C4E174BF56FA543F5671B4EE5
:107EF000F56FA543F5675D68A5435D601D68A54303
:107F00001D600B6E029CA3430B66032451008C4042
:107F100007210F26114089008E40036801992343F1
:107F20000360D3089B00C3181D6AB5431D628368B4
:107F3000A343836043688B434360C368A343C36028
:107F4000013299E700180240000400500008005078
:107F5000000C005000F0FFAF041802400818024067
:107F600000690840431E9841C0B27047002A01D002
:107F7000816170478162FCE7426913000B401B047A
:107F800091430B438361704770B5084D0400EB6863
:107F9000184202D0E86009F043FF2B69234203D066
:107FA00020002C6109F052FF70BDC046001802404D
:107FB00070B504000120002C16D02368124A072651
:107FC0001A60124A1A6062685A60A2689A60FEF7E4
:107FD000DBFB05002368DA68324206D11969E268E2
:107FE00091420DD01A61002070BDFEF7CDFB401B01
:107FF0003128EFD92368DB683342EBD00320F3E765
:10800000034A1A60EFE7C046CCCC0000555500008B
:10801000AAAA00000368024A00201A607047C046FE
:10802000AAAA00008023034A5B0011680B43136077
:108030007047C0460070004010B5114C11492368CC
:1080400002000B4003432360802300209B009A42E0
:108050000ED10D4B0D49186806235843F8F78EF9D9
:108060008022431CD200616908001040114200D1F7
:1080700010BD002B01D0013BF5E70320F8E7C04617
:1080800000700040FFF9FFFF0000002040420F0099
:1080900070B5FEF779FB802380260500244C5B0039
:1080A0002268F60013432360236833422BD08023D9
:1080B000DB016360FEF768FB002305003826A36040
:1080C000A368334226D180235B0023602360FEF740
:1080D0005BFB80260500B60423681A003240334259
:1080E0001FD180235B01E36001235B42A261236215
:1080F000104A114B1A60114B1868FBF7BBF9431E6D
:108100009841C0B205E0FEF73FFB401B0228CBD9E7
:10811000032070BDFEF738FB094B401B9842CFD9B6
:10812000F6E7FEF731FB401B0228D5D9F0E7C04641
:10813000001002400024F400000000200C00002089
:1081400088130000F0B5040085B0002802D101209A
:1081500005B0F0BD0368DB0710D423689B075CD42F
:1081600023681B0700D5C1E023685B0700D5F2E058
:10817000E369002B00D079E10020E9E73822AF4D18
:10818000AB681340EA68102B09D1D3439B0708D191
:108190002B689B03E1D56368002BDED1D7E7082B62
:1081A000F6D0802263685202934211D12A681343A9
:1081B0002B60FEF7E9FA80270600BF022B683B42DE
:1081C000CBD1FEF7E1FA801B6428F7D90320BFE783
:1081D000A021C9028B4208D180232968DB020B430E
:1081E0002B602B681A432A60E3E72A6894490A4007
:1081F0002A602A6893490A402A60002BD9D1FEF7E9
:10820000C3FA80270600BF022B683B42A5D0FEF7C9
:10821000BBFA801B6428F7D9D8E73822874DAB68B2
:108220001340EA68102B28D103210A40022A26D1E4
:108230002A68520503D5E268002A00D187E76968F9
:1082400062698148120201400A436A60002B0CD126
:108250002B687E4A7E491340226913432B602B68AA
:108260007C4A9B045B0FDA400A607B4B1868FBF783
:1082700001F9002800D173E769E7002BD8D0E36843
:10828000002B20D02B68714A802713402269FF0001
:1082900013432B6080232A685B0013432B60FEF797
:1082A00073FA06002B683B4207D06A686369664927
:1082B0001B020A4013436B6052E7FEF765FA801B0E
:1082C0000228EFD982E72B68644A802713402B608D
:1082D000FEF75AFA0600FF002B683B4200D13FE749
:1082E000FEF752FA801B0228F6D96FE73822534D69
:1082F000AB681340182B08D12B6E9B0700D433E7D3
:10830000A369002B00D02FE721E7A2690123002AEF
:1083100010D02A6E022713432B66FEF735FA0600AB
:108320002B6E3B4200D01FE7FEF72EFA801B02287F
:10833000F6D94BE72A6E02279A432A66FEF724FAFB
:1083400006002B6E3B4200D10EE7FEF71DFA801BA4
:108350000228F6D93AE73822384DAB681340202B73
:1083600008D1EB6D9B0700D402E7A368002B00D077
:10837000FEE6ECE680220021EB6B520500911342F1
:1083800008D1EB6B1343EB63EB6B13400393039B3D
:10839000012300938027324E7F0033683B4215D083
:1083A000A368012B22D1EA6D1343EB65FEF7ECF9CC
:1083B00002270600EB6D3B4238D0009B012B00D01A
:1083C000D6E6EB6B274A1340EB63D1E633683B43B9
:1083D0003360FEF7D9F9019033683B42E0D1FEF7F4
:1083E000D3F9019BC01A0228F6D9EFE6EA6D052BF6
:1083F00005D1013B1343EB65EA6D0123D4E701216D
:108400008A43EA65EA6D03318A43EA65002BCDD1E0
:10841000FEF7BAF902270600EB6D3B42CDD0FEF71E
:10842000B3F9114B801B9842F6D9CFE6FEF7ACF9B1
:108430000D4B801B9842BDD9C8E6C04600100240D3
:10844000FFFFFEFFFFFFFBFFFF80FFFFFFC7FFFFF8
:10845000000000200024F4000C000020FFFEFFFFBD
:1084600000700040FFFFFFEF881300003821434DEC
:10847000AA680A40102A53D0414A022B3AD12B68ED
:10848000802713402B60FEF77FF90600BF042B689E
:108490003B4229D1616A236AEA680B433949802645
:1084A0000A401343E26AB6041343226B1343626B20
:1084B0001343A26A12021343EB6080232A685B0411
:1084C00013432B608023EA685B051343EB60FEF7E0
:1084D0005BF904002B68334200D04DE6FEF754F9F7
:1084E000001B0228F6D971E6FEF74EF9801B022820
:1084F000CDD96BE62B68802613402B60FEF744F93C
:108500000400B6042B68334204D1EB681E4A1340C2
:10851000EB6031E6FEF738F9001B0228F2D955E688
:10852000012B00D113E60322E868216A02408A4247
:1085300000D00CE67022616A02408A4200D006E652
:10854000FE21A26AC90101401202914200D0FEE55B
:10855000F822E16A920302408A4200D0F7E5E02265
:10856000216B120502408A4200D0F0E5636B400F98
:108570004007C01A431E9841C0B2E9E5001002400E
:10858000FFFFFFFE8C80C111FCFFFEEE382370B5AB
:108590001D4CA2681A4205D123681C489B045B0F3E
:1085A000D84070BDA2681A40082A27D0A2681A4095
:1085B000102A17D1E368E168DB43E5684906490FF3
:1085C0006F322D0A013115409B0709D11048F7F78A
:1085D000D5FEE1686843490F0131F7F7CFFEE0E7C8
:1085E0000A48F4E7A2681A40202A09D0A2680020AD
:1085F0001340182BD5D1FA20C001D2E70448D0E7A8
:1086000080200002CDE7C046001002400024F400A4
:1086100000366E01F7B504000D00002801D10120DD
:10862000FEBD0727484E33683B408B422AD3226861
:1086300093073BD4D20748D4072733683B40AB426B
:108640000AD93368BB432B433360FEF79DF8019092
:1086500033683B40AB4268D123683C4D5B076CD428
:10866000FFF794FFAB683A491B051B0F9B005B5853
:108670001F210B40D840374A374B10601868FAF773
:10868000F9FECDE73368BB430B433360FEF77CF85C
:10869000019033683B40AB42C9D0FEF775F8019BAF
:1086A000C01A2E4B9842F4D90320B9E72749530743
:1086B00004D5E0238868DB0103438B608B6828487E
:1086C0000340A06803438B60B4E760681F4F032832
:1086D00029D8F7F735FE20021C243B689B039ED562
:1086E0000722BB6893430343BB60FEF74DF801903C
:1086F0003823BA681A406368DB009A429CD0FEF7C0
:1087000043F8019BC01A154B9842F1D9CCE73B685E
:108710009B01E5D483E73B685B05E1D47FE73B6ED3
:108720009B07DDD47BE7FB6DFAE7FEF72DF8019B95
:10873000C01A0A4B98428BD9B6E7AB68094A134076
:10874000E2681343AB608BE7002002400010024058
:10875000449B0208000000200C0000208813000049
:10876000FFF0FFFFFF8FFFFF064B07499B68074A9B
:108770005B045B0F9B005B581F2110680B40D840C7
:108780007047C04600100240249B020800000020F1
:10879000072230B5F025094B02609C682D0114407A
:1087A00044609C682C408460E0249B68E401234082
:1087B000C360034B1B6813400B6030BD00100240C8
:1087C00000200240F0B50368050085B000209B033F
:1087D00052D58022664C5205E36B0090134208D1BB
:1087E000E36B1343E363E36B13400393039B0123A6
:1087F000009380275F4E7F0033683B433360FDF773
:10880000C3FF019033683B4228D0E26DC0231000C3
:108810009B00696A584E18401A4218D0814216D0FF
:108820008022E36DE06D190052020243E265E26DC1
:10883000524831400240E265E165DB0707D5FDF7AC
:10884000A3FF07000222E36D134200D188E0E36D2D
:108850006A6A334013430020E36506E0FDF794FFA6
:10886000019BC01A0228CDD90320009B012B03D104
:10887000E36B434A1340E3632B68DA0706D503240E
:108880003B494A6DA2436C6822434A659A0706D564
:108890000C2437494A6DA243AC6822434A655A0703
:1088A00006D5302432494A6DA243EC6822434A651A
:1088B0009A0606D52E49334C4A6D22402C69224334
:1088C0004A655A0606D52A492F4C4A6D22406C69E2
:1088D00022434A655A040FD525492C6A4A6D9200F5
:1088E000920822434A658022D205944204D1802214
:1088F000CC6852022243CA601A050DD503261C49D2
:10890000AC698A6DB24322438A65012C04D180226E
:10891000CC6852022243CA609A040DD50C26144931
:10892000EC698A6DB24322438A65042C04D180220B
:10893000CC6852022243CA60802149040B420DD008
:108940000B4AAC6A936D0F4D2B40234393658023F4
:108950009B019C4202D1D3681943D16005B0F0BDA0
:10896000FDF712FF094BC01B984200D86AE77BE76E
:108970000010024000700040FFFCFFFFFFFFFEFF01
:10898000FFFFFFEFFFCFFFFFFF3FFFFF8813000058
:10899000F8B50B4A03680400DA60FDF7F5FEFA2724
:1089A00005002026BF002368DB68334201D0002089
:1089B000F8BDFDF7E9FE401BB842F4D90320F7E704
:1089C0005F000100F7B5402603680500DA6800245F
:1089D000324211D18022D968FA270A43DA60FDF7C2
:1089E000D3FEBF0000902B68DB681A003240019272
:1089F000334201D1032C01D12000FEBDFDF7C4FE9E
:108A0000009B019CC01AB842EDD92B0003242933E6
:108A10001C70E8E7802270B50F4C0500E3689343B3
:108A2000E360A369603A134207D1FFF7B1FF002862
:108A300002D003202935287070BDA3699343A36138
:108A4000FFF7A6FF002802D0032029352870202335
:108A5000A2691343A361EFE70028004070B504004A
:108A60000120002C17D0250029352B78DAB2002BF5
:108A700008D1230028331A7088231B02200063606A
:108A8000FBF7CCF802232B702368DA68D20603D5F3
:108A9000012300202B7070BDCA225A62773A200051
:108AA0005A62FFF78FFF002825D1236815499A697C
:108AB00060690A409A61A26899690243E0690243C9
:108AC0000A439A61226920001A61E2681969120456
:108AD0000A431A61FFF79EFF00280CD12268266A1C
:108AE0009369DB00DB089361636A91693343A6698C
:108AF00033430B439361FF2223685A620028C7D097
:108B0000C9E7C046BFFF8FFB0023092803D81B011C
:108B10001843C0B270470A380133C0B2F5E700000D
:108B20000300F0B5283385B0019317001A780223AB
:108B300005000C001800012A4AD0012201992800E2
:108B40000A702A00293213700292CA222B685A62D4
:108B5000773A5A62FFF736FF00282ED162782E68E6
:108B60000392B2694023110020781940002F31D1BF
:108B70001A4200D1E170FFF7C7FF07000398FFF723
:108B8000C3FF0390A078FFF7BFFFE278039B920535
:108B900010433F0438431B021843144B144A184037
:108BA0003060B36921691340B361E368B2690B4374
:108BB00013432800B361FFF72DFFFF222B685A6291
:108BC000002802D10123029A13700023019A137026
:108BD00005B0F0BD1A4200D1E170039B00041B02F6
:108BE0001843A3781843E3789B05D5E77F7F7F0080
:108BF000FFFFFBFFF0B50600022328360D00317899
:108C0000040085B0180001292DD027000121293743
:108C100031703B70A978E8786B7801912978490325
:108C20000291002A21D0019A05040D4315431B022D
:108C3000CA221D43236820005A62773A5A62FFF71E
:108C4000C1FE002806D1144A2368154020005D604B
:108C5000FFF7E0FEFF2223685A62002801D10123BA
:108C60003B700023337005B0F0BD1022134202D0D8
:108C700093430A336B70FFF747FF03906878FFF761
:108C800043FF05000198FFF73FFF039B029A1B0477
:108C9000104303432D02CBE73FFFFF00030902000F
:108CA0000A200F2158430A408018C0B270470000C4
:108CB00070B50C0001688B6863600B695B045B0C2A
:108CC000A3600B680D490B4098021D0ADEB2800EAE
:108CD000EDB29B0D20706570A670E370002A0AD17A
:108CE000FFF7DCFF20702800FFF7D8FF607030002E
:108CF000FFF7D4FFA070002070BDC0467F7F7F00CB
:108D000070B50C0003680E495B680B40180CDD045D
:108D1000DEB21B04ED0E5B0FE0706570A670237071
:108D2000002A0AD1FFF7BAFFE0702800FFF7B6FF6C
:108D300060703000FFF7B2FFA070002070BDC04629
:108D40003FFFFF0009C81B180133FF338900C91812
:108D50000A6070470CC89B180133FF338900C9189B
:108D600008687047F0B50E0085B015000400FDF7E7
:108D70000BFDAD192D1AFDF707FD8027254B01903E
:108D80001B685B011B0D6B430393226893681800FB
:108D900038403B4232D0731CF8D0FDF7F5FC019B04
:108DA000C01AA8422CD3E02123685A688A435A602B
:108DB00082226168520091420CD18021A26809028E
:108DC0008A4203D08021C9008A4203D140211A6817
:108DD0008A431A608021A26A89018A4206D11968F1
:108DE0000D480140196019680A431A6023000122E6
:108DF0005D331A70002303205C34237005B0F0BD8E
:108E0000039B002B00D02B00039A1D00013A039214
:108E1000BBE7C04600000020FFDFFFFFF0B51700F2
:108E2000002285B01D0002ABDA7004000E00FDF7D1
:108E3000ABFCED192D1AFDF7A7FC23222368009047
:108E400001932A4B1B6853431B0D6B43039302ABE7
:108E50002168DA1C8B681800304033423BD0C023B5
:108E6000DB009E4204D1019B1B7BDBB213701378A5
:108E70007B1CEFD0FDF788FC009BC01AA8422CD3C6
:108E8000E02123685A688A435A608222616852004E
:108E900091420CD18021A26809028A4203D080212C
:108EA000C9008A4203D140211A688A431A6080218E
:108EB000A26A89018A4206D119680D4801401960E9
:108EC00019680A431A60230001225D331A700023D7
:108ED00003205C34237005B0F0BD039B002B00D051
:108EE0002B00039A1D00013A0392B0E70000002016
:108EF000FFDFFFFF70B513000D0016000A00C02150
:108F000049010400FFF78AFF002805D02023032031
:108F1000226E1343236670BD320029002000FFF744
:108F200021FF0028F2D1C02133002A002000C9000F
:108F3000FFF774FF0028EED0E8E70000F8B5040062
:108F40000120002C67D0636A002B65D18222616802
:108F50005200914200D0E36100232500A3625D35F9
:108F60002B78DAB2002B05D123005C3320001A7075
:108F7000FAF77EFD022340222B702168E6680B6819
:108F80009343E0220B60D2000023964248D9F0229E
:108F900018001201964200D0A362822284276368DF
:108FA00052001340A2683F023A400227134322694D
:108FB000A5693A4013430122676917403B43802764
:108FC000BF002F403B43E769373217403B43276AD6
:108FD0004832174080223B43A76A920117403B4327
:108FE000102708220B60636A2D0C3B40676B17400B
:108FF0003B43F0273F013E403343042635402B439B
:1090000003434B60CB69084803400020CB61012338
:1090100020665D342370F8BD0023236163619BE704
:1090200080204001B6E7C046FFF7FFFFF0B585B0EE
:10903000009303005C3316001A7804000D00022729
:10904000012A00D182E001221A70FDF79DFB230066
:1090500001905D331A78D7B2012A00D0A6E0002D26
:1090600071D0002E6FD002321A700023A21D236629
:109070002364A563A687E68702329387D38780227D
:10908000A1682365E36412022368914208D140215C
:109090001A688A431A6080221968D2010A431A604A
:1090A00040221968114202D119680A431A60E0216E
:1090B000E0686268C90088424BD9002A01D0012EBD
:1090C00007D12A880235DA60E38FA563013B9BB2A2
:1090D000E3870225E38F002B19D12000019A009924
:1090E000FFF708FF00285ED1A368002B06D1039389
:1090F0002368DA6803929B680393039B226E002A1D
:1091000021D1230001215D33170019701BE0226873
:1091100093682B4209D0A36B19880233D160A363F3
:10912000E38F013B9BB2E387D4E7FDF72DFB019B67
:10913000C01A009B9842CDD30133CBD0230001222B
:1091400003275D331A7000235C342370380005B0A8
:10915000F0BD002A01D0012E08D12A781A73A36B22
:109160000133A363E38F013B9BB2E3870225E38FC7
:10917000002BB2D023689A682A420AD0A26B1278D8
:109180001A73A36B0133A363E38F013B9BB2E387A5
:10919000EDE7FDF7F9FA019BC01A009B9842E6D370
:1091A0000133E4D0CAE7202323669DE70227CAE7FC
:1091B000F7B51E0003005C3317001A7804000D0099
:1091C0000220012A1BD001221A70FDF7DDFA2300CC
:1091D00001905D331B786168DAB2012B09D08223DC
:1091E00002205B00994207D1A368002B04D1042A16
:1091F00002D1002D04D1012000235C342370FEBD78
:10920000002FF8D0002EF6D023005D331A78042A00
:1092100001D005221A702200002308322366276439
:10922000D687A21DD687E022E068E3642365A563A4
:109230002368E687A687D200904235D95A68604FE6
:109240003A405A6040221F68174202D11F683A43D1
:109250001A60E022D200904261D9002901D0012E8B
:1092600007D12A880235DA60E38FA563013B9BB200
:10927000E387012502272E00E38F002B19D123005D
:109280000833DB8F002B14D12000019A0899FFF7D7
:1092900031FE002800D08EE0236E002BABD12300DE
:1092A00001225D331A70A7E780225F6852013A43BA
:1092B000C7E7206883683B420ED0E38F002B0BD0BA
:1092C000012D08D1A36B1A880233C260A363E38F18
:1092D000013B9BB2E387002583681900314033428C
:1092E0000ED022000832D38F002B09D00D00C068A9
:1092F000236C188002332364D38F013B9BB2D38746
:10930000FDF742FA019BC01A089B9842B4D301337F
:10931000B2D0230001225D3303201A706CE70029CC
:1093200001D0012E08D12A781A73A36B0133A363ED
:10933000E38F013B9BB2E387012502272E00E38FD9
:10934000002B04D123000833DB8F002B9CD0236833
:109350009A683A420FD0E28F002A0CD0012D09D131
:10936000A26B12781A73A36B0133A363E38F013BE3
:109370009BB2E387002523689A681100314032428E
:109380000FD022000832D08F00280AD00D001B7B9E
:10939000206C0370236C01332364D38F013B9BB299
:1093A000D387FDF7F1F9019BC01A089B9842C6D3F9
:1093B0000133C4D0ADE72023012023666CE7C0460B
:1093C000FFEFFFFF704700000368F0B50400586826
:1093D000996801258A09160085B02E402A4208D1D5
:1093E000294206D0450604D5E36C2000984705B015
:1093F000F0BD8D0703D5050601D5236DF5E7802760
:109400004D097F0039402A43FF3F3A400A43EED0DE
:109410008206ECD5002E0FD022005D321278032A8E
:1094200050D00422266E3243226600220092DA686F
:1094300000929A680092009A012215420BD0256E84
:109440002A4322660022402502929A6802921A68F4
:10945000AA431A60029A002908D00822216E0A4302
:109460002266002203929A680392039A226E002ACF
:10947000BDD0E0215A688A435A602200DF395D324C
:1094800011700231084225D05A68A06D8A435A6093
:10949000002809D0114B8363FEF7AEFA002803D0F1
:1094A0004023226E13432366606D00289FD00B4B30
:1094B0008363FEF7A1FA002899D04023226E13435C
:1094C000236694E700220192DA6801929B68019377
:1094D000019B8CE72000FFF775FF88E7E194010806
:1094E000806A0023020010B50832D387C387FFF7D4
:1094F00069FF10BD70B50124036A026AA2430262CB
:109500004468134A856915400A681543022293434B
:109510008A6813430F4A904208D00F4A904205D000
:109520000E4A904202D00E4A90420BD10822934339
:10953000CA688E691343042293430A4A22404C6945
:10954000344314434A68446085614263036270BDDA
:109550008CFFFEFF002C0140004001400044014010
:1095600000480140FFFCFFFF70B5184A056A036A16
:10957000134003624268164BC4691C400B681C43CD
:10958000144B1D408B681B022B43134DA8420ED178
:10959000124D1D40CB681B022B43114D2B40114D2A
:1095A0008E6915404A69324312012A4308E00E4D84
:1095B000A842F4D00D4DA842F1D00D4DA842EED0F6
:1095C00042604A68C461C263036270BDFFFEFFFF70
:1095D0008CFFFEFFFFFDFFFF002C0140FFF7FFFFA8
:1095E000FFFBFFFFFFCFFFFF0040014000440140B1
:1095F0000048014030B5144A046A036A134D134011
:1096000003624368C2692A400D682D021543104A5F
:1096100014408A68120322430E4CA04208D00E4C1C
:10962000A04205D00D4CA04202D00D4CA04204D166
:109630000C4C1C404B699B01234343604B68C56144
:109640000364026230BDC046FFEFFFFFFF8CFFFEE8
:10965000FFDFFFFF002C01400040014000440140BB
:1096600000480140FFBFFFFF70B5066A124C036A55
:10967000124A234003624368456D15400A6815434A
:109680000F4A16408A68120432430E4EB04208D088
:109690000D4EB04205D00D4EB04202D00C4EB0423D
:1096A00003D11C404B691B02234343604B68456553
:1096B0008365026270BDC046FFFFFEFF8FFFFEFFA5
:1096C000FFFFFDFF002C014000400140004401402D
:1096D0000048014030B5144A046A036A134D134030
:1096E00003624368426D2A400D682D021543104AFB
:1096F00014408A68120522430E4CA04208D00E4C3A
:10970000A04205D00D4CA04202D00D4CA04204D185
:109710000C4C1C404B699B02234343604B684565DE
:10972000C365026230BDC046FFFFEFFFFF8FFFFE43
:10973000FFFFDFFF002C01400040014000440140DA
:1097400000480140FFFFFBFF7047000001000300DD
:10975000012010B53D310C78E2B284421ED10018D0
:1097600008701B68D9681143D9600E498B4208D034
:109770000D498B4205D00D498B4202D00C498B42DA
:109780000DD19A680B490A40062A06D007398A4249
:1097900003D0012219680A431A60002010BD19681D
:1097A000F9E7C046002C01400004004000080040DA
:1097B0000040014007000100704770477047704744
:1097C0000222036870B5DD681E69040016420DD0E0
:1097D00015420BD0053A1A61043202779B699B0748
:1097E00000D17CE0FFF7E9FF0023237704231E422A
:1097F00012D01D4210D00522236852421A6107324E
:1098000022779A69C0239B0020001A4200D16CE0A5
:10981000FFF7D3FF0023237708231E420FD01D42FA
:109820000DD00922236852421A610D322277DB697A
:1098300020009B075FD0FFF7C0FF00232377102392
:109840001E4211D01D420FD01122236852421A61CC
:1098500019322277DA69C0239B0020001A4250D0C7
:10986000FFF7ABFF0023237701231E4208D01D42E0
:1098700006D002222368524220001A61F9F726FD21
:1098800082239B011E4207D02B0605D52368204A60
:1098900020001A6100F031FBF30507D52B0605D532
:1098A00023681C4A20001A6100F028FB40231E4256
:1098B00008D01D4206D041222368524220001A617E
:1098C000FFF77DFF20231E4208D01D4206D0212233
:1098D0002368524220001A6100F00EFB70BDFFF7B2
:1098E0006BFF2000FFF76AFF7EE7FFF765FF2000B0
:1098F000FFF764FF8EE7FFF75FFF2000FFF75EFFD3
:109900009BE7FFF759FF2000FFF758FFAAE7C04683
:109910007FDFFFFFFFFEFFFF10B51F4C0368A04273
:1099200005D01E4A904202D01D4A904208D17022B2
:1099300093434A6813431B4A1A40CB6813430BE016
:10994000194A9042F7D0194A9042F4D0184A9042EE
:10995000F1D0184A9042EED0802293434A691343D3
:1099600003608B68C3620B688362A04208D00F4B10
:10997000984205D00E4B984202D00E4B984201D12E
:109980000B690363012242610369134202D0036938
:109990009343036110BDC046002C01400004004009
:1099A00000080040FFFCFFFF002000400040014095
:1099B000004401400048014070B504000120002C23
:1099C00023D025003D352B78DAB2002B05D12300BA
:1099D0003C3320001A70FFF7B7FE02232B7020687B
:1099E000211DFFF799FF2200012300204832137048
:1099F00047340A3A137053709370D37013715371D4
:109A00009371D371137223702B7070BD70B5040005
:109A10000120002C23D025003D352B78DAB2002B15
:109A200005D123003C3320001A70FAF725F90223F0
:109A30002B702068211DFFF76FFF220001230020FB
:109A40004832137047340A3A137053709370D370CE
:109A5000137153719371D371137223702B7070BD96
:109A6000102270B5056A036A174C9343036242687B
:109A7000836923400C6824021C4320239D438B6888
:109A80001B012B43114DA8420FD18025AB431E0073
:109A9000CB68403D1B013343AB430D4D8E691540F0
:109AA0004A69324392002A4308E00A4DA842F4D0A2
:109AB000094DA842F1D0094DA842EED042604A6853
:109AC00084618263036270BDFF8CFFFE002C014045
:109AD000FFF3FFFF00400140004401400048014007
:109AE000F8B507003C3715003A7803000C00022057
:109AF000012A0CD0013838700C2D51D008D8042D13
:109B00002DD0082D3CD0002D17D000233B70F8BD80
:109B1000102D58D0142DF8D11D682800FFF7DAFD5C
:109B200080236A6D1B0113436B656B6D2E4A1340D6
:109B30006B6523696A6D1B0253E01D682800FFF7FF
:109B4000D9FC0823AA6913430422AB61AB69934390
:109B5000AB61AB6922691343AB610020D5E71D6897
:109B60002800FFF77DFF8023AA691B011343AB6127
:109B7000AB691D4A1340AB612369AA691B02EAE77E
:109B80001E683000FFF7F0FC0422F3691D43F56105
:109B9000F3699343F361F36922691343F361DCE7EB
:109BA0001D682800FFF726FD8023EA691B01134387
:109BB000EB61EB690C4A1340EB612369EA691B0214
:109BC0001343EB61C9E71D682800FFF74DFD08232B
:109BD0006A6D134304226B656B6D93436B656B6D0C
:109BE000226913436B65B8E7FFFBFFFF1F2310B526
:109BF000012419408C408A40036AA3430362036A2C
:109C00001A43026210BD0000020010B508291CD0E2
:109C100006D800290BD0042914D01300433308E0E0
:109C20000C2915D01029F8D10300423301E00300BC
:109C30003E331B78013B581E8341DBB20120002BD1
:109C400009D010BD03003F33F3E703004033F0E7D2
:109C500003004133EDE70223082936D006D8002956
:109C60000BD004292ED01000433008E00C292FD04F
:109C70001029F8D11000423001E010003E3003708E
:109C8000146801222000FFF7B1FF1A4A944208D05D
:109C9000194B9C4205D0194B9C4202D0184B9C4258
:109CA00019D18023616C1B020B436364944202D080
:109CB000114B9C4218D1A368124A1340062B0FD1B6
:109CC0000020BEE710003F30D9E710004030D6E753
:109CD00010004130D3E70C4B9C42ECD00B4BE8E733
:109CE000802252029342EBD0012322681343236067
:109CF000E6E7C046002C014000400140004401401E
:109D00000048014007000100000400400008004036
:109D100010B5FFF779FF10BD70B50568002204008B
:109D200028000E00FFF762FF1E4B1F4A9D4208D01D
:109D30001E4B9D4205D01E4B9D4202D01D4B9D42A5
:109D40000AD12B6A134207D1296A1B4B194203D14E
:109D50006B6C1A490B406B642B6A134207D12A6A59
:109D6000154B1A4203D101222B6893432B60012328
:109D7000082E12D005D8002E09D0042E0BD0433463
:109D800006E00C2E0BD0102EF9D1423400E03E3408
:109D90000020237070BD3F34FAE74034F8E74134C7
:109DA000F6E7C046002C01401111000000400140C0
:109DB000004401400048014044040000FF7FFFFFD1
:109DC00010B5FFF7A9FF10BDF0B5040002223C3426
:109DD000257803001000012D25D01D003D352A7087
:109DE0001B68114E5A689868B34203D10F4F3A402E
:109DF0004F683A437027BA430F683A435A60B342F8
:109E000008D00B4A934205D00A4A934202D00A4A2C
:109E1000934204D1802290438A68104398600123C2
:109E200000202B702070F0BD002C0140FFFF0FFFC1
:109E300000040040000800400040014010B504004C
:109E40003C34237802000220012B39D01D48CB6816
:109E50000340886803431C480340486803431B4889
:109E60000340086803431A4803400869034319483C
:109E700003404869034318480340086B03431748ED
:109E8000034088690004034315480340C86903433D
:109E90001068144A904210D1134A13408A6A12057E
:109EA0001A43124B1A400B6A1A43114B1A404B6A61
:109EB0001A43104B1A40CB6A1343436400202070AE
:109EC00010BDC046FFFCFFFFFFFBFFFFFFF7FFFFDA
:109ED000FFEFFFFFFFDFFFFFFFBFFFFFFFFFF0FF11
:109EE000FFFFFFEF002C0140FFFF0FFFFFFFFFFE12
:109EF000FFFFFFFDFFFFFFDF704770477047000067
:109F000030B5EFF31084012282F31088C025016878
:109F10000B68AB430B6084F31088EFF3108182F37E
:109F200010880268044C93682340936081F3108882
:109F300020238830036030BDFFFF7FFF30B5EFF393
:109F40001084012282F310880168134D0B682B40A6
:109F50000B6084F31088EFF3108182F3108802689D
:109F60000E4C93682340936081F31088C36E012BDD
:109F70000AD1EFF3108183F310881024026813686C
:109F8000A343136081F31088030020228C331A60EE
:109F90000023C366436730BDDFFEFFFFFEFFFFEF18
:109FA00070B505000120002D19D02E0024230024B7
:109FB000883633602B681A6882431A6028001C6058
:109FC0005C609C60FAF790F92B00200090331C60D5
:109FD000043B34601C60EC662C6784352C7070BDCB
:109FE000F7B50500883513002A6804000220202AEE
:109FF00004D1002901D0002B01D10120FEBD802217
:10A00000A0685201904204D12269002A01D1CA07F6
:10A01000F3D4220026005432216500271380538098
:10A02000212290363760E06F2A6022680192B842A0
:10A0300011D0114A8763C262104A0263104A426318
:10A04000019A2832FDF75AFCB84204D0102333603D
:10A05000DB182B60D1E7402223681A62EFF31081EE
:10A06000012383F3108822687F3390680343936051
:10A0700081F310880020C1E7FDA201084FA3010869
:10A080005DA3010870B50400EFF31080012282F394
:10A09000108821683F4D0B682B400B6080F31088BF
:10A0A000EFF3108182F3108822683B4893680340E5
:10A0B000936081F31088E36E012B0AD1EFF31081D6
:10A0C00083F310881020226813688343136081F3A0
:10A0D000108825008021236890359B680B421CD096
:10A0E000EFF31080012383F31088226893688B4379
:10A0F000936080F31088E06F00280ED00023836304
:10A10000FDF744FC002808D0E06FFDF703FD202890
:10A1100003D1102303202B6070BD402123689B686E
:10A120000B4219D0EFF31080012383F3108826002F
:10A1300004CE93688B43936080F31088F06F0028FF
:10A140000AD000238363FDF721FC002804D0F06FC0
:10A15000FDF7E0FC2028DCD02300002256331A80D3
:10A160001A8123680F321A628022616E9205914231
:10A1700003D1102299690A439A6108229969002043
:10A180000A439A6122002023883213605360E066FC
:10A190002860C1E71FFEFFFFFEFF7FEF70B50400E0
:10A1A000EFF31080012383F31088C02521680A682B
:10A1B000AA430A6080F31088EFF3108083F31088BD
:10A1C00021681D4D8A682A408A6080F310888021AA
:10A1D000226892680A421CD0EFF3108083F3108843
:10A1E000226893688B43936080F31088E06F0028A7
:10A1F0000FD000238363FDF7C9FB002809D0E06F6F
:10A20000FDF788FC202804D11023903423601D38EA
:10A2100070BD2300002256331A808023626E9B0596
:10A220009A4204D11023226891690B439361202341
:10A23000883400202360EBE7FFFF7FFF70B5040048
:10A24000EFF31080012282F310882168294D0B68FA
:10A250002B400B6080F31088EFF3108182F310889D
:10A260002268254893680340936081F31088E36E69
:10A27000012B0AD1EFF3108183F31088102022689C
:10A2800013688343136081F31088402123689B681F
:10A290000B421ED0EFF31080012383F310882500BA
:10A2A00004CD93688B43936080F31088E86F002897
:10A2B0000FD000238363FDF769FB002809D0E86F06
:10A2C000FDF728FC202804D11023903423601D388A
:10A2D00070BD230000200F225E33188023681A62AD
:10A2E0009969073A0A439A61230020228C331A6045
:10A2F000E066EDE7DFFEFFFFFEFFFFEF03001B68F8
:10A3000070B51A6820231100806A19401A421AD1C8
:10A31000030056331980EFF31084012282F3108872
:10A32000802501688B68AB438B6084F31088EFF362
:10A33000108182F310884023026810680343136081
:10A3400081F3108870BDFAF747F8FBE7704710B546
:10A35000806AFFF7FBFF10BD7047704770B5846AD5
:10A36000230088331A685D6823689B681B0608D53C
:10A37000212A06D123000022563320001A80FFF73D
:10A38000BFFD23689B685B0608D5222D06D12300FC
:10A3900000225E3320001A80FFF7D0FD2200102338
:10A3A0009032116820000B431360FAF72FF870BD4C
:10A3B000806A0023020010B55E321380083A1380D1
:10A3C000FAF724F810BD0000F7B50168C14DCB695C
:10A3D00004000A6888682B4210D120252B4200D146
:10A3E0009BE08026760515400640354300D194E079
:10A3F000636F2000002B00D085E085E0B64D05405E
:10A400000095B64D009E1540354300D185E02500EE
:10A4100001269035334205D0D70503D50E622F684B
:10A420003E432E60022633420CD0C7070AD52700D0
:10A430000E6290373E680197B446042667463E4355
:10A44000019F3E60042633420CD0C7070AD527007F
:10A450000E6290373E680197B446022667463E4337
:10A46000019F3E600826B446334209D02027009E53
:10A470001740374304D066460E622F683E432E6075
:10A4800080263601334206D0570104D50E622021C2
:10A490002E68314329602968002935D020210B42DC
:10A4A0000AD080235B0511400340194304D0636F39
:10A4B000002B01D02000984722682B68402796681F
:10A4C00028223E40134020001E4322D0FFF736FDD5
:10A4D00023689B683B4218D0EFF31081012383F37C
:10A4E0001088250004CD9368BB43936081F31088E6
:10A4F000E86F002809D07A4B8363FDF77DFA0028C6
:10A5000002D0E86F836B9847F7BD2000F9F77EFF14
:10A51000FAE7F9F77BFF2E60F6E7E56E012D00D034
:10A520009FE01026334200D19BE0324200D198E0F8
:10A530000E62896840230A001A40194257D0211D33
:10A54000CA6F1068426892B2002ADDD027005C37DB
:10A550003F889742D8D927005E373A80026820208A
:10A560008446104000906046024232D1EFF31087DB
:10A5700085F3108820685B4E02683240026087F3E2
:10A580001088EFF3108785F3108820688268AA434B
:10A59000826087F31088EFF3108785F310882068B6
:10A5A00082689A43826087F31088230062468C3366
:10A5B0001A60009BE366EFF3108085F31088226831
:10A5C0000F351368AB43136080F31088C86FFDF735
:10A5D000DDF902232200236723005C325E331B88EF
:10A5E0001188C91A89B22000F9F7DCFE8CE7230034
:10A5F00020005C335E301988038800889BB20028F5
:10A6000000D181E7C91A89B2002900D17CE7EFF3B4
:10A61000108785F310882068334E03683340036049
:10A6200087F31088EFF3108785F3108820682F4E8A
:10A6300083683340836087F31088230020208C33A5
:10A640001860E2666267EFF3108085F310881025CA
:10A6500022681368AB43136080F3108802232367DA
:10A66000C1E780256D032B4206D0460204D52000A9
:10A670000D6200F043FC47E780210B4207D08025A4
:10A680002D0411402840014301D0A36FB1E64021C1
:10A690000B4216D00A4214D0EFF31080012383F34B
:10A6A0001088226813688B43136080F3108823009E
:10A6B000202288331A6000232000A367F9F78CFE5C
:10A6C00022E7190214D5510012D5200000F018FC21
:10A6D0001AE7C0460F080000010000102001000426
:10A6E000B1A30108FFFEFFFFDFFEFFFFFEFFFFEF4C
:10A6F000DB0100D408E7002A00DB05E7200000F0BA
:10A70000FEFB01E70123806A10B50367C36E012BCE
:10A7100006D103005C3319884908F9F743FE10BDE0
:10A72000FFF71BFEFBE7000003001B6820221B68ED
:10A7300070B51900806A1140134234D103005E33B2
:10A740001980EFF31085012383F3108804681D4EF0
:10A7500021683140216085F31088EFF3108583F381
:10A7600010880468A1689943A16085F31088EFF30D
:10A77000108483F31088402501688B68AB438B609D
:10A7800084F3108803008C331A60C36E012B0AD146
:10A79000EFF3108183F31088102402681368A34339
:10A7A000136081F3108800230367C36E012B05D16A
:10A7B00003005C331988F9F7F5FD70BDFFF7CCFD98
:10A7C000FBE7C046FFFEFFFF70B504002569A168E6
:10A7D000036829436569C26929431868664D1143B6
:10A7E00028400143196059686448256A0140E068BF
:10A7F00001435960A16998682943614D284001438C
:10A800000F209960D96A8143606A0143D9625D492A
:10A810008B4215D103215C4B5B6D0B40022B00D1A9
:10A820009AE08B4236D0012B17D080231B029A422C
:10A8300000D19AE0FDF798FF002800D199E073E07D
:10A8400052498B421AD10C214F4B5B6D0B40082BA8
:10A8500000D181E009D8002BE7D080231B029A4267
:10A8600000D076E0FDF792FE81E00C2B12D00120A3
:10A87000474BA36600236367A36770BD45498B42BE
:10A880000DD13021404B5B6D0B40202B64D0E2D9C1
:10A89000302BECD180200002824245D118E080218B
:10A8A0003D48090283425DD03C4883425AD03C482F
:10A8B0001B18581E834118018A4226D10828D6D871
:10A8C000F5F734FD53D505D5D0D5D5D50600354A95
:10A8D000616A354B49001000C95AF5F74FFD6568AC
:10A8E00040006B08C0182900F5F748FD02002F4B07
:10A8F000103A9A42BBD80F23020000079A4393B242
:10A90000400F22680343D36033E00828AFD8F5F73F
:10A9100021FD91FFAEFF2700AEFF2000AEFFAEFF8E
:10A92000AEFF090080200002626A1F4B5200D15A1C
:10A93000F5F724FD65686B08C0182900F5F71EFDC2
:10A9400002001A4B103A9A4200D990E72368D86067
:10A950000FE0FDF71BFE6FE780231B029A42B6D083
:10A960001048E1E78A4200D064E7FDF7FDFE021ED1
:10A97000AED100207CE7C046F369FFCFFFCFFFFFD9
:10A98000FFF4FF1100380140001002400044004075
:10A990000100010000480040004C00400050004011
:10A9A00000C4FEBF0024F400849B0208EFFF0000F7
:10A9B000836A30B51A0706D50168284C4A682240D8
:10A9C000846B22434A60DA0706D50168244C4A6842
:10A9D0002240C46A22434A609A0706D50168214C86
:10A9E0004A682240046B22434A605A0706D5016830
:10A9F0001D4C4A682240446B22434A60DA0606D561
:10AA000001681A4C8A682240C46B22438A609A0605
:10AA100006D50168164C8A682240046C22438A607D
:10AA20005A0610D50168134D4A68446C2A402243E7
:10AA30004A6080225203944205D14A680E4C22405B
:10AA4000846C22434A601B0606D502680B49536892
:10AA50000B40C16C0B43536030BDC046FF7FFFFF0E
:10AA6000FFFFFDFFFFFFFEFFFFFFFBFFFFEFFFFF0D
:10AA7000FFDFFFFFFFFFEFFFFFFF9FFFFFFFF7FF7E
:10AA8000F7B504000D00170000932268D3692B402E
:10AA90005B1B59424B41BB4201D0002026E0089B82
:10AAA0000133F3D0FBF770FE009BC01A089B98425D
:10AAB0002DD8002B2BD023681A685207E5D52A0021
:10AAC0004021403A8A43E0D0DA690826110031403B
:10AAD000019132420BD020001E62FFF72FFA2300B3
:10AAE00090331E600023012084342370FEBD802239
:10AAF000D96912011142C8D01A622000FFF71EFA6C
:10AB00002300202290331A60019B84342370032099
:10AB1000ECE7F0B51700020087B0883205931368A0
:10AB200004000D000220202B39D10138002936D035
:10AB3000002F34D08023A1685B01994204D123699E
:10AB4000002B01D105422AD12300002690331E603C
:10AB500021231360FBF718FE230054331F800233B8
:10AB600003931F808023A26804905B019A4204D162
:10AB70002369B34201D12E001D00230056331B88E8
:10AB80009AB2002B0DD1059B200000934021049B1D
:10AB9000FFF776FF20238834236000280ED107B00A
:10ABA000F0BD059B0022009380212000049BFFF74D
:10ABB00067FF002804D02023883423600320EEE7B9
:10ABC0002268002D0BD133880236DB05DB0D936242
:10ABD000039B039A1B88013B9BB21380CDE72B7824
:10ABE00001359362F4E70000030073B5002604000A
:10ABF00090331E60FBF7C8FD236805001B681B0728
:10AC00001FD58021284B32000093890303002000C8
:10AC1000FFF736FFB04214D0EFF31081012383F326
:10AC200010888020226813688343136081F31088A2
:10AC30002300202288331A600320002384342370E9
:10AC400076BD260023688C361B685B0723D58021E0
:10AC5000154B0022009320002B00C903FFF710FFC3
:10AC6000002818D0EFF31080012282F310882168A9
:10AC70000E4D0B682B400B6080F31088EFF31080B3
:10AC800082F3108821688B6893438B6080F310886F
:10AC900020233360D0E723002022002088331A606D
:10ACA0003260E0662067C8E7FFFFFF01DFFEFFFFBD
:10ACB00070B5041E01D1012070BD050088352B68D8
:10ACC000002B04D1020084321370F9F799F9242380
:10ACD000012122682B6013688B431360A36A002B49
:10ACE00002D02000FFF764FE2000FFF76DFD012871
:10ACF000E1D0236807495A6820000A402A215A6097
:10AD00009A688A439A60012219680A431A60FFF719
:10AD10006BFFD1E7FFB7FFFFF8B513000200060095
:10AD200005005C3281650F001380222100229036DD
:10AD30008C3532602960011D0400C86F904213D029
:10AD40001D498263C1621D493A0001631C49416388
:10AD500021682431FCF7D2FD002805D01023012002
:10AD60003360DB182B60F8BD2369002B0BD0EFF3A9
:10AD70001081012383F310882268FF331068034396
:10AD8000136081F31088EFF31080012383F31088A0
:10AD900021688A681A438A6080F31088EFF3108173
:10ADA00083F3108822683F3390680343936081F3F4
:10ADB00010880020D7E7C04629A7010805A7010889
:10ADC0005DA3010803008C3070B504680220202CBC
:10ADD00025D10138002922D0002A20D080209C686B
:10ADE0004001844205D11869002802D10130014296
:10ADF00015D10020D8661868406800020CD5EFF322
:10AE00001085012080F3108880201C68C00426680B
:10AE10003043206085F310881800FFF77DFF70BD78
:10AE2000F7B50700436E04006A37002B04D10120F8
:10AE3000388068342080F7BD03680B4E9A689B68A1
:10AE40000A4D5B0FF05CE95CC0000192F5F720FB56
:10AE5000019B38801B015B0FF05CE95CC000F5F7DB
:10AE600017FB80B2E5E7C046A49B02089C9B020842
:10AE7000F7B504000E001D000192002801D1012049
:10AE8000FEBD070088373B68002B04D102008432E6
:10AE90001370F9F7B5F82423012122683B60136889
:10AEA0008B431360A36A002B02D02000FFF780FDC4
:10AEB0002000FFF789FC0128E1D080222368D2011D
:10AEC00099682D040A439A609A680A4920000A404A
:10AED00032439A60019A51050D431A6806490A40A7
:10AEE000154301221D6019680A431A60FFF77CFEB2
:10AEF000C6E7C046FF7FFFFFFFFF00FC70477047BB
:10AF00007047000070B504008434227803000220EA
:10AF1000012A11D01D002422012688352A601A68D2
:10AF200011681068B0431060044801400020586662
:10AF3000202311602B60207070BDC046FFFFFFDF33
:10AF4000F8B5050084350B0029780222012915D0B7
:10AF500006000121046888362232326027682268A0
:10AF60008A432260A168C900C9081943A160FFF79C
:10AF700057FF20230022276033602A701000F8BD9D
:10AF8000F8B5050084350A0029780223012915D077
:10AF9000060001210468883622333360276823685D
:10AFA0008B432360A168064B19401143A160FFF752
:10AFB00037FF20232760336000232B701800F8BD73
:10AFC000FFFFFFF103008C331B6870B50400022003
:10AFD000202B02D1002901D1012070BD002AFBD015
:10AFE0008020A56801234001854204D12069002802
:10AFF00001D11942F0D1E366002320002367FFF757
:10B000008BFE0028E9D1E26E012AE5D110232168E8
:10B010000B62EFF3108182F31088226814682343D7
:10B02000136081F31088D8E770B5FBF7B7F9040017
:10B030006420FBF70DFA8026002007F0EBF80025CE
:10B04000B60031000848FCF797FF002D07D1FBF749
:10B05000A5F9064B001B984202D907F0B3FB012566
:10B060006420FBF7F5F9ECE7000C005087130000B3
:10B0700013B506F06BFF1D4C002806D004222021DA
:10B080001B4B200002F0ECFB13BD05F0DDFB00289C
:10B0900003D004222421174BF3E706F0B1FD00286A
:10B0A00003D004222821144BEBE702F037FB031EE8
:10B0B00003D004222C21114BE3E702220092C0228C
:10B0C0000F49D2000F480193FAF7EAF8020001286D
:10B0D00003D0042230210C4BD3E70C49200000910F
:10B0E0000B4B332102F0BCFBCEE7C046A06B02083D
:10B0F000766B0208B26B0208E36B0208106C020860
:10B100003F6C020829B00108436C0208816C0208F8
:10B11000656C020810B5034B0A000100180002F02C
:10B1200013FC10BD876C020870B5104B06000C00B4
:10B130001500002900D00E4B0E482200310002F00D
:10B1400003FC23000C48F93308D00C48002C05DB25
:10B15000002D06D00A48002C00D10A4802F0F4FB6A
:10B1600070BD0948002CF9D10848F7E79E6C020829
:10B17000996C0208A26C0208B66C0208DB6C02082B
:10B18000F06C0208046D0208196D02082D6D0208AA
:10B1900010B51B4802F0D8FB1A4802F0D5FB1A483C
:10B1A00002F0D2FB194802F0CFFB194802F0CCFBA9
:10B1B000184802F0C9FB184802F0C6FB174802F015
:10B1C000C3FB174802F0C0FB164802F0BDFB16484F
:10B1D00002F0BAFB154802F0B7FB154802F0B4FBC9
:10B1E000144802F0B1FB144802F0AEFB134802F021
:10B1F000ABFB134802F0A8FB124802F0A5FB10BD00
:10B20000426D02087E6D0208936D0208C26D02084D
:10B21000036E0208496E0208716E0208A26E0208EF
:10B22000DA6E0208346F02084D6F0208896F020857
:10B23000DD6F02082670020871700208A57002080E
:10B24000DB700208FB70020810B5094802F07CFBB5
:10B25000084802F079FB084802F076FB074802F044
:10B2600073FB074802F070FB064802F06DFB10BD4F
:10B270001A710208617102087C710208A671020845
:10B28000027202083172020870B505000E00002833
:10B2900002D00023002903D1164802F055FB70BDEF
:10B2A000EA5C203A5E2A0FD80133B342F8D3124841
:10B2B00002F04AFBAE1929781048013502F044FB30
:10B2C000B542F8D10E48E8E731000E4802F03CFBE9
:10B2D0000024295D0C48013402F036FBB44206D24A
:10B2E000402CF6D1402E02D9084802F02DFB084828
:10B2F000D3E7C046667202088172020870720208C3
:10B300007372020883720208777202087D72020863
:10B31000E2890208F0B50D0095B0012827D1A14EB1
:10B320000FAD002229003000FDF7C2FC021E9E482E
:10B3300007D10EAC21003000FDF7E2FC002806D05A
:10B340009A4802F001FB0120404215B0F0BDA378FD
:10B350006278E178247896480394AC7802946C780B
:10B3600001942C78009402F0EFFA0020EDE7092810
:10B3700000D082E08F496868F4F7C6FF002800D04B
:10B3800001E1A86807F02DFD6B4605901B7DE8687C
:10B390000B9307F026FD6B4606901B7E28690C93E5
:10B3A00007F01FFD6B4607901B7F68690D9307F040
:10B3B00018FD20226B4608909B18A8691F7807F09B
:10B3C00010FD24226B4609909B18E8691E7807F04F
:10B3D00008FD28226B460A909B18286A1C7807F003
:10B3E00000FD0B9A0500C3B2632A10D80C9A013AEB
:10B3F0000B2A0CD80D9A013A1E2A08D8172F06D806
:10B400003B2E04D83B2C02D85A1E062A01D96A4882
:10B4100097E700220FA90B988C700EACE0700C9887
:10B420004E7060705F4E0D98CA70A0703000CA6098
:10B430000A610F702370FDF773FB021E01D05F4895
:10B440007FE721003000FDF7D5FB002801D05C48E4
:10B4500077E7FF24254003950A9D079B2540029529
:10B46000099D069A25400195089D05992540234090
:10B470002240214053482C0074E705283DD14C68F8
:10B480004C492000F4F740FF002805D020004E4929
:10B49000F4F73AFF002876D1A86807F0A2FC6B46C3
:10B4A0000590E8681F7D07F09CFC0400C6B228697F
:10B4B00007F097FC0500C3B2172F03D83B2E01D825
:10B4C0003B2B01D941483CE700220FA935480F70BA
:10B4D0004E708B70CA70CA600A61FDF721FB0028AC
:10B4E000ADD1FF212B00220005980B4008400A40F7
:10B4F0000100374802F028FA37E7062843D13549DA
:10B500006868F4F701FF089000283CD1A86807F0AC
:10B5100068FC6B460590E8681F7D07F062FC6B468F
:10B52000069028691E7E07F05CFC6B4607906869F0
:10B530001C7F07F056FC0500C3B2632F08D8721EAB
:10B540000B2A05D8621E1E2A02D85A1E062A01D9C5
:10B550002148F6E60EA91348089ACF704E708C70F9
:10B560000B70FDF747FB002800D070E7FF24079B16
:10B57000069A05992540194823402240214000950C
:10B5800002F0E2F9F1E6164802F0DEF9154802F0A1
:10B59000DBF9154802F0D8F9144802F0D5F914483F
:10B5A000CFE6C046A40500208C720208A3720208F0
:10B5B000BA720208EE720208F272020853730208AD
:10B5C0006A73020881730208BC730208C47302081C
:10B5D000EC7302080E740208167402085B74020809
:10B5E0008C74020895740208DA7402082375020844
:10B5F00065750208F8B506000D00012809D827482E
:10B6000002F0A2F92648012402F09EF964422000CB
:10B61000F8BD4F6823493800F4F776FE041E1BD0AE
:10B6200038002149F4F770FE002814D038001F4973
:10B63000F4F76AFE00281CD038001D49F4F764FEB8
:10B64000002818D038001B49F4F75EFE04240028B7
:10B6500002D01948D7E70124022E0ED1200006F0AF
:10B66000CFFD164B02006968180002F06DF9002446
:10B67000CDE70224F0E70324EEE7A86807F0B1FB6A
:10B680000600C1B2200006F02FFD04006968230007
:10B690000B48F2B202F058F9B9E7C0468C740208C0
:10B6A000AB750208D5750208DA750208DE75020866
:10B6B000E1750208E4750208E875020818760208C8
:10B6C0002A76020870B501280FD805F02BFD0E4B25
:10B6D0000100180002F038F90C4802F035F90C4866
:10B6E00002F032F90025280070BD486807F079FBA8
:10B6F0000400C0B205F008FD0500E1B22A000548CB
:10B7000002F022F9EFE7C046487602088C7402087E
:10B710005A7602088F76020870B501280FD806F015
:10B720005BFE0E4B0100180002F00EF90C4802F00F
:10B730000BF90C4802F008F90025280070BD486894
:10B7400007F04FFB0400C0B206F038FE0500E1B27E
:10B750002A00054802F0F8F8EFE7C046A77602088D
:10B760008C740208B6760208F376020870B50128D8
:10B770000FD806F04BFE0E4B0100180002F0E4F863
:10B780000C4802F0E1F80C4802F0DEF80025280031
:10B7900070BD486807F025FB0400C0B206F02AFE21
:10B7A0000500E1B22A00054802F0CEF8EFE7C046F6
:10B7B0000E7702088C7402081E7702085E77020872
:10B7C00070B501280FD806F03BFE0E4B01001800A3
:10B7D00002F0BAF80C4802F0B7F80C4802F0B4F8DE
:10B7E0000025280070BD486807F0FBFA0400C0B2CD
:10B7F00006F01AFE0500E1B22A00054802F0A4F89E
:10B80000EFE7C0467A7702088C7402088C7702084A
:10B81000C1770208F8B507000D00012809D81748BC
:10B8200002F092F80126164802F08EF876423000B7
:10B83000F8BD486807F0D5FA0400C6B2022F0AD155
:10B84000300006F025FE0F4B0200E1B2180002F0B6
:10B850007BF80026EBE7A86807F0C3FA0500C1B241
:10B86000300006F0F9FDFF2106002A0033000A40EF
:10B870000548214002F068F8D9E7C0468C740208F8
:10B88000D97702080E78020821780208F8B5070077
:10B890000D00012809D8174802F056F8012616486D
:10B8A00002F052F876423000F8BD486807F099FA85
:10B8B0000400C6B2022F0AD1300006F01BFE0F4B67
:10B8C0000200E1B2180002F03FF80026EBE7A8689A
:10B8D00007F087FA0500C1B2300006F0F5FDFF2140
:10B8E00006002A0033000A400548214002F02CF8E7
:10B8F000D9E7C0468C7402083A78020872780208C8
:10B900008578020810B506F0A1FC040006F0C8FC1A
:10B91000F7F76AFB02000B000248210002F014F85E
:10B92000002010BD9E78020810B506F0DBFC040074
:10B9300006F002FDF7F758FB02000B000248210059
:10B9400002F002F8002010BDC278020870B50C00A9
:10B9500001280CD8194801F0F7FF194801F0F4FF4D
:10B960000124184801F0F0FF6442200070BD022855
:10B9700014D01549A068F4F7C7FC0028EAD1606824
:10B9800007F02FFA11490500C0B206F0C7FD040008
:10B99000E9B222000E4801F0D7FFE6E7486807F059
:10B9A00020FA0500C0B206F0C5FD0400E9B222008D
:10B9B000084801F0C9FFE417D7E7C0468C740208B5
:10B9C000E67802081D7902085F79020815B10108BE
:10B9D00068790208876C020810B506F0C1FD040002
:10B9E0000248210001F0B0FF200010BD8B79020851
:10B9F00010B5074801F0A8FF3220F9F70DFEBFF39C
:10BA00004F8F044B044ADA60BFF34F8FC046FDE707
:10BA10009F79020800ED00E00400FA0510B501204E
:10BA200006F004FF084B0100180001F08DFF3220E2
:10BA3000F9F7F2FDBFF34F8F044B054ADA60BFF30D
:10BA40004F8FC046FDE7C046AD79020800ED00E02B
:10BA50000400FA0570B58AB003AC1A220021200058
:10BA600008F0E4FA200006F099FE174B01001800D8
:10BA700001F06AFF238BE28A1B041343A28A618AC6
:10BA800012040A431148039901F05EFF237910491B
:10BA9000042B02D80F4A9B009958258AE6892D0469
:10BAA0003543637A6068227A01956589A489000A22
:10BAB00024042C43120602430094074801F044FF7B
:10BAC00000200AB070BDC046D7790208E9790208A3
:10BAD000D5790208C09B0208237A0208F0B5050058
:10BAE0000F0097B0012805D8FFF752FB0120404214
:10BAF00017B0F0BD4E68C6493000F4F705FC0028C9
:10BB000007D104F0C5FE0400C248210001F01CFF6B
:10BB1000C3E23000C049F4F7F7FB002806D104F077
:10BB2000DDFEBE4801F010FF0020E1E73000BC4917
:10BB3000F4F7EAFB002872D1022D48D0BC68B9495D
:10BB40002000F4F7E1FB011E04D10122B64801F008
:10BB5000FBFEE9E72000B549F4F7D6FB002836D113
:10BB6000032D03D1B24801F0EFFEBFE7FC68B149F5
:10BB70002000F4F7C9FB002819D02000AE49F4F7E3
:10BB8000C3FB002812D02000AC49F4F7BDFB00280D
:10BB90001BD02000AA49F4F7B7FB03000120002BBB
:10BBA00005D0A848210001F0CFFE9FE7002004F057
:10BBB000E5FEFE68040004F0A7FFA34D43682200E1
:10BBC0003100280001F0C0FE67E20120EFE704F039
:10BBD0009BFF01000C002A342478037C64B20278B5
:10BBE0000C940C8D99480B94CC8C0A948C8C0994F1
:10BBF0004C8C08940C8C07948C7F06941C240C5756
:10BC000005944C8B04940C8B0394CC8A02948C8AFC
:10BC100001944C8A0094496801F096FE84E7300054
:10BC20008B49F4F771FB002811D104F071FF85797D
:10BC300083784278017803954579864C0295057999
:10BC40000195C0780090200001F07EFE6CE7300086
:10BC50008149F4F759FB002828D1022D06D0BC6891
:10BC60007E492000F4F750FB002805D1002004F0A5
:10BC70004DFE04007A4848E720007A49F4F744FB77
:10BC8000002805D1013004F041FE040076483CE76D
:10BC900020007649F4F738FB002805D1023004F083
:10BCA00035FE0400724830E772487BE7724C300082
:10BCB0002100F4F729FB002841D105F0AFF90E90DF
:10BCC00005F0B9F90F9005F079F96C4D042802D808
:10BCD0006B4B8000C55805F07BF9684E042802D8EC
:10BCE000674B8000C65805F077F9644F042802D8E6
:10BCF000634B8000C75805F073F9040005F074F930
:10BD00000300290032005F48019300943B0001F0DA
:10BD10001BFE05F06DF9050005F075F95A4B0200A0
:10BD20002900180001F010FE012258480E99FFF773
:10BD3000FBF9002256480F99FFF7F6F9F4E63000B8
:10BD40005449F4F7E1FA00282AD1504E022D19D0B7
:10BD5000BC6831002000F4F7D7FA002805D105F0BF
:10BD60005DF9012201003000E6E7494D200029007D
:10BD7000F4F7CAFA041E05D105F05DF922000100AE
:10BD80002800D9E705F04AF9012201003000FFF749
:10BD9000CBF905F050F93E4B010000221800CBE72B
:10BDA00030003049F4F7B0FA002800D09AE03A4861
:10BDB000022D00D1D7E6BC6838492000F4F7A4FA78
:10BDC000002804D105F044F9040035489DE6200020
:10BDD0003449F4F799FA002804D105F04EF904002B
:10BDE000314892E620003149F4F78EFA002861D1FB
:10BDF000442504AB5B19188015A805F06AF904AB5B
:10BE00005B19040019882A48220001F09DFD44E1D5
:10BE1000967A0208807A0208947A02089B7A0208CD
:10BE2000AF7A0208B77A0208BC7A0208EE720208FA
:10BE3000FA7A02081C7B0208237B02082A7B02088C
:10BE4000317B0208387B0208557B02087D7B0208A3
:10BE5000167C02081B7C0208707C0208747C0208B5
:10BE6000787C02088F7C0208947C0208AC7C020873
:10BE7000B27C0208CB7C0208F87C0208D579020863
:10BE8000AC9B0208FE7C0208317D02085A7D020844
:10BE90005F7D0208657D0208687D02088F7D0208CB
:10BEA000937D02082F8E0208AB7D0208C47D020834
:10BEB000C87D0208CF492000F4F726FA011E0FD1F1
:10BEC000CD48032D00D14EE60A00F86807F09CF932
:10BED000050080B205F0E6F8A9B20400C74893E770
:10BEE000C74840E63000C749F4F70EFA00283AD1B7
:10BEF000022D06D0BD6821002800F4F705FA0028BD
:10BF000011D105F033F9C04C012805D005F02EF908
:10BF1000BE4C022800D0BE4C05F004F9BD4B020017
:10BF20002100180013E62800B749F4F7EDF90028BE
:10BF300009D105F0FBF8040005F0F4F80200B64B57
:10BF40002100180061E72800B049F4F7DDF9002866
:10BF500007D105F0FBF8040005F0E4F8AF4B020050
:10BF6000EEE7AF48FFE53000AE49F4F7CDF9041E27
:10BF700000D098E0022D18D0AB49B868F4F7C4F9A6
:10BF8000011E10D1032D0CD00200F86807F03CF917
:10BF90000500280004F0F0FF0400A4482200290056
:10BFA00033E7A34DF5E7062D01D8A248DBE52200D3
:10BFB0002100F86807F028F96B460E901B8F2200CD
:10BFC00021003869109307F08DF822002100050048
:10BFD000786907F019F96B460F909B8F21002200BA
:10BFE000B869119307F07EF8BC68060092492000FA
:10BFF000F4F78AF9002811D133002900119A10981A
:10C0000004F0EAFE6A4604006B46118F2A008B4852
:10C010009B8F0194009601F097FC3EE02000884938
:10C02000F4F772F90028C0D13E2404ABE4189887D5
:10C0300014AB20802A001099009313AB1490159034
:10C0400004F06CFD15AB00930700230032000120C3
:10C05000119904F063FD0400002F22D1002806D1BD
:10C0600033002900119A109804F022FE04006A4659
:10C07000118F159A04AB9B8F04923E2204AF059456
:10C08000D2191288029603926A46928F6D480192E5
:10C09000149A00922A0001F057FC631E9C416042F2
:10C0A00026E53C00E3E730006749F4F72DF9002866
:10C0B00000D029E16548022D00D154E5BE686449ED
:10C0C0003000F4F721F9002805D030005A49F4F780
:10C0D0001BF9002819D15F48042D00D843E5002240
:10C0E000F868110007F090F8002205001100386987
:10C0F00006F0F8FF0600A8B2310004F039FE040093
:10C100005548A9B2230032005CE530004C49F4F7F1
:10C11000FBF8041E2FD1402204AB9B181880159009
:10C120004E48042D00D81EE522002100F86807F0D3
:10C130006BF82200210086B20500386906F0D2FFB4
:10C1400015AB0200009307003100200014AB04F08F
:10C15000E5FC041E04D13900300004F035FD040074
:10C16000402204AB9B181B883D48A9B2159A019444
:10C1700000923A004FE730003A49F4F7C5F8041E40
:10C1800017D13948042D00D8EDE422002100F868C9
:10C1900007F03AF8220005002100386906F0A2FFF6
:10C1A0000600A8B2310004F035FEA9B204002F4801
:10C1B000A8E730002E49F4F7A7F8002804D104F0CE
:10C1C000BBFE04002B48A0E430001749F4F79CF8AC
:10C1D000002853D1032D0BD00022F868110007F07E
:10C1E00013F80500280004F0BFFE04002248D5E63D
:10C1F0000F4DF7E7E37D0208E77D0208017E0208A4
:10C200001C7E0208387E02086E7A02087A7A0208DA
:10C21000727A02083E7E0208617E0208877E02086A
:10C22000AF7E0208CD7E0208D27E0208D77E0208C9
:10C2300088130000F77E0208307F0208347F02086E
:10C240005E7F0208627F02085A7D0208A47F02080E
:10C250008F7D0208D67F0208FB7F02082380020838
:10C2600054800208988002089C800208BE80020860
:10C270002F8E0208E5800208FE80020830009849EF
:10C28000F4F742F800281DD1032D19D00022F868D8
:10C29000110006F0B9FF050004F0F0FD040091481C
:10C2A000210001F051FB002C01D0FFF71FFC2800FA
:10C2B00004F066FE040004F093FE8B4B02003FE6A0
:10C2C0008A4DE9E730008A49F4F71EF8041E19D1B7
:10C2D0008848042D00D846E422002100F86806F0C2
:10C2E00001FF220021000500386906F0FBFE010075
:10C2F0000600280004F0ECFD04007F482300320013
:10C3000029005FE47D482EE430007D49F3F7FCFF0F
:10C31000002801D0FFF7E8FB7A48022D01D1FFF792
:10C3200022FCBE6878493000F3F7EEFF002805D004
:10C3300030007649F3F7E8FF002818D17448042D3F
:10C3400001D8FFF710FC0022F868110006F05CFF2E
:10C35000002205001100386906F0C4FE0600A8B2EC
:10C36000310004F01FFDA9B204006A48CAE630009B
:10C370006949F3F7C9FF041E2CD1402204AB9B1876
:10C38000188015906548042D01D8FFF7ECFB2200BA
:10C390002100F86806F038FF2200210086B205006F
:10C3A000386906F09FFE15AB0200009307003100CC
:10C3B000012014AB04F0B2FB041E04D1390030009C
:10C3C00004F03CFC0400402204AB9B181B8854483A
:10C3D000A9B2CBE630005349F3F796FF041E18D1FB
:10C3E0005148042D01D8FFF7BEFB22002100F86858
:10C3F00006F00AFF220005002100386906F072FEEF
:10C400000600A8B2310004F01FFDA9B2040047489D
:10C4100078E630004649F3F777FF002805D104F0AD
:10C4200097FD04004348FFF770FB30004249F3F7E3
:10C430006BFF00280FD1032D0BD00022F8681100EC
:10C4400006F0E2FE0500280004F092FD04003B48DF
:10C45000A4E53B4DF7E722493000F3F755FF011EF5
:10C460001CD1032D18D00200F86806F0CDFE05009F
:10C4700004F019FD04003348210001F065FA002C96
:10C4800001D0FFF733FB280004F089FD040004F01D
:10C49000ABFD2D4B020053E5144DE9E73000144984
:10C4A000F3F732FF041E17D12848042D01D8FFF7F7
:10C4B0005AFB22002100F86806F014FE2200210039
:10C4C0000500386906F00EFE01000600280004F0A1
:10C4D00019FD04001E4811E71E48FFF744FBC04643
:10C4E0001E810208218102083E810208C0D4010099
:10C4F000618102086581020882810208A281020826
:10C500005F7D0208BE8102088F7D0208307F02082D
:10C51000F1810208178202085E7F02084082020849
:10C520007282020898800208B7820208DA82020842
:10C530002F8E020802830208D27E02081C830208A2
:10C54000881300003D8302085B8302087F83020892
:10C550009D830208BE830208F0B512270023D3B0E2
:10C560000CAABF180C00059011933B80012804D839
:10C57000FEF76AFE002053B0F0BD01F06BF966686B
:10C580000690CA493000F3F7BFFE002808D1069B89
:10C59000C749002B00D0C749C74801F0D5F9E9E7E2
:10C5A000069BC648002B00D1B4E03000C449F3F725
:10C5B000ABFE002800D1B2E03000C249F3F7A4FE80
:10C5C000051E00D02DE1059BBF48022B00D1A1E044
:10C5D000022308340793236818000893F3F79EFE9C
:10C5E0002B180600FF2B01D9FF235E1B002E07D05E
:10C5F00012AB58193200089907F068FEAD19ADB2B8
:10C60000079B0133DBB20793079A059B934205D939
:10C610006B1C9BB20434FF2B00D8FDE011AB012151
:10C62000009306982B00019712AA05F0F5F8011E59
:10C63000A64800D02AE13988A54801F085F911986B
:10C640003988FEF721FE1198002800D192E704F006
:10C650006FFE8FE7BE00A3599E4918000893F3F7B9
:10C6600053FE011E3BD1A6190200706806F0CCFDF6
:10C67000051E00D101350237FFB2059A7B1C93429B
:10C68000E8D36B1C00240F930023012600270A9394
:10C690000B940893013B05930F9B9E4244D1012DBF
:10C6A00015D9002F00D1B1E00A980B99089B3A00E8
:10C6B00002930023F4F750F8874C059BEE1B019082
:10C6C00000933A0033002900200001F03DF9119851
:10C6D000002801D004F02CFE784278411DE07F490B
:10C6E0000898F3F711FE011E06D1A6190200706822
:10C6F00006F08AFD0990BEE779490898F3F704FE31
:10C70000011E06D1A6190200706806F07DFD079093
:10C71000B1E7744801F018F9012040422BE70227E5
:10C72000012507900990A8E7FAF72EF812230CAA22
:10C730009B18019311AB0093002304001A00190009
:10C74000069805F069F80E90FAF71EF80E9B041B88
:10C75000002B07D1079B002B0DD0A3420BD2062341
:10C760005B420E932A0031005F480E9B009401F05B
:10C77000EBF8013690E70CAB5B8A032B34D91199A7
:10C78000002931D0042212A807F0A0FD129B2A0034
:10C79000310056480194009301F0D6F81198002812
:10C7A00003D004F0C5FD0023119312230CAA9B189B
:10C7B00000221A80099B934201D0B54222D8059BE2
:10C7C0000137A34200D90594089BA34200D20894E4
:10C7D00000230C940D930C990D9A0A9B0B9C5B18EB
:10C7E00054410A930B94C4E72A0031004048009456
:10C7F00001F0AAF812230CAA9B1819881198FEF7C9
:10C8000043FDCBE70998F9F7C5FFD8E72A002900CF
:10C81000384801F099F85AE7202112AA51551D0015
:10C82000D9E630003449F3F76FFD00286AD1059B43
:10C8300005000200022B21D00227083423681800CB
:10C840000793F3F76BFD2B180600FF2B01D9FF238D
:10C850005E1B002E07D012AB58193200079907F063
:10C8600035FDAD19ADB20137059BFFB2BB4214D9FE
:10C870006B1C9BB2043412AAFF2B0AD901212B0096
:10C88000069805F067F8011E0CD01C4801F05CF812
:10C8900042E7202151551D00D0E712AA002DEDD10D
:10C8A0002A00EBE7164801F04FF863E6648C0208B3
:10C8B000DE830208DB830208F28302080384020895
:10C8C00019840208678502086C8502087E850208C3
:10C8D000908502081E840208FA8402082184020856
:10C8E00024840208278402087084020897840208BE
:10C8F000CE8402083F850208A6850208AA850208A0
:10C90000BB850208FEF7A0FC06E7C046F0B50E277F
:10C91000A84C0D00A54404ABFF18002302903B80F7
:10C92000012815D8A44801F00FF8A44801F00CF82C
:10C93000A34801F009F8A34801F006F8A24801F065
:10C9400003F8A24801F000F8A14800F0FDFF0FE055
:10C950004E68A0493000F3F7D7FC00280DD101F054
:10C9600073FE9D49002800D09C499D4800F0ECFFD3
:10C970000020C9239B009D44F0BD9A493000F3F785
:10C98000C3FC011E1FD1029B022B18D00200A86815
:10C9900006F03AFC029B0400934E032B00D0EE6895
:10C9A0003100200001F050FC050032002B00210076
:10C9B0008E4800F0C9FF6B1E9D416842D9E7E12413
:10C9C000894E6402ECE730008949F3F79DFC0028AA
:10C9D0000AD101F0E7FB04002100631E9C41854859
:10C9E00000F0B2FF6042C4E730008349F3F78CFCEB
:10C9F000041E3BD1029B8148022B00D182E002271A
:10CA000008352B6818000393F3F788FC83B21B19D1
:10CA10000600FF2B0BDD80235B001E1B08AB1819E3
:10CA200032000399A41907F051FCA4B201E00028D8
:10CA3000F4D10137029BFFB22200BB420AD9631C2A
:10CA40000435FF2B06D810219CB204AB5B184918A3
:10CA50009954D6E72100C82208A801F0F5FC05008A
:10CA600021002A00664800F06FFFA4E73000654906
:10CA7000F3F74AFC041E3BD1029B022B25D0010098
:10CA80000200A86806F0C0FB029B06008021032B71
:10CA90000CD021002200E86806F0B6FB8023011CC0
:10CAA00080B29B00984200D9191C89B248AD33006E
:10CAB0003A00280001F02CFD041E09D05248210044
:10CAC00000F042FF0120404253E7C8268021EDE7F5
:10CAD00039884E4800F038FF3B88A34201D84C48C3
:10CAE00033E7295D4B48013400F02EFFE4B2F3E751
:10CAF00030004949F3F708FC041E59D1029B032B6F
:10CB000003D8464800F020FFDCE702000100A868D7
:10CB100006F07AFB0C3503232E000590039333684F
:10CB200018000493F3F7FAFB83B21B190500FF2BDF
:10CB30000BDD80235B001D1B08AB18192A0004992C
:10CB4000641907F0C3FBA4B201E00028F4D1039BF1
:10CB50000133DBB20393039A029B934209D0631C17
:10CB60000436FF2B05D8220020219CB208AB995433
:10CB7000D5E7059B48AD0193802321002A0000974B
:10CB80009B0008A801F050FD041E254897D1398864
:10CB9000244800F0D9FE0E2304AA9B181B88A34248
:10CBA0009DD9295D1B48013400F0CEFEE4B2F2E7C6
:10CBB0001D48A7E7DCFCFFFFEB85020802860208A0
:10CBC0000F86020830860208418602085586020850
:10CBD00079860208648C0208DC850208E085020878
:10CBE0009C860208967A0208E7850208A886020851
:10CBF000947A0208CD860208E4860208E7860208D5
:10CC0000FA8602086D8C020814870208278702083A
:10CC1000E2890208777202083E8702084387020809
:10CC2000658702087A8702089687020830B50E4B9E
:10CC3000040018680D0087B0002812D06B4605AAC2
:10CC400059751C754021022304F084FE021E08D091
:10CC50000092064B0322064806490295019400F013
:10CC6000FFFD07B030BDC046789C01200388020854
:10CC70002D880208A702000010B5054B186800288F
:10CC800002D004F045FDF8E70A20F8F7C5FCF4E708
:10CC9000789C012010B5074C2000FDF7CFFA002248
:10CCA000054B20001A8080320449D200FEF78AF832
:10CCB00010BDC0463C090020649801206698012000
:10CCC000F0B585B0FFF7E6FF040002252D4800957A
:10CCD0000023012229000068F7F7BFFB28421FD07C
:10CCE0000021294B29481A6819608A420AD1B921C2
:10CCF000274B0322890000F0B3FD264B1B68222B33
:10CD0000E3D0DFE7130706D500920322224B234925
:10CD100000F0A6FDD6E70092214B04222149F7E757
:10CD2000002C03D02800F8F777FCCBE7194A1E4BFC
:10CD30001268222AC9D11D4E30680028C5D004339C
:10CD4000DB6F002BC1D01B68194F5D688023DB00AF
:10CD50005D1B3A88ADB29542B7D016490391511880
:10CD6000954205D9AA1A92B204F0E6FA3D80ACE7E2
:10CD70009A1A92B204F0E0FA002DF7D02A00039933
:10CD80003068F1E7749C0120609801202D8802082A
:10CD900049880208C80900208E880208EB020000BA
:10CDA000C8880208ED0200003C090020789C0120A0
:10CDB000649801206698012007B50423019201AA16
:10CDC00004F096FD07BD000070B5114B04001E680D
:10CDD0000D0088B0002E18D00591049004F000F9E1
:10CDE000069004F001F904AA079010234C213000AA
:10CDF00004F0B0FD021E08D0009253210322054B1F
:10CE000005480295019400F02BFD08B070BDC046A6
:10CE1000789C0120EB8802082D880208F0B59379F0
:10CE200091B00E0015000293002B00D0B8E3110062
:10CE300030001469578905F07BFF00286AD1287AF1
:10CE4000542800D9AAE3F3F78FFA55005B00A90331
:10CE5000A903A903A903A903A903A903A903A90372
:10CE6000A903A903A903A903A9036A008200A300D7
:10CE7000A903A903A903A903A903A903A903A90352
:10CE8000A903A903A903A903A903E200F000FD0077
:10CE9000050108011C0122012E0131013E01410161
:10CEA0004B014E015C0169017701840194019701F6
:10CEB000BE01C501A903A903A903D101D7014002FD
:10CEC0004A02740277027A028702A903A9038F0239
:10CED000A602BD02C002C302E002F7020E03110364
:10CEE0001403A9033103E9013602A903A903560378
:10CEF0006D038403F9F752FA0423099009AA05E0A7
:10CF0000002C09D0002F07D03B0022002900300060
:10CF100004F0EEFC11B0F0BD00231A00F6E700218A
:10CF2000102209A805910691079107F07FF807AB39
:10CF30000093B44906ABB44805AA06F005FF059B6B
:10CF40000993069B0A93079B0B931023D6E7AF4FD9
:10CF50000022380009A9FBF7ABFE021E02D0F32223
:10CF600052422BE106AC21003800FBF7C9FEE37802
:10CF700007AA1370637802A95370A378898B937002
:10CF80002378D37002AB9B7F918093710723BDE719
:10CF9000002C01D0062F01D8FF22E1E76078431E64
:10CFA0000B2B13D8A3785A1E02931E2A0ED8E278B0
:10CFB0000392013A062A09D822799446172A05D8FD
:10CFC00067793B2F02D8A2793B2A01D9F122C7E722
:10CFD00009A963468A7000220B704F70CA702478CA
:10CFE000029B07AFFC70BB70884C039BCA600A6150
:10CFF00078703B702000FBF793FD021EAFD1390023
:10D000002000FBF7F7FD0028A9D10022D6E0002C74
:10D01000C2D0012FC0D920780428D7D861786429DC
:10D02000D4D805F061F80200C8E0002CB4D0002F7D
:10D03000B2D020780428AFD805F0E2F809AA01237D
:10D04000107063E7002CA7D0002FA5D0207804F043
:10D050005BF8E8E704F066F8F0E705F0F7F807009A
:10D0600005F01EF909AC6A492780F3F75DFEF3F776
:10D07000B5FF1E2302AA9B181880000C58800623B7
:10D0800043E705F02FF9070005F056F9EAE7002C11
:10D0900082D0002F00D17FE72078642800D97BE779
:10D0A00005F08CF9BFE705F097F9C7E7002C00D130
:10D0B00072E7002F00D16FE72078642800D96BE772
:10D0C00005F098F9AFE705F0A1F9B7E7002C00D11A
:10D0D00062E7002F00D15FE7207805F0A5F9A2E70D
:10D0E00005F0AEF9AAE7002C00D155E7012F00D8D2
:10D0F00052E72078012800D968E7617805F0ACF99B
:10D1000091E7002C00D147E7002F00D144E72078B9
:10D11000012800D940E705F0BBF98FE7002C00D1CA
:10D120003AE7012F00D837E72078012800D94DE7EA
:10D13000617805F0C9F976E7002C00D12CE7002FC3
:10D1400000D129E72078012800D925E705F0D2F998
:10D1500074E7002C00D11FE7002F00D11CE72078D6
:10D16000012800D918E705F0E5F9002800DB65E79C
:10D1700059E705F0F5F956E7002309A909939C4200
:10D1800000D109E7062F00D806E723790B706379F1
:10D190004B70A3798B706278237812021A43A378BC
:10D1A000E0781B0413430006184301F04DF8041EF9
:10D1B00003D13100174801F04FFA22002900300056
:10D1C000FFF7FAFDA6E60021080001F045FA00F09D
:10D1D000E9FF28E7002C00D1DEE6002F00D1DBE6D6
:10D1E000C8223900200001F02FF91CE70A4803F09B
:10D1F000AFFB03F04DFB16E7002003F0A9FB03F0A3
:10D200006DFB02E715890208816C0208A405002065
:10D2100000007A4459D60108C9CD010803F074FC16
:10D22000040009AF00211A22380006F0FFFE220098
:10D2300023782C323B701378591E8B415178DBB226
:10D24000002901D002210B439178002901D004214B
:10D250000B43D178002901D008210B431179002913
:10D2600001D010210B435179002901D020210B431B
:10D270009279002A01D0402213437B70237CBB703B
:10D28000237FFB70638ABB80A38AFB80E38A3B8198
:10D29000238B7B81638BBB81A37FBB7323002A33EA
:10D2A0001B78FB73226A238D0D92626A0E923B8378
:10D2B0003A001A232AE6002C01D0012F01D0FD22CA
:10D2C0004EE6207803F05AFBADE6002C03D0002F89
:10D2D00001D023780293029803F018FBA3E603F031
:10D2E0006DFE09AC207003F073FE607003F074FEF5
:10D2F000A07003F07DFEE07003F085FE207103F066
:10D300006FFE212302AA9B18020A18705A70020CA1
:10D31000000E9A70D87003F067FE252302AA9B18AE
:10D32000020A18705A70020C000E9A70D8700D2301
:10D33000EBE503F08DFE76E603F09FFE73E6002C2E
:10D3400000D129E6012F00D826E660782378000274
:10D35000184303F0A7FE66E609A803F0BAFE021E12
:10D3600000D02BE70223C9E5002C00D114E6052FDD
:10D3700000D811E6E278A37812021A432379617982
:10D380001B041343607809061943237800021843ED
:10D3900003F0EEFC47E6002C00D1FDE5052F00D898
:10D3A000FAE5E278A37812021A43237961791B0423
:10D3B000134360780906194323780002184303F0E9
:10D3C00029FD30E603F0B8FD2DE603F057FD2AE60F
:10D3D000002C00D1E0E5072F00D8DDE56279237944
:10D3E00012021A43A379E1791B04134309066278F8
:10D3F0001943237812021A43A378E0781B041343DD
:10D400000006184303F064FD0DE6002C00D1C3E5CF
:10D41000052F00D8C0E5E278A37812021A432379D9
:10D4200061791B04134360780906194323780002CD
:10D43000184303F0B7FCF6E5002C00D1ACE5052F4E
:10D4400000D8A9E5E278A37812021A43237961791A
:10D450001B0413436078090619432378000218431C
:10D4600003F0F2FCDFE503F073FDDCE503F01BFDE8
:10D47000D9E5002C00D18FE5072F00D88CE5627923
:10D48000237912021A43A379E1791B041343090695
:10D4900062781943237812021A43A378E0781B04B8
:10D4A00013430006184303F02DFDBCE5002C00D10A
:10D4B00072E50B2F00D86FE5637A227A1B021343C3
:10D4C000A27AA17912041A43E37AA0781B061343C7
:10D4D000E279277812020A43E178090201432079B0
:10D4E000000408436179090601436078000238436B
:10D4F00003F072FC97E5002C00D1E0E6062F00D087
:10D50000DDE6E278A37812021A43237961791B04DD
:10D51000134360780906194323780002184303F087
:10D5200053FB80E5002C00D1C9E6062F00D0C6E6EB
:10D53000E278A37812021A43237961791B0413431A
:10D5400060780906194323780002184303F076FB3C
:10D5500069E5002C00D1B2E60C2F00D0AFE6637A6B
:10D56000227A1B021343A27AA17912041A43E37AA6
:10D57000A0781B061343E279277812020A43E17868
:10D580000902014320790004084361790906014337
:10D5900060780002384303F08BFB44E5F922DFE4B6
:10D5A000029B022B00D0B5E41100300004F02CFAED
:10D5B000B0E4C046F0B5254D87B02F680C001800C8
:10D5C0000592002F22D0224E3368002B1ED0FA2164
:10D5D00089004843F2F7D2FE010004903800F7F7C3
:10D5E00083FB0700012811D11A4B21001800059A6E
:10D5F0000393FCF7F5FC041E0CD00398FCF7CEFD5A
:10D6000000231A0019002868F7F78AF90120404220
:10D6100007B0F0BD049B3A00009339000300306866
:10D62000F6F71BFF06003E40384206D10398FCF790
:10D63000B5FD330032003100E5E723002200210070
:10D640002868F7F76DF92000E2E7C046709C0120DA
:10D65000749C01203C09002037B505000C00101E09
:10D6600013D0002D11D000290FD00B002A0041212A
:10D6700004F070F9002808D0044D009003226121C5
:10D680002800034B019400F0EBF837BD2D88020809
:10D690001E89020870470000002307B50268019345
:10D6A000094B9A420ED1094B186800280AD0012173
:10D6B00001AAF6F7B1FF019B002B03D08022044B97
:10D6C00052051A6007BDC04600440040749C01200A
:10D6D00004ED00E007B50022016801920B4A030047
:10D6E000914212D10A4A106800280ED090331A686D
:10D6F000084B02211A6001AAF6F78EFF019B002B4E
:10D7000003D08022044B52051A6007BD004400403C
:10D71000749C01206098012004ED00E0F0B53E4FBC
:10D7200085B03B680293002B35D1F6F789FE3B4C60
:10D73000206000280AD00120F7F7AEF9384D061E08
:10D74000286008D12068F6F749FF2660FB2676425C
:10D75000300005B0F0BD33493348029A03F054FF5E
:10D76000061E386004D12868F7F7E0FB2E60E9E771
:10D7700005F0BCFA061E10D0386803F087FF029B44
:10D7800028683B60F7F7D2FB029B20682B60F6F716
:10D7900025FF029B2360FE26D9E7244B80220393BA
:10D7A0000193042322490093224833001201F7F722
:10D7B00077FD012804D0386803F068FF3E60D2E7A7
:10D7C0001D4BC022019304231C4900931C483300C5
:10D7D000D200F7F765FD0290012806D0039B186878
:10D7E000F7F78CFD039B1E60E5E7164C3000210027
:10D7F00004F094FE2100029804F090FE8022310093
:10D80000D200114806F012FCDB21104B029A89006D
:10D810000F4800F025F89BE7789C0120749C0120BC
:10D82000709C01201DCE0108B5D501086C9C01201B
:10D8300044890208C1CC0108689C01204D89020876
:10D8400079CC01082DCC0108669801205589020881
:10D850002D880208014B18687047C046789C01204B
:10D8600008B4F0B586B003915C210500160006F0FF
:10D870000AFC002801D0451C05E02F21280006F0F5
:10D8800002FC0028F7D10B9B002B4AD0274B002429
:10D890001B68B34230DC052E2EDC254B1978029331
:10D8A000A14241D10123029A224F137080223800F5
:10D8B000920006F0BBFB80210CAB38000B9A89006C
:10D8C000059306F0E7FAA04226DB1B4B1C68002CF0
:10D8D00018D10024184B1B68002B02D023000C33F6
:10D8E0001DD1164B2A00995D1548039B009706F041
:10D8F000BBF90023029A1370200006B0F0BC08BCEC
:10D9000001B018473B00320028000399A0470028C7
:10D91000DFDA0C246442DDE70D246442E9E70024E9
:10D92000E7E70F246442E7E70B24FBE77C9C012038
:10D93000849C0120859C0120809C0120D49B0208AE
:10D940008F890208002070470FB410B596B018AB4D
:10D9500004CB02AC50212000019306F09BFA4F2823
:10D9600000D94F2000232354200004F0ABF916B057
:10D9700010BC08BC04B0184710B5054904000548A0
:10D98000FFF7E2FF002323706370A37010BDC04651
:10D99000A1890208AB89020810B503784278934246
:10D9A00009D0013AD2B24270811C01309A4204DCA3
:10D9B0000448FFF7C9FF002010BD0133CC5CC454FC
:10D9C000F4E7C046B3890208037810B5002B0DD0E8
:10D9D0004278013B013ADBB2D2B203704270811C43
:10D9E00001309A4204DC0448FFF7AEFF002010BD6E
:10D9F0000133CC5CC454F4E7B089020810B5037855
:10DA000042789A4204D0013303700248FFF79CFF2A
:10DA1000002010BDB7890208037810B5002B04D090
:10DA2000013B03700248FFF78FFF002010BDC04686
:10DA3000BB890208C92270B59200835C0400002BE8
:10DA40001BD0013BDBB28354002B18D1124BC518FD
:10DA50001248FFF779FFA61C2000FFF78DFF290071
:10DA6000300006F020FC3000F2F758FCC0B26070C5
:10DA7000207031000A48FFF767FF002070BD094A97
:10DA80000A21805C0A30C01AF2F7E8FDCDB2AD0180
:10DA900053356519DCE7C046D3020000BF89020890
:10DAA000009602082503000070B51C4B0400C25C00
:10DAB000002A31D0C925AD00435D9A422CD9184ABD
:10DAC000861C825C134304D1154B3100C01806F04C
:10DAD000EAFB635D134A0133DBB26355A05C0A21A4
:10DAE0000A30C01AF2F7BAFD0D000F48FFF72CFFFD
:10DAF0002000FFF741FFE9B289015331611830007E
:10DB000006F0D1FB3000F2F709FCC0B26070207063
:10DB100031000648FFF718FF002070BD2303000006
:10DB2000D302000025030000BF8902080096020806
:10DB3000F0B500244378ABB0C21805009470A3423E
:10DB400000D19EE0831C190016A8069402932700BA
:10DB500006F0A9FB200016AA117800291DD1002C7F
:10DB60000AD00F2F08D89023BA00D21806ABD218CB
:10DB7000903A01371460FFB2069B0193002B00D14D
:10DB80007BE00024414B1B880593414B0493059B8C
:10DB90009C4226DB3F48019938E0002C04D1202923
:10DBA00000D014000132D7E72029FBD10F2F0BD86A
:10DBB0009023B900C91806ABC918903901370C6019
:10DBC00010700024FFB2EDE710213348FFF7BCFED0
:10DBD00001235B4201932800FFF7CEFE01982BB092
:10DBE000F0BD0C236343049A01989E183168039397
:10DBF000F2F78AFB00280ED12848FFF7A5FE7368CC
:10DC0000002B0AD1049B039A25489958FFF79CFEE4
:10DC10000023019305E00134B9E7380006A99847CD
:10DC20000190AB78002BD6D01E4F1F4EEB5DAC5D44
:10DC3000002B07D0A101133102986918F2F764FB99
:10DC40000028C8D0A00153306A780299281806F03D
:10DC500006FAA85D6A788301EB189B1800225333FB
:10DC60001A70EB5D092B01D80133EB5501300A2105
:10DC7000C0B2F2F709FCA955ADE70848FFF764FE0A
:10DC8000C6E70648FFF760FEA5E7C046069C020807
:10DC90001C000020FF890208C5890208E2890208E9
:10DCA000E58902082303000025030000F7B5427848
:10DCB00004000D004E2A07D11548FFF745FE20004D
:10DCC000FFF75AFE0020FEBD0378581CC1B2019137
:10DCD0009A4204D01100A61CE71C8B4213DDE11808
:10DCE0008D7001992170511CC9B2617064180021B6
:10DCF000A1709A4203D007480131FFF725FE2800A2
:10DD000003F0D2FFDEE7705C78540139E5E7C046E6
:10DD1000168A0208298A020870B500250848FFF70C
:10DD200013FE084B084C1E88AE4200DC70BDA26892
:10DD300021680648FFF708FE01350C34F4E7C046B9
:10DD40002F8A0208069C02081C0000205E8A020836
:10DD5000F0B589B0009043780593002B0AD186482E
:10DD6000FFF7F2FDFFF7D8FF0098FFF705FE002050
:10DD700009B0F0BD009B059902330393009B039A01
:10DD80001B78D318009A5218002191705A1E110066
:10DD9000501C02900398541CA0423FD31E00202028
:10DDA000327882433FD1029AB21A0492029A964282
:10DDB000DDD01A78202A05D1039A9A4202D20B7834
:10DDC000202BD4D0039B029A93422ED000273C00F4
:10DDD0006A4B01971B880693694B0793069B9F42EA
:10DDE0002EDA079ABB00D55802982900049A06F04B
:10DDF00025F9002810D1019B002B09D0002C5BD005
:10DE000029002000F2F780FA43425841454225405C
:10DE10002C00019B013301930137DFE71078013AB1
:10DE20002028B5D1BAE70136BAE700273C00554BA8
:10DE300001971B880693544B0793069B9F421FDB59
:10DE4000019B012B68DD4C4D00242800FFF77CFD71
:10DE5000039B029A93425AD0484B1F88BC4240DA37
:10DE6000474AA300D65802983100049A06F0E6F813
:10DE7000002803D131004548FFF766FD0134EDE786
:10DE80000C237B43079A0298D558049A290006F080
:10DE9000D5F800280ED1019B002B07D029002000C7
:10DEA000F2F732FA43425841454225402C00019B8B
:10DEB000013301930137C0E72500A9E73B00634325
:10DEC000314A0298D658049A310006F0B7F8002873
:10DED00003D131002D48FFF737FD0134019B9C42EF
:10DEE000ECDB2800FFF730FD29492A48FFF72CFD1D
:10DEF00003992948FFF728FD009B59781B78C91A18
:10DF0000002900DC33E72548FFF71EFD2FE71D4BF6
:10DF10000C271B880193E1E7019B012B00D026E72A
:10DF2000002C00D123E72000F2F7F8F9049BC51A72
:10DF3000002D00DC1BE7059B5B194F2B00DD16E76E
:10DF40003000F2F7EBF97119421C300006F05CF872
:10DF5000049B2A00E4182100300006F0B7F9009B6A
:10DF6000009A5B78EDB2EB18537013782100ED182E
:10DF700009481570C8E7C046E2890208049C0208F7
:10DF800010000020069C02081C0000206A8A02087B
:10DF9000A1890208AB890208009602086E8A02086D
:10DFA00010B5334A01001378324C002B32D120389F
:10DFB0005E280CD90D291FD8072922D91830052829
:10DFC0001FD8F2F7BDF94E03501E1E5002232A4AF5
:10DFD00098008258002A0ED0033B012B09D9230058
:10DFE00052331B78002B04D1C920800023542348CE
:10DFF00023542000904710BD1B2907D007237F29F9
:10E00000E5D02300002252331A7001E0012313707F
:10E010000923DCE7022B08D0032B1AD0012BF0D107
:10E0200001335B28F3D00023F1E70023137033287A
:10E030000DD00300413B032BEAD8423803230228CA
:10E04000C5D8F2F77DF90C0212000623BFE70323BF
:10E05000DDE70023137008337E28D9D1B7E7042306
:10E06000B5E70723B3E70123B1E70523AFE7C046D0
:10E07000D79E0120859E0120DC9B0208D302000070
:10E0800010B5FFF749FE002010BD000010B5044890
:10E09000FFF75AFC0348FFF757FC002010BDC046AD
:10E0A000748A0208798A02088022F0B5334B344E14
:10E0B00085B03100180092000393FCF783FF314FC5
:10E0C000002803D002213868F6F746FA01235B42A4
:10E0D0000093012200232A213868F6F7BEF9202395
:10E0E000184241D1830709D50398FCF7A7F880228D
:10E0F000310003989200FCF765FFE7E70007E5D5DC
:10E10000214B1D888023ADB22C1C9B009D4200D961
:10E110001C1C1E4B0A211868A4B2F6F7E5FD012865
:10E1200016D1002D04D022003100194806F0CEF897
:10E130000122184B15481C80174B00681A700023E9
:10E1400019001A00F6F7ECFB11213868F6F704FA0B
:10E15000124B1B68002BCAD0002DC8D0104A2100DA
:10E16000300012689847C2E740213868F6F7F4F9A2
:10E170000020F7F7C3F805B0F0BDC046A80800209E
:10E18000BAA50120C8A70120B8A10120C0A701207D
:10E19000BAA10120B6A10120B4A10120B0A10120A3
:10E1A000ACA1012073B5204D204C2B68002B0FD063
:10E1B000206800280CD02021F6F7CEF964230093C4
:10E1C0000122002340212068F6F747F900232B6045
:10E1D000174D2800FBF756FF164E3378002B04D05E
:10E1E0002800FBF7DDFEF5F7D3FE0025124B357056
:10E1F000124E1D803068124B1D70A84202D0F6F7F7
:10E2000095FE35600F4D2868002803D0F6F78EFE86
:10E2100000232B602068002803D0F6F7DFF90023E5
:10E220002360002076BDC046BCA70120C8A70120FE
:10E23000A8080020BAA70120B8A10120C0A701208A
:10E24000B4A10120C4A70120F0B56C4B93B0069394
:10E250001B78059003910793002B00D0C9E0684913
:10E26000684A4318934200D9C5E0F6F7E9F8664DCD
:10E27000286000280AD00120F6F70EFC634E041E29
:10E28000306006D12868F6F7A9F92C60FB204042DF
:10E29000ADE00120F6F700FC5D4B041E186004D1D0
:10E2A0003068F6F743FE3460ECE709AF3A00594BAB
:10E2B000594C23CB23C223CB23C223CB23C2E368F5
:10E2C000A6680493039B2569002B2CD01800F2F755
:10E2D00025F8032814D1039B1B78372B14D0382B37
:10E2E00015D0392B0CD1802676012022039B5B7838
:10E2F00093434E2B0DD0452B35D0C0254F2B33D01B
:10E30000FFF750FFFC20C2E780267605EDE7079E69
:10E31000EBE70025039B9B78312B27D080229201CD
:10E320000492322BECD12000FBF7ACFE2000FBF76F
:10E3300037FE3A00059B7E600993049BFD60BB603D
:10E34000231D23CA23C323CA23C323CA23C30023F1
:10E35000200019001A00FCF78BFD011E09D0FFF701
:10E3600021FFF32093E78025ED00D3E700230493FA
:10E37000D9E72000FCF7E4FD011EF0D12000FCF7F6
:10E38000FFFD0028EBD12000FCF7BCFD041EE6D108
:10E39000802221009200214805F048FE80222100C1
:10E3A00092001F4805F042FE8022210092001D4885
:10E3B00005F03CFE1C4B80221C801C4B1C491C8021
:10E3C0001C4B1D481C701D4BD2001C601C4B1C605C
:10E3D0001C4B0193022300932300F6F761FF0128F1
:10E3E00002D0FFF7DFFE51E7069B1870200013B044
:10E3F000F0BDFE204BE7F12049E7C046BAA7012057
:10E4000050FBFFFF903D0F00C8A70120C4A70120CB
:10E41000C0A70120AC080020A8080020BAA5012050
:10E42000BAA30120BAA10120B8A10120B6A1012000
:10E43000678C0208B4A10120A9E00108B0A1012065
:10E44000ACA10120BCA70120F0B52C4B06001B7825
:10E450000C00100087B0002B4BD0002E4BD0802238
:10E460004B1E9BB29200934245D2FA218900484349
:10E47000F1F784FF224D010004902868F6F734FC80
:10E480000390012803D0F720404207B0F0BD1D4B98
:10E49000220031001800059305F018FF1A4F0421DF
:10E4A0003868F6F742F8194E220030000599FBF75C
:10E4B00097FD041E07D0002328681A001900F6F7FC
:10E4C0002FFAF320E0E7049B04210093039A030052
:10E4D0003868F5F7C2FF07002300220021002868F2
:10E4E000F6F71EFA20007F07CFD43000FBF756FE68
:10E4F000C9E7FE20C8E7FF20C6E7C046BAA701204B
:10E50000C4A70120BAA30120C8A70120A8080020A1
:10E51000F0B587B005933E4B0C001B7817000390B5
:10E52000002B00D16DE0002800D16CE0002A00D162
:10E5300069E0002967D00023364D14212868138034
:10E54000F6F7D2FB012823D1334E2B6831780493A0
:10E55000002918D0314B1A88131CA24200D9231C61
:10E560009CB2002C04D022002D49039805F0AEFE89
:10E5700000210B000A0004983170F6F7D1F9002051
:10E580003C8007B0F0BD0B000A000498F6F7C8F90C
:10E59000FA21059889004843F1F7F0FE214E0090DA
:10E5A0000023012212213068F5F757FF83072CD48E
:10E5B000C0060FD514212868F6F796FB012809D16B
:10E5C000154E2D683178002907D10B000A0028006C
:10E5D000F6F7A6F9F7204042D3E7104B1A88131C30
:10E5E000A24200D9231C9CB2002C04D022000C496A
:10E5F000039805F06BFE002128000B000A00317023
:10E60000BBE7FE20E7E7FF20E5E7F320E3E7C046AE
:10E61000BAA70120C0A70120B4A10120B6A1012002
:10E62000BAA10120C8A7012070B51400059A1D00E9
:10E63000FFF70AFF002805D129002000059B049A56
:10E64000FFF766FF70BD0000024B1878431E98412B
:10E650007047C046BAA70120064B1B78002B05D097
:10E66000054B18600020054B19607047FE204042A2
:10E67000FBE7C046BAA70120B0A10120ACA1012050
:10E68000002307B50193984218D00D4B02689A42B7
:10E6900014D10C4B1868002810D00B4B1B78002BA2
:10E6A0000CD00A4B01AA19800821F5F7B5FF019B90
:10E6B000002B03D08022064B52051A6007BDC046CE
:10E6C00000480040C8A70120BAA70120B8A1012036
:10E6D00004ED00E0002307B50193984216D00C4BDF
:10E6E00002689A4212D10B4B186800280ED00A4BD0
:10E6F0001B78002B0AD0042101AAF5F78DFF019B9E
:10E70000002B03D08022054B52051A6007BDC0467E
:10E7100000480040C8A70120BAA7012004ED00E08E
:10E72000002307B50193984216D00C4B02689A4219
:10E7300012D10B4B186800280ED00A4B1B78002B07
:10E740000AD0022101AAF5F767FF019B002B03D035
:10E750008022054B52051A6007BDC04600480040A4
:10E76000C8A70120BAA7012004ED00E00A4A0B4B1C
:10E770001278002A04D01A004132107800280AD0FA
:10E780001A00423212780120002A04D0433318784C
:10E79000431E9841C0B270478CA801204CA80120AC
:10E7A000024B1878431E9841C0B270471CA8012044
:10E7B000F0B585B002AB9D1D002304002B8098426C
:10E7C00046D124272A4B2B4ADB7F2B4E0192002B6C
:10E7D0003BD02900380001F0B1FD002836D1FF23DD
:10E7E000298838009943298001F080FD00282DD127
:10E7F000224D002C35D1AB1CDC870023204A33701E
:10E80000117873600133002903D05278A24200D1FD
:10E810000233019A1370FFF7A9FF002815D06B1C73
:10E82000DB7F022B05D10122AB1CDA87F7F7B6FD9F
:10E83000E863AB78022B05D101222B1DDA87F7F7AD
:10E84000ADFDE861200001F0BDFD002005B0F0BD88
:10E85000012809D1094B0B4A29279B780A4E0192BE
:10E86000B5E72B1DD887C8E7FF204042EEE7C0463A
:10E870004DA801206CA801207CA801204CA80120F3
:10E880001CA801204EA801205CA801201E23F0B581
:10E890008FB0140006AA9B1800221A800B00784A39
:10E8A000183B9BB28C460690934200D9E2E0002CC4
:10E8B00000D1DFE0E317E7185F4080235B029F424F
:10E8C00000DBD7E000282FD16E4A6F4E0792252239
:10E8D0006E4B0996DB7F6E486E496F4D6F4E0A9204
:10E8E000013A0892022B00D1C6E002229343012B89
:10E8F00000D0C3E02B78002B26D0056809688D4234
:10E9000022DD079B1A68A218914201DC95421BDAAE
:10E9100001910092624B0322624863490295FEF71F
:10E920009FFFF12464423BE0069B012B00D0A1E055
:10E930005E4A5F4B07925F4A9B7809925E482A22A3
:10E940005E495F4D5F4ECAE7634618215E485943F2
:10E95000F1F714FD6B46C02107909B8B49004143A2
:10E9600059480B93F1F70AFDFF2800D9FF2085B223
:10E97000AF4200DABDB27B1B73600B9BE443738034
:10E9800001231E27337006ABE40FFF1874703900A3
:10E990000898B56001F0D2FC041E04D00023337047
:10E9A00020000FB0F0BDE0223B88920113401D43D0
:10E9B0008023DB002B433B807378002B03D1A02303
:10E9C000DB002B433B800B990A9801F08FFC041E5F
:10E9D000E4D13988089801F089FC041EDED1069B39
:10E9E0000227334D002B3AD1102001F0A7FD099BDF
:10E9F0001F70F7F7D3FC069AEB19E863DA87FFF785
:10EA0000B5FE002815D06B1CDB7F022B05D101223F
:10EA1000AB1CDA87F7F7C2FCE863AB78022B05D1B1
:10EA200001222B1DDA87F7F7B9FCE861069801F09F
:10EA3000C9FC73782D22012B00D1023A716804922F
:10EA40000591B1680292079A03910192069A1F4BB1
:10EA500000921F4902221348FEF702FFA0E7202080
:10EA600001F06CFD099B1F70F7F798FC2B1DE86106
:10EA7000DC87C4E7FF2455E7F22453E7FE2451E77F
:10EA8000281F000070A801206CA801204DA80120BB
:10EA900078A8012074A801206DA801207CA801207D
:10EAA000708C0208B18C02082A04000050A80120D2
:10EAB0004CA801204EA8012058A8012054A80120EC
:10EAC0004FA801205CA80120C0FC9B01D78C020844
:10EAD0008904000010B5044B187E01F07FFC431E32
:10EAE0009841C0B210BDC0461CA8012010B5034B10
:10EAF0005878022801D101F065FC10BD4CA8012016
:10EB000037B50D000021040001F0F6FC09490B683F
:10EB1000072B07D8084A98008450084A01338550CB
:10EB20000B6037BD0322AE21054B00940548FEF76C
:10EB300097FEF6E7CCA70120F0A70120D0A701207F
:10EB4000258D0208B18C020837B51D4C0500A3685D
:10EB50001B78022B02D16078FFF72AFE00230121E7
:10EB6000E2681370A2681170A21DD377E069237068
:10EB7000236A184301F0E2FC01F080FD6378002B6A
:10EB800010D180200F4B80001D602900FFF7B8FFD7
:10EB90002B000D48F8330AD103220C4B0C49FEF729
:10EBA0005FFE37BD80200B4B40001D60EDE7AD21BF
:10EBB0000422094B00958900FEF752FEF1E7C0469A
:10EBC0001CA8012014A80120B18C02085B8D02084A
:10EBD000B202000018A80120818D020870B5184CFF
:10EBE000A3681B78022B02D16078FFF7E1FD0025B6
:10EBF0006368E2681D6001231370A2681370A31D8F
:10EC0000E069DD77236A2570184301F097FC01F075
:10EC100035FD6378AB420ED180200A4A8000136034
:10EC20000021FFF76DFFA4210222074B890007484E
:10EC3000FEF716FE70BD8020054B40001D60EFE71B
:10EC40001CA8012014A80120A28D0208B18C020882
:10EC500018A801200E23F0B589B004AA9B18002241
:10EC60001A80D04CC3202378002B04D0236AE0699B
:10EC70001843C3231843002364211A0001F01CFC2D
:10EC8000049001F0EFFB03900028EAD12378002BD9
:10EC90003BD1F7F783FBC44B0500DB7FC34E022B50
:10ECA00017D1F36BC24AC31A934212D98021C14AC9
:10ECB000C14B49000092C1480422FEF7D1FD0398E0
:10ECC000FFF776FDF7210423102049423384FFF734
:10ECD00017FFB64EB378022B17D1F369ED1AB44B78
:10ECE0009D4212D90C21B34AB54BFF310092B34873
:10ECF0000422FEF7B5FD0120FFF75AFDF72104239A
:10ED0000202049427380FFF7FBFE4022049B134200
:10ED100024D02678002E1ED1A44DAF78032F1AD10F
:10ED2000E968AA68914204DD002A02DC002900DBC0
:10ED3000A9E0A44B01910092A34904229F48FEF749
:10ED40008FFD0123FE218020AB70A04B4942400083
:10ED50001960FFF7D5FE402001F0F0FB049B1B0675
:10ED600028D5904C2778002F21D18F4B8F4DDB7FFA
:10ED70000593032B1BD1E96AAA6A914204DD002A9C
:10ED800002DC002900DBB1E08E4B0191009290493A
:10ED900004228A48FEF764FD0123FE21802001350C
:10EDA000EB778C4B494280001960FFF7A9FE802069
:10EDB00001F0C4FB049B7B4C9B0700D191E1012334
:10EDC000049A1A421FD0784A784DD27F022A1AD16B
:10EDD0002A00413213702B0030331B78002B12D0E5
:10EDE0002B003133696AAA6B18788B1A012800D17D
:10EDF00053186B626B6B002B00DC11E1934200DA5D
:10EE0000A7E09B1A6B63049B9B071FD5674DAB78EC
:10EE1000022B1BD12B00012243331A702B7C002BB9
:10EE200014D06968AA69687C8B1A012800D153182C
:10EE30006B606B69002B00DC33E1934200DA0AE17E
:10EE40009B1A6B61039B002B00D010E1FFF78EFC37
:10EE5000002800D142E1F7F7A1FA534B534AD97F7A
:10EE60000023022903D1911C0133CB87D063917811
:10EE7000022900D02FE1131D0139D987D06100206C
:10EE800001F0A0FA2AE128223100200005F0CEF896
:10EE900001236370504B28206360504B2776A3609A
:10EEA0004F4BEE70E3604F4B23614F4B6361082380
:10EEB000E3611833236201F041FB01F0C1FBFFF76E
:10EEC00009FE031E3D4808D06A682770009202229E
:10EED000464B4749FEF7C4FC3DE70123C7216A685A
:10EEE000237089000092434B0222F3E72822390065
:10EEF000200005F09BF8404B022663603F4B142036
:10EF0000A3603F4B2676E3603E4B23613E4B63613B
:10EF10000423E3610C332362AB19DF7701F00EFBAE
:10EF200001F08EFBFFF7D6FD031E244809D0059B98
:10EF30006A6A237000923200344B3549FEF790FC28
:10EF400035E701236A6A237032490092324B32005E
:10EF5000F4E7AB63002304AA6B630E339B1819001C
:10EF6000242001F0EBF9061E0ED1FF2204ABDB8951
:10EF7000A96B9343194389B204AB2420D98101F0D2
:10EF8000B5F9061E00D13EE70020FFF711FCA221D3
:10EF90000422224B094849002A84FEF761FC0396AB
:10EFA00031E7C0461CA801204DA801204CA8012033
:10EFB0008713000088130000CD8D0208B18C020871
:10EFC000018E0208348E02083203000018A80120C6
:10EFD0005203000014A8012050A801204EA80120CF
:10EFE0004FA8012054A8012058A801207A8E0208B9
:10EFF00013030000C08E020870A801206CA8012035
:10F000006DA8012074A8012078A801200B8F0208A8
:10F01000160300001F030000528F02089E8F020893
:10F020000020FFF7C5FB2378002B0FD06178002963
:10F030000CD1206A102809D101F05EFA5421022275
:10F04000BC4BFF31BC48FEF70BFCDCE60021102076
:10F05000FFF756FDF2E7AB61002304AA6B610E33A4
:10F060009B181900292001F069F900280BD0012014
:10F07000FFF79EFB0422BB21B04BAF486A804900DA
:10F08000FEF7EEFBE2E6FF2204ABDB89A9699343BE
:10F09000194389B204AB2920D98101F027F90390E3
:10F0A000D0E60120FFF784FB2378002B0ED0637895
:10F0B000012B0BD1206A202808D1002101F01CFA75
:10F0C000862102229E4B9C48FF31D9E70021202057
:10F0D000FFF716FDF4E7002B00D0D0E6032001F087
:10F0E0002DFA2378002B00D016E101F0CFF9954DD1
:10F0F0002B68002B00D1B4E50024934B1E68A64278
:10F1000000D012E100232B60ABE5DB7F002B02D0A7
:10F11000F820404228E0FFF7DDFC002802D003235E
:10F12000237053E06078012821D123691B685D4278
:10F13000013BDB171D409135FF3596212A00C900A0
:10F14000FFF7A4FB63780700804A012B00D1804AB7
:10F15000804B0092784802227F490195FEF780FBA0
:10F160000223002FDCD03800FFF7EEFC2EE06369AD
:10F170001D68EB43DB171D409135FF356D42DCE721
:10F18000DB7F002BC4D1FFF7A5FC011E0FD06078F8
:10F19000FFF70EFB236AE069184301F0CFF9E42181
:10F1A00002226E4B64488900FEF75AFBB7E7030062
:10F1B0000200206A01F080F9A26803001278206A38
:10F1C000022A12D1184201D001F0B8F920780028A3
:10F1D0008BD0013E002E88D00138032800D999E059
:10F1E000A31DF1F7A3F892CD164B184201D001F000
:10F1F000A5F9FFF76FFC031E4F4803D00222584BBE
:10F200005849D1E70422584B5849FEF729FBF7200B
:10F210007FE7DB7F002B00D07AE7E069236A1843A1
:10F2200001F08CF9607801281FD163691D68EB43F8
:10F23000DB171D409135FF356D42C8212A0049007A
:10F24000FFF724FB63780700404A012B00D1404AB6
:10F25000474B00923848022246490195FEF700FBD1
:10F260000423002F00D15BE77DE723691B685D4223
:10F27000013BDB171D409135FF35DEE7D97F0029C3
:10F2800000D045E7236AE0690A0018430B0001F04B
:10F2900013F9A26803001578E269022D18D1024221
:10F2A00014D06078FFF784FA0122631DDA77E069F1
:10F2B000236A184301F042F9F1212A002E4B1E481F
:10F2C0008900FEF7CDFAFFF789FC7FE7206A79E72E
:10F2D00002420FD06078FFF76BFA0122631DDA77E4
:10F2E000E069236A184301F029F90222224B1248EF
:10F2F0002249E6E7206A184200D167E701F01EF9CB
:10F30000631DDB7F002B00D060E704221C4B0A4802
:10F310001C497AE7002303E7212657E71A4A1B4BCB
:10F32000A00011581858B04701342B689C42F5D3FF
:10F33000E8E6C046C28F0208B18C0208DD8F0208E1
:10F3400000900208CCA7012010A80120C78D020858
:10F35000C28D02081A9002087E0300004E90020837
:10F360007E9002089F030000B1900208A2030000F3
:10F37000EC900208AF03000024910208CE030000C5
:10F3800053910208D3030000D0A70120F0A7012069
:10F39000F0B52B4B85B01C780393002C4ED1210087
:10F3A0001800442204F042FE21002822254804F0DF
:10F3B0003DFEFE22244B52421A60244B1A6000F09C
:10F3C0003FFF234E041E09D0009004223000214B41
:10F3D0002149FEF745FA200005B0F0BD21001F4885
:10F3E00001F00AF91E4F386000280AD104223000CB
:10F3F0001C4B1D49FEF734FA00F062FFFB24644207
:10F40000E9E73E21194801F0A5F8194B051E1860DF
:10F410000AD10422174B18493000FEF721FA386848
:10F4200001F004F93D60E7E70123039A300013700F
:10F4300012490222124BFEF713FACCE7FE24DEE754
:10F440004CA801201CA8012018A8012014A8012004
:10F45000B18C020894910208EC04000055EC0108FC
:10F4600048A80120B4910208F3040000EDEA010865
:10F4700044A80120DB910208FB0400000305000002
:10F4800002920208014B18607047C04610A8012084
:10F49000F8B5914B05001B78002B00D118E100282E
:10F4A00000D115E100F0DEFF041E00D00EE1298836
:10F4B0008905890D00F01AFF041E00D001E1032325
:10F4C0000C221026A978C1341940EB79FF345B0275
:10F4D0001943EB7801209B00134019432B79143218
:10F4E0001B01334019436B795B0113401943AB791E
:10F4F00089B29B012340194300F0F8FE041E00D09E
:10F50000DFE00F27FF22297AEB7A39401B031943EA
:10F510006B7A02201B011340F0221943AB7A1201CF
:10F520001B02134089B2194300F0E0FE041E00D014
:10F53000C7E020206B7BAA7B1B01520102403340B5
:10F540001343E022297BC13439401943EB7BFF345C
:10F550009B01234019432B7C12015B021340C02204
:10F5600019436B7C92011B03134019431D3800F0B3
:10F57000BDFE041E00D0A4E00420698A00F0B6FE9F
:10F58000041E00D09DE020206B7DAA7D1B0152014E
:10F59000024033401343F022297D120139401943C0
:10F5A000EB7D1B381B02134019432B7E0132FF32C7
:10F5B0001B031340194300F099FE041E00D080E0A5
:10F5C000698B06208905890D00F090FE041E00D08D
:10F5D00077E0AB7FA98BBB400905090D19430720D4
:10F5E00089B200F083FE041E6BD1298C08208905A6
:10F5F000890D00F07BFE041E63D12B1DDB7FEA1C0E
:10F60000D17F3F22BB4011401943092089B200F04D
:10F610006DFE041E55D18026EB1DA98CDB7F89056C
:10F620009B02F6003340890D0A20194300F05EFE6C
:10F63000041E46D12B0018220833DB7F8021DB001B
:10F6400013402A002C3212780901D2020A401343D7
:10F650002A002D3212788021120313432A00293206
:10F660001278490012020A4013432A002A32127803
:10F67000491852020A4013432A002B32127881396A
:10F680009202324013439BB2FF390B20194300F022
:10F690002DFE041E15D12B00F8222E332F3519789C
:10F6A0002B7852011B0213400E20194300F01EFE5E
:10F6B000041E06D10421084A53788B4301D101333B
:10F6C0005370022000F07EFE00F0E0FE2000F8BD46
:10F6D000FF246442FAE7C0464CA801200C4B70B5E9
:10F6E0001A780500002A0FD05B78002B0CD000F0B0
:10F6F000B9FE041E06D1A905890D00F0F7FD04002E
:10F7000000F0C4FE200070BDFE246442FAE7C0464B
:10F710004CA8012007B500236A46D3800A4B1B780A
:10F72000002B01D100200EBD00F09CFE0028F9D175
:10F730006B460C30991D00F001FE00F0A7FE6B46F1
:10F74000D8888005800DEEE74CA80120014B587841
:10F750007047C0464CA8012070B50C4D2B78002B8B
:10F7600011D06B78002B0ED00024022B09D0084B4F
:10F77000186800F018FF041E03D10220687000F022
:10F7800021FE200070BDFE246442FAE74CA801204F
:10F7900044A8012010B5094C2378002B0AD06378C7
:10F7A000002B05D0064B186800F013FF012363708F
:10F7B000002010BDFE204042FBE7C0464CA80120BF
:10F7C00044A80120F7B55D4F05003B78002B00D120
:10F7D000B0E0002800D1ADE000F044FE041E06D1E8
:10F7E000FEF7DEFF002804D000F050FEF23C2000BF
:10F7F000FEBDF822C0216B7852011B021340AA788B
:10F80000C90152030A402978134319436B4620204B
:10F810009E1DD98000F06AFD041E00D087E087217C
:10F820002120318000F062FD041E00D07FE0308096
:10F8300031000B2000F082FD041E00D077E0802113
:10F8400033880B201943318000F050FD041E6ED127
:10F85000FC22AB79697992011B02134019432220E3
:10F86000318000F043FD041E61D1297AEB79090251
:10F8700019432320318000F039FD041E57D1802325
:10F88000C0228020697A1B01C9021940AB7A92011B
:10F890001B0313401943C00001432420318000F0B2
:10F8A00025FD041E43D10100252000F01FFD041E8C
:10F8B0003DD1FC222B7BE97A92011B0213401943B4
:10F8C0002720318000F012FD041E30D1A97B6B7B14
:10F8D000090219432820318000F008FD041E26D1BA
:10F8E0008023C0228020E97B1B01C90219402B7CA8
:10F8F00092011B0313401943C000014329203180AA
:10F9000000F0F4FC041E12D101002A2000F0EEFCED
:10F91000041E0CD10422BB78934301D10133BB7088
:10F9200004220137FB7F934301D10133FB7700F0C1
:10F93000ADFD5CE7FF24644259E7C0464CA80120B6
:10F94000014B98787047C0464CA80120014BD87FE6
:10F950007047C0464DA80120014B58687047C0460B
:10F960004CA80120014B586A7047C0464CA80120A2
:10F97000F8B5144F06003B780D00002B1FD00C1E6D
:10F980001BD0BB78002B1AD000F06CFD041E14D1E4
:10F99000BB78023B012B03D9FEF702FF002804D0FD
:10F9A00000F074FDF224644207E02A0031000120D7
:10F9B000FEF76CFF040000F069FD2000F8BDFE2496
:10F9C000F1E7C0464CA80120F8B5144E0700337883
:10F9D0000D00002B20D00C1E1CD00136F37F002B15
:10F9E0001AD000F03FFD041E14D1F37F023B012B1F
:10F9F00003D9FEF7D5FE002804D000F047FDF2241D
:10FA0000644207E020002A003900FEF73FFF0400AF
:10FA100000F03CFD2000F8BDFE24F1E74CA80120D9
:10FA2000F8B5174D07002B780E00002B25D0AB78CA
:10FA3000002B22D0EB78002B1FD000F013FD041E0A
:10FA400012D1AB78023B012B03D9FEF7A9FE0028A7
:10FA500004D000F01BFDF224644205E06B68F41A48
:10FA60009E4203D100F012FD2000F8BD22003900B3
:10FA70000120FEF70BFF0400F4E7FE24ECE7C0468C
:10FA80004CA80120F7B5174E0D0033780190002BDC
:10FA900026D0771CFB7F002B22D0B31CDB7F002BF2
:10FAA0001ED000F0DFFC041E12D1FB7F023B012BB5
:10FAB00003D9FEF775FE002804D000F0E7FCF2241D
:10FAC000644205E0736AEC1A9D4203D100F0DEFC4B
:10FAD0002000FEBD22000199FEF7D8FE0400F5E7E4
:10FAE000FE24EDE74CA8012070B5194D2B78002BB2
:10FAF0002BD0AB78002B28D000F0B4FC041E22D110
:10FB00006B1CDB7F022B07D0AB78023B012B03D9A8
:10FB1000FEF746FE002804D000F0B8FCF224644250
:10FB200011E08020400000F009FD03230949022272
:10FB30006B800948094BFDF793FE00F0A7FC2100FC
:10FB4000402000F0D9FC200070BDFE24E7E7C0464D
:10FB50004CA8012086060000B18C02081992020808
:10FB600070B5194D2B78002B2BD06E1CF37F002B1A
:10FB700027D000F077FC041E21D1AB78022B07D0F0
:10FB8000F37F023B012B03D9FEF70AFE002804D0C5
:10FB900000F07CFCF224644211E08020800000F040
:10FBA000CDFC0323094902222B840948094BFDF7A8
:10FBB00057FE00F06BFC2100802000F09DFC20002F
:10FBC00070BDFE24E7E7C0464CA80120A90600004E
:10FBD000B18C02083E9202080B4B01001B7810B555
:10FBE000002B0BD08024640000230122200000F0B1
:10FBF00063FC204205D0054B186810BDFE20404232
:10FC0000FBE7F720FBE7C0464CA8012018A801201D
:10FC10000B4B01001B7810B5002B0BD08024A400E7
:10FC200000230122200000F047FC204205D0054BB4
:10FC3000186810BDFE204042FBE7F720FBE7C046F6
:10FC40004CA8012014A801200B4B01001A7810B514
:10FC5000002A0ED09B78022B01D0002010BD00237B
:10FC60000122202000F028FC8006F6D4F720404234
:10FC7000F4E7FE20FBE7C0464CA801200B4B010037
:10FC80001A7810B5002A0FD00133DB7F022B01D088
:10FC9000002010BD00230122102000F00DFCC00642
:10FCA000F6D4F7204042F4E7FE20FBE74CA8012001
:10FCB000094B1A78002A09D081420ADD002808DCA5
:10FCC000002906DB98600020D9607047FE20404282
:10FCD000FBE7FF20FBE7C0464CA80120094B1A7840
:10FCE000002A09D081420ADD002808DC002906DB51
:10FCF00098620020D9627047FE204042FBE7FF2057
:10FD0000FBE7C0464CA80120014BD8787047C0469D
:10FD10004CA80120014BD87F7047C0464EA8012057
:10FD2000064B10B51B78002B05D0032000F056FBC6
:10FD3000431E984110BD01204042FBE74CA8012022
:10FD4000064B10B51B78002B05D0022000F046FBB7
:10FD5000431E984110BD01204042FBE74CA8012002
:10FD600070B5104D2B78002B19D000F07BFB041ED2
:10FD700013D10D4BAE781A78002A04D05A78012A94
:10FD800001D10633DA770120FEF712FD041E02D1FD
:10FD9000022E00D1E87000F079FB200070BDFE2437
:10FDA0006442FAE74CA801201CA8012070B5124D4E
:10FDB0002B78002B1CD000F055FB041E16D16B1CB9
:10FDC000DE7F0E4B1A78002A05D05A78002A02D11D
:10FDD00006330132DA770020FEF7EAFC041E03D175
:10FDE000022E01D10235E87700F050FB200070BDF3
:10FDF000FE246442FAE7C0464CA801201CA801205A
:10FE000070B51B4D2B78002B30D0FFF7C3FCFFF7EC
:10FE1000CDFFFFF7A5FF174C2068002806D000F0A3
:10FE2000D8FB206800F0ACFB00232360124C206854
:10FE3000002803D000F0FAFB00232360002400F028
:10FE40003FFA0E4B44221C600D4B210028001C6021
:10FE500004F0ECF8282221000A4804F0E7F8A52174
:10FE60000222094B0948C900FDF7FAFC70BDC046E3
:10FE70004CA8012044A8012048A8012010A8012076
:10FE8000CCA701201CA8012064920208B18C0208B2
:10FE9000F0B58FB009931E230B9206AA9B1800227F
:10FEA000B54C1A8023780A900891934200D15CE106
:10FEB000A378934200D158E1651CEB7F934200D1B7
:10FEC00053E100F0CFFA0790002800D04AE1A37870
:10FED000023B012B07D9EB7F023B012B03D9FEF735
:10FEE0005FFC002805D000F0D1FAF2235B420793B3
:10FEF00038E1089B002B00D139E10A9B9F4A183B4F
:10FF00009BB2934207D8089AD317D4185C40802339
:10FF10005B029C4203DB00F0B9FAFF23E6E71821FD
:10FF20000A9B97485943F0F729FAC026010076004A
:10FF300071439348F0F722FAA3B2844200DB83B204
:10FF40001D1CFF2B00D9FF253100ADB269438C4841
:10FF5000F0F714FA031C80B2002800D10123089A9C
:10FF6000854ED24399B273820123D20F641B2A209B
:10FF700074617274B561337400F0B8F9041E00D076
:10FF8000DEE01E2706ABFF183900292000F0D6F965
:10FF9000041E00D0D4E0E0223B88920113401D43B0
:10FFA0008023DB002B433B80737C002B03D1A023F9
:10FFB000DB002B433B802920398800F097F9041E91
:10FFC00000D0BDE0202000F0B9FAF6F7E7F90222F0
:10FFD000694BD8619A70099B002B00D1A4E00B9B60
:10FFE000664A183B9BB2934207D8099AD317D41894
:10FFF0005C4080235B029C4208DB089B002B8AD07C
:020000040802F0
:1000000000225D4B1A7401329A7084E718210B9B11
:100010005B485943F0F7B2F9C026010076007143FE
:100020005748F0F7ABF9A3B2844200DB83B21D1C42
:10003000FF2B00D9FF253100ADB269435048F0F7DE
:100040009DF9021C80B2002800D1012209984A4B78
:10005000C0435A8691B201224A4FC00F641B5C63B1
:100060009D633870303325201A7000F03FF9041E6C
:1000700066D11E2606ABF6183100242000F05EF98A
:10008000041E5DD1E0223388920113401D4380237A
:10009000DB002B4333803B78002B03D1A023DB0014
:1000A0002B4333802420318800F020F9041E47D1EF
:1000B000102000F043FAF6F771F902212E4B5A1C7A
:1000C000D177D8639B788B422ED001222E4B2A4CBD
:1000D000DA87F6F763F9E063002000F073F9264B46
:1000E0002D22597C002900D0023A08993133C817D3
:1000F0001B7809182D244140002B00D0023C0B9D99
:10010000099E0595F517761903940A9C6E40019196
:1001100000921E4B02221E481E4904960294FDF7CF
:100120009FFB00F0B3F91DE001221B4B124CDA8754
:10013000F6F734F9E0610134E37F022BCCD1C4E758
:100140000D4B0022190030310A701A749A7801336D
:10015000511E8A415A70DA7F511E8A41DA7700F0C7
:1001600095F9079407980FB0F0BDFE23BEE6099BF2
:10017000002B00D033E7D4E74CA80120281F000053
:10018000C0FC9B017DA801204EA801207D920208A1
:10019000B18C02081608000050A801200E4B010087
:1001A0001A7810B5002A14D09A78022A05D00133A3
:1001B000DB7F022B01D0002010BD012330201A006C
:1001C00000F07AF9302318409842F4D0F7204042EA
:1001D000F2E7FE20FBE7C0464CA80120074B10B514
:1001E000074904001868F0F7C9F805216043F0F7E3
:1001F000C5F8013800D210BDC046FAE70000002063
:1002000040420F0010B50400F5F7B8FE031E01D000
:100210002000984710BD000070B50400074D010094
:1002200001222800F7F7A2FE0520FFF7D7FF2800DC
:1002300000222100F7F79AFE70BDC046000C005066
:10024000F8B51B4E3368002B30D11A4F3C68002C98
:100250002CD10120F4F720FC3060002802D1FB20D3
:10026000404222E0F4F7ECF8051E386004D1306813
:10027000F4F75CFE3560F2E7220008210E48F7F73C
:1002800075FE0A20F6F7E4F8220010210B48F7F774
:100290006DFE0A20F6F7DCF8012210210748F7F777
:1002A00065FE3220F6F7D4F82000F8BDFE20D7E72F
:1002B00094A8012090A8012000040050000C0050D8
:1002C00010B5084C2068002803D0F4F787F9002304
:1002D0002360054C2068002803D0F4F727FE002394
:1002E000236010BD90A8012094A801203F2313B5DE
:1002F000184001AC2070A0206170090A0122A17091
:10030000C0051021F7F732FE0120FFF767FF21003B
:100310000A2303220848F8F789FE04000120FFF7AA
:100320005DFFA0200022C0051021F7F71FFE201E50
:1003300001D0F320404216BD300500207FB502AE4B
:100340000D00032200210400300003F06FFE0322A1
:10035000002103A803F06AFE002D2BD03F23A0202C
:100360001C4001331C4301221021C0053470F7F7F3
:10037000FDFD0120FFF732FF0A23310003AA00939D
:100380000F48073BF8F714FF04000120FFF726FF92
:10039000A02000221021C005F7F7E8FD002C0CD1A9
:1003A0000D2320006B441A785B781B0213432B80CB
:1003B00004B070BDFF204042FAE7F320FBE7C046DF
:1003C0003005002010B5012805D9022802D10138D6
:1003D000FFF722FF10BD0220FAE70000002310B54E
:1003E00003280BD8EFF7ACFF020C100E04210748CE
:1003F000F7F7B6FD01384342584183B2180010BDEB
:100400000821F4E72021F2E74021F0E7000C00503A
:1004100007B500220192114A0300106800280CD091
:10042000042B0BD1012101AAF4F7F6F8019B002B54
:1004300003D080220A4B52051A6007BD082B02D157
:10044000022101AAF0E7202B02D1082101AAEBE743
:10045000402BF2D1042101AAE6E7C04690A8012072
:1004600004ED00E0084B10B51868002806D0C8213C
:10047000F4F73AFC012804D1002010BDFE204042D0
:10048000FBE7F420FBE7C04694A80120094B10B518
:100490001868002808D000231A001900F4F740FA61
:1004A000012804D1002010BDFE204042FBE7F420CB
:1004B000FBE7C04694A80120F7B51E000D4B0500D0
:1004C0001F6808001400002F01D10020FEBDFA2192
:1004D00089004843EFF752FF631E9C41731E9E4103
:1004E00000903300220029003800F3F7B6FF2842BD
:1004F000EBD0EBE790A8012007B50E4A0300106887
:10050000002814D000290ED000221900019201AA5F
:10051000F4F782F8019B002B03D08022064B520592
:100520001A6000200EBD1900F4F716F8F9E7FE2056
:100530004042F7E790A8012004ED00E0044B0100E1
:10054000186810B5002801D0F3F7EFFF10BDC046C2
:1005500090A8012037B505000800FA21890048431A
:10056000EFF70CFF044C054B0100009301222B0018
:100570002000F5F7AFFB3EBDB79202080502020866
:1005800013B500280AD0002405212300220000947E
:10059000F5F7C6FB012804D1200016BDFF2040421C
:1005A000FBE7F020FBE737B5051E0DD0F4F73AFF67
:1005B000002402002300012128000094F5F7B0FB7D
:1005C000012804D120003EBDFF204042FBE7F0207F
:1005D000FBE713B500280AD00024032123002200E2
:1005E0000094F5F79DFB012804D1200016BDFF20E3
:1005F0004042FBE7F020FBE71FB500220B0003920F
:10060000904202D1002004B010BD03AA019207223B
:100610000092C022044CD2002100F4F741FE0128D0
:10062000F0D10398EFE7C046C692020810B5002843
:1006300003D0F4F763FE002010BDFF204042FBE72B
:100640007FB51422002101A803F0F0FC094B1868C3
:10065000002802D00C21F3F768FF60230193842364
:100660009B0302930123044801A90393F7F748FB76
:1006700007B000BD90A80120000C00500648602182
:1006800010B5F7F7F5FB054B1868002802D00C21D0
:10069000F3F74BFF10BDC046000C005090A801209E
:1006A000031E034803D00348012B00D000207047ED
:1006B0004C9C0208849C0208014B18687047C04695
:1006C0000C010020014B1B68187870470C010020BA
:1006D00010B5FFF7E5FF002803D0034B186000209A
:1006E00010BDFF204042FBE70C0100200023054A1B
:1006F0001370054A1370054A1370054A1370054AB2
:1007000013607047ABA80120AAA80120A9A8012066
:10071000A8A80120A4A80120034B10B51868002840
:1007200001D0F5F7FEFE10BDA0A8012070B50400B1
:10073000FFF7C2FF0500022C1BD804D1A8680028CF
:1007400014D1FE2016E0030032331B78002B02D0B8
:10075000C068002803D1012CF0D1F9200AE0FEF78F
:1007600097FE002801D1012CE8D170BDFFF72AF8CF
:10077000FBE7F1204042F8E7F7B50400FFF79CFFE4
:10078000030031331B780500002B4FD0631E9C41C2
:10079000284BE4B200931B78002B03D0264B1B7828
:1007A000A34239D0F5F7FAFD244B07001B78002B44
:1007B00006D1200001F02EFD00281DD0F32036E0E8
:1007C000EB8E002BF5D01E4B1B680193F5F7F1FD66
:1007D000061E0CD0FA22019B9200F81A0021002379
:1007E000EFF7DAFF32000023EFF7B6FF0600EB8EDB
:1007F000B342DED9F2201AE001220F4B1C70009B9D
:100800001A700E4B1A700E4B1F602B003333197881
:100810000C4BA14202D11A700020FEBD34352A785B
:10082000A24201D10222F6E71870F5E7F920404212
:10083000F3E7C046A9A80120AAA80120A8A8012082
:10084000A4A80120ABA8012010B5074C20680028FF
:1008500004D1F5F70BFE2060002801D0002010BD68
:10086000FB204042FBE7C046A0A8012010B5FFF7DF
:10087000EBFF002809D10121044B49421868F5F724
:100880002EFE002801D0F420404210BDA0A8012077
:1008900070B5FFF7EBFF041E06D10D4D2B78002B32
:1008A00004D0FFF739FFFE3C200070BDFFF71EFFAC
:1008B000FEF76EFD041E07D101232B70054B187047
:1008C000054B1868FEF7DEFDFFF726FFECE7C04694
:1008D0009EA801209DA8012098A8012010B5FFF72F
:1008E000C5FF00280DD1074C2378002B01D0FFF75E
:1008F00087FA0023044A23701370FFF7F7FEFFF70F
:100900000BFF10BD9EA801209DA8012070B5050019
:10091000FFF7ACFF041E06D10A4B1B78002B04D155
:10092000FFF7FAFEFE3C200070BD2800FFF7FEFE38
:10093000041E04D10122044B1A70044B1D70FFF7F2
:10094000EBFEF0E79EA801209DA801209CA80120B5
:1009500010B50400FFF78AFF00280AD1054B1C6080
:10096000054B1B78002B02D02000FEF78BFDFFF714
:10097000D3FE10BD98A801209EA80120F0B589B033
:100980000500FFF78DFE002800D1ABE0FFF76EFFFA
:10099000041E05D1FFF796FEA84204D1FFF7BCFE66
:1009A000200009B0F0BD504E3378002B13D1280041
:1009B000FFF78EFE0400FFF799FE002CEED1FFF743
:1009C0007BFE4A4D4268C921009228000222484B12
:1009D000FCF746FFE2E7FEF7B3FF022804D1FFF77A
:1009E0009BFEF2246442DBE7FEF7AAFF0328F6D061
:1009F000FEF7ACFF0228F2D0FEF7A8FF0328EED0E6
:100A0000FEF7A4FE0228EAD0FFF75CFE394B3A4F0E
:100A100005931B78079004933B780693FFF7F0F952
:100A2000280034703C70FFF753FE051E2AD1FEF7F4
:100A3000AFFC0400051E25D1012333702F4B18682D
:100A4000FEF720FD069B002B09D00498FFF76EFEF1
:100A5000051E17D10123049A3B70059B1A70FFF7FE
:100A600045FEFFF729FE08213A78204D02923278A0
:100A7000234B01924268FF31009228000222FCF7CA
:100A8000EFFE8BE73378002B03D0FFF7B9F9002393
:100A900033700798FFF71CFEFEF77AFC002815D18B
:100AA0000124164B34701868FEF7ECFC069B002BF3
:100AB00008D00498FFF73AFE002807D1059B049A56
:100AC0003C701A70FFF712FE2C0067E70221079AAC
:100AD000064C01900092200004220A4BFF31FCF7E3
:100AE000BFFEEFE7FF247DE79EA8012025930208C3
:100AF000F29202089CA801209DA8012098A801203C
:100B00004E9302088493020810B5FFF7D5FD10BD7F
:100B100010B5FFF7D1FD2C3010BD0000F8B5060070
:100B20000D0017001C00FFF7C7FD002E13D1103079
:100B30000600002C3AD0069B002B37D0FFF7BCFDF7
:100B40002C300378002B34D0002F08D1069B27804F
:100B50001F600020F8BD012E28D11E30E8E7738801
:100B6000AB4228D8B388AB4225D332780023380073
:100B7000F9175543EFF710FE0C22B256D317EFF7D3
:100B80000BFE020028000B000C491838884212D8CE
:100B900000210B4880185941060000290BD1094952
:100BA0008E4208D8069925800A60D2E7FF2040428D
:100BB000D0E7F920FBE7F120F9E7C046281F000045
:100BC000FFFF0000FEFF0100F0B51A27002389B0E7
:100BD0006F4406000D003B800793FFF747FE041E9D
:100BE00024D107AB00932A003B003100FFF796FFAA
:100BF000041E06D1002D04D038880799FEF7B8FEF0
:100C00000400FFF759FD0799059404913988020003
:100C10000391A621029501965268064B0092490065
:100C200002220548FCF71CFEFFF776FD200009B004
:100C3000F0BDC046B493020825930208F0B51A2708
:100C4000002389B06F4406000D003B800793FFF737
:100C50000DFE041E25D107AB00932A003B00310096
:100C60000120FFF75BFF041E06D1002D04D0388859
:100C70000799FEF7A9FE0400FFF71EFD07990594EA
:100C8000049139880200039160210295019652680F
:100C9000054B0092FF3102220448FCF7E1FDFFF70B
:100CA0003BFD200009B0F0BDF19302082593020836
:100CB000F0B595B01D000E900B910F92FFF7D6FD89
:100CC000041E08D1FFF7F8FC30300378002B05D163
:100CD000FFF722FDF93C200015B0F0BD12AB11AFBB
:100CE000200000930B9A3B000E99FFF717FF041E9C
:100CF00002D0FFF711FDEEE72E2606ABF61813AB78
:100D000000932A00330001200F99FFF707FF041E0C
:100D1000EFD13B880B9C0C93129B37882C43139E7E
:100D20000D9306D033003A000D990C98FFF7B0F8F8
:100D30000400FFF7C1FC0F99020005910D99099479
:100D400004910C99089603910B99079702910E99BB
:100D5000069501918A215268034B0092FF310222CD
:100D60000248FCF77DFDC4E72F9402082593020892
:100D700070B505000E00FFF779FD041E08D1FFF7DE
:100D80009BFC2C300378002B04D1FFF7C5FCF93C09
:100D9000200070BD31002800FEF7EAFD0400FFF7D7
:100DA000BBFCF5E770B505000E00FFF75FFD041E04
:100DB00008D1FFF781FC2C300378002B04D1FFF71A
:100DC000ABFCF93C200070BD31002800FEF7FCFDB3
:100DD0000400FFF7A1FCF5E7F7B5050016001F00BA
:100DE0000191FFF743FD041E08D1FFF765FC303089
:100DF0000378002B04D1FFF78FFCF93C2000FEBDE7
:100E00003B00320028000199FFF742F80400FFF789
:100E100083FCF3E770B505000E00FFF727FD041E05
:100E200008D1FFF749FC2D300378002B04D1FFF7E0
:100E300073FCF93C200070BD31002800FEF7F0FD86
:100E40000400FFF769FCF5E770B505000E00FFF739
:100E50000DFD041E08D1FFF72FFC2D300378002B69
:100E600004D1FFF759FCF93C200070BD3100280087
:100E7000FEF708FE0400FFF74FFCF5E710B5FFF79B
:100E8000F5FC041E0AD1FFF717FC2E300378002B67
:100E900006D0FEF729FE0400FFF73EFC200010BD3F
:100EA000F9246442F8E710B5FFF7E0FC041E0AD10C
:100EB000FFF702FC2E300378002B06D0FEF750FE21
:100EC0000400FFF729FC200010BDF9246442F8E774
:100ED00070B505000E00FFF7C9FC041E08D1FFF72E
:100EE000EBFB2D300378002B04D1FFF715FCF93C08
:100EF000200070BD31002800FEF7DAFE0400FFF785
:100F00000BFCF5E770B505000E00FFF7AFFC041E03
:100F100008D1FFF7D1FB2D300378002B04D1FFF768
:100F2000FBFBF93C200070BD31002800FEF7D6FE27
:100F30000400FFF7F1FBF5E710B5FFF797FC041E7F
:100F400004D1FEF70DFF0400FFF7E6FB200010BD03
:100F500010B5FFF78BFC041E04D1FEF727FF040039
:100F6000FFF7DAFB200010BD10B5FEF76DFE10BDD7
:100F700010B5FEF783FE10BD10B5FFF70FF910BDD9
:100F800010B50400FFF798FB2E300378002B03D038
:100F90002000FEF721FE10BDF9204042FBE710B50E
:100FA0000400FFF789FB2E300378002B03D02000CC
:100FB000FEF72EFE10BDF9204042FBE710B5FFF70B
:100FC0007BFB32300078002801D0FEF7BFFB10BD5C
:100FD00010B5FEF7B5FC10BD10B5FEF7B7FC10BD9F
:100FE00010B5FEF7B9FC10BD10B5FEF7BBFC10BD87
:100FF00010B5FFF761FB2E3003780020834201D04B
:10100000FEF782FE10BD10B5FFF756FB2E300378B9
:101010000020834201D0FEF77DFE10BD10B5FFF722
:101020004BFB2F300378002B02D0FEF779FE10BD6A
:10103000F9204042FBE710B5FFF73EFB2F30037865
:10104000002B02D0FEF77CFE10BDF9204042FBE7EA
:1010500010B5FFF70BFC041E0AD1FFF72DFB323051
:101060000378002B06D0FEF777FB0400FFF754FB54
:10107000200010BDF9246442F8E710B5FFF7F6FB35
:10108000041E0AD1FFF718FB32300378002B06D07C
:10109000FEF780FB0400FFF73FFB200010BDF924A2
:1010A0006442F8E770B50500FFF7E0FB041E0BD1C2
:1010B000FFF702FB32300378002B07D02800FEF741
:1010C0000DFB0400FFF728FB200070BDF9246442EB
:1010D000F8E770B5051E14D0FFF7C8FB041E08D151
:1010E000FFF7EAFA32300378002B04D1FFF714FB44
:1010F000F93C200070BDFEF70DFB2880FFF70CFBCC
:10110000F7E7FF246442F4E770B50500FFF7AEFB94
:10111000041E05D12800FFF72FFB0400FFF7FCFA9F
:10112000200070BD10B501F083F810BD10B5FFF7B9
:101130009DFB041E08D1FFF7BFFA33300078FFF79C
:101140001BFB0400FFF7E8FA200010BD10B5FFF705
:101150008DFB041E08D1FFF7AFFA34300078FFF79B
:101160000BFB0400FFF7D8FA200010BD014B1878E4
:101170007047C046ABA80120F0B500220825040046
:101180000A4E0B4893B2994200D8F0BDA35C1B02F3
:1011900058402B0007B2400080B2002F00DA7040A8
:1011A000013BDBB2002BF5D10132EBE7211000004F
:1011B000FFFF000010B504000069002803D000F014
:1011C0004DFC002323610023A37510BD70B50025DD
:1011D000040085770584006CA84202D000F03EFC34
:1011E000256400212000A31D0E22D987223002F0A1
:1011F0001DFF70BDF7B5040015001E00FA27019110
:1012000000F030FC7F0000902378002B3FD0206955
:1012100000F03DFC22000023CD32FF32917C0029FA
:1012200021D01188B1421ED19188A9421BD1917859
:101230000198814217D11822534319001D00C9316A
:10124000FF316118089803F041F863191A0000256E
:10125000D932DF33FF32FF3315601D70206900F093
:101260001EFC2800FEBD01331832082BD6D12069A0
:1012700000F015FC00F0F6FB0100009800F0F6FB12
:10128000B84207D21421606900F01CFCBCE70220C0
:101290004042E7E70620FBE7F0B585B00091070084
:1012A0000C2100981C001600FFF766FF009B1873C6
:1012B000000A58731D48002C02D0301E00D11B4874
:1012C0002100FFF759FF02ABD880230010339BB2F7
:1012D0001800019300F0BEFB051E22D00E220099DB
:1012E00002F0F4FF002C07D0002E05D028002200C9
:1012F00031000E3002F0EAFF02AB0E34991D0222DB
:10130000281902F0E3FF7C6864232900019AF86839
:10131000A0470400280000F0A1FB002C03D0082403
:1013200000E004246442200005B0F0BDE489020816
:1013300010B500F093FB10BDF0B504008DB000288F
:1013400008D0002906D08B1800910393009B039AC4
:10135000934201D10DB0F0BD2378002BFAD0009B51
:10136000A07F1A7803282BD8EEF7EAFF0209143B76
:101370000123482A08D0009B01330093E6E74C2A5A
:1013800004D19E4B23620223A377F4E70023482A6B
:10139000FAD1F0E7238C0D2B04D8591CE318033342
:1013A0002184DA77228C0E2AE5D121002000223117
:1013B000303002F08BFF8023608F9B00984203D96E
:1013C0002000FFF703FFD6E7023080B2A31DD887C5
:1013D00000F040FB20640028F2D000232384033374
:1013E000D2E7206CA11D238CCD8F00281FD09D42F9
:1013F0001AD804AB256C678F9E1D02223000E919B4
:1014000002F064FF33887E480293002F00D028004A
:101410003900FFF7B1FE029B83420DD0280000F097
:101420001DFB00232364CBE75D1C2584C254228C62
:10143000CB8F9A429FD3DCE7162004ABC0180A2258
:10144000002102F0F3FD210006AE0E223000303103
:1014500002F03CFF029BB3820123B375002F10D032
:10146000380000F0F7FA01903061002804D128001C
:1014700000F0F4FA019BD5E73A002900019802F048
:1014800025FF280000F0EAFA00230C212364300035
:10149000FFF772FEB38983421AD1069B594A1B0299
:1014A0001B0A934214D1336955480193002F00D091
:1014B00018003900FFF760FE029B834208D12069C3
:1014C00000F0E5FA2378002B06D1206900F0E7FA56
:1014D00006A8FFF76FFE73E7B079032800D98AE00A
:1014E000EEF72EFF022A022A2200002318215E3284
:1014F0000D005D43575D002F05D00133102BF7D150
:1015000005256D4211E0280006AE48301822310052
:10151000201802F0DBFE012365195E352B70A069EF
:101520000A97B77500F0D9FA0025206900F0B7FADC
:10153000002D00D144E7CBE70025012834D1AA23B0
:10154000B1889B00E3181A78002A28D05A888A426A
:1015500025D106AA9E881089864220D11423AD2168
:101560006B438900E31859180D68AE21890059189A
:10157000096800260291AA2189005B181E70206963
:101580000A96967500F08BFAB54204D03B00310004
:10159000019A0298A847206900F079FAC4E701355A
:1015A0001433042DCFD1002523001822DF33FF335D
:1015B00016006E43995D0191002904D00135082D74
:1015C000F6D10D3DB1E73000C93006AFFF3018222B
:1015D0003900201802F07AFE0123A619DF36FF3603
:1015E000337000F03FFAA235019BAD0060510A93C1
:1015F0006069BB7596E7092583E7C0460200484C41
:10160000E4890208484C0100F8B506000D001700F7
:10161000002802D100242000F8BD0029FAD0BE2005
:10162000800000F017FA041EF4D0BE2200219200C0
:1016300002F0FCFC6660A560E76000F01DFA206126
:1016400000F033FA606100F030FA2369A061002BEA
:1016500012D06369002B0FD0002812D160690028D6
:1016600001D000F029FA2069002801D000F009FA21
:10167000200000F0F3F9CDE70028EFD000F01CFACD
:10168000ECE7012323700023A377C4E770B5041EA1
:101690003DD000230370406900F01FFA2600A069C6
:1016A00000F01BFA2500206900F0F1F9C936483531
:1016B000FF3628001835FFF77DFDB542F9D1A2238A
:1016C0009B00E61828001835FFF774FDB542F9D1E4
:1016D000AA2300259B00E5541433E5541433E55444
:1016E0001433E554206900F0DAF9206CA84202D0E6
:1016F00000F0B4F92564606900F0DEF9A06900F03B
:10170000DBF9206900F0BDF9200000F0A7F970BDF9
:10171000F0B504008BB0002878D003000500012745
:10172000C933FF33483501932378002B6ED02069ED
:1017300000F0ADF9AE7D002E08D01822290004A8D3
:1017400002F0C4FD00233E002B61AB75206900F060
:10175000A6F9002E07D0E0682100A36804AA9847E4
:1017600004A8FFF727FD019B18359D42DCD100F04E
:1017700079F90190206900F08AF9A223FA279B00E9
:10178000E61802967F00AB7D002B08D001993068E7
:1017900000F06CF9B84202D32800FFF70BFD029B62
:1017A000183504369D42EED1AA239B00E51850332C
:1017B000E31803932B78002B1AD00199A86800F046
:1017C00055F9FA235B00984212D30026EF682B6983
:1017D0002E702069029300F062F9B74205D006210D
:1017E0003300320002984942B847206900F04FF9AF
:1017F000039B14359D42DDD1206900F050F9237818
:10180000002B05D01421A06900F05CF90BB0F0BDED
:10181000142000F02DF9F9E7F0B591B0051E049100
:10182000059203935FD0002B09D0002A5BD0802360
:10183000039A00269B009A4202D9032454E0039E97
:10184000286900F024F9AF8B28697B1CAB8300F07A
:1018500026F90B2204ABD018002102F0E7FB234B42
:1018600006AC23800123A370049B21002381039BEA
:101870002800059AA7806381FFF70EFD041E05D09E
:101880000136032EDCD1200011B0F0BD010018227A
:101890000AA802F0CBFB0AAB009301213B00280011
:1018A000049AFFF7A7FC071E11D104AB5B8C002B39
:1018B0000DD00E9A002A0AD01699002907D0179940
:1018C000002904D016990A60179A1380DBE70E9856
:1018D000002801D000F0C2F8002FD4D00136032E2A
:1018E000AED13C00CFE701246442CCE7484C000075
:1018F000F0B506000D0017001C0085B0002822D0AE
:10190000002920D0002B05D0002A1CD080239B006A
:101910009C421BD86B460B220021D81C02F086FB90
:101920006A460B4B6946138001239370AA888B711A
:101930008A802B893A000B81300023004C81FFF70D
:10194000ABFC05B0F0BD01204042FAE70320FBE705
:10195000484C0000F0B591B005001F0004910592BD
:1019600000284BD0002B08D0002A47D08023002627
:101970009B009F4202D9032441E01E00286900F029
:1019800086F8AB8B286903930133AB8300F087F8AB
:101990000B2204ABD018002102F048FB194B06AC17
:1019A00023800123A370039B2100A3800223A37142
:1019B000049B28002381059A3B006781FFF76CFC9C
:1019C000041E03D00136032ED8D114E001001822E2
:1019D0000AA802F02BFB0AAB009303212800039B0B
:1019E000049AFFF707FC04000E98002801D000F0CD
:1019F00035F8002CE6D1200011B0F0BD012464427E
:101A0000F9E7C046484C000030B505000C0085B031
:101A100000281AD0002918D06B460B220021D81CB0
:101A200002F004FB6A460A4B694613800123937057
:101A3000A3882800938003239371238913810023B3
:101A40001A00FFF729FC05B030BD01204042FAE73B
:101A5000484C000010B5F4F7B3FB10BD10B5F4F717
:101A600037FC10BD10B5F4F799FC10BD081A70478B
:101A700010B5F4F7EDFC10BD10B50020F4F7F6FC3E
:101A800010BD10B5002801D0F4F76AFD10BD10B5E7
:101A9000002803D001214942F4F721FD10BD10B503
:101AA000002801D0F4F73DFD10BD002210B5110053
:101AB0000120F4F76CFD10BD10B5002801D0F4F73B
:101AC00001FE10BD10B5002805D0F4F7ABFD431E94
:101AD0009841404210BD0120FBE710B5002801D01D
:101AE000F4F7CAFD10BD0000F7B5042614232A48F8
:101AF00000930122002305210068F2F7AEFC274F76
:101B0000274C284D304202D13B78002B1AD02300BD
:101B100090331A683978244B0191009227213200C2
:101B20002248FBF79DFE2000F8F7ACFA0023204A7C
:101B30002000136080221F4952002B60F9F742FAFF
:101B40003870D3E70434E36F194F1B682C685A6868
:101B500080235B009B1A3B60A342C7D010DCFF2CA4
:101B600014DD00243B68A3420DDD124B185DFCF729
:101B700017FA0134F6E70F4B185DFCF711FA013440
:101B80003B68A342F7DC3B682B60AFE7094B185D6D
:101B9000FCF706FA0134E2E7B0A8012010010020AA
:101BA000D0090020B8A8012073940208A694020866
:101BB000B4A80120BCA8012010B5034B00220121CC
:101BC0001868F2F729FD10BDB0A8012010B5034B2D
:101BD000002202211868F2F71FFD10BDB0A80120F5
:101BE000012210B5044B04211A70044B002218681E
:101BF000F2F712FD10BDC04610010020B0A8012070
:101C000037B5F2F71DFC1C4B1C4D1860002807D19E
:101C1000042245211A4B2800FBF722FEFB2010E08E
:101C20008022184918485200F9F7CCF9174B041EC6
:101C3000187008D004224B212800154BFBF710FE2A
:101C4000F32040423EBD134B802201930123120139
:101C50000093114923001148F3F722FB02000128E9
:101C600003D0042250210E4BD5E7542128000D4B00
:101C7000FBF7F6FD2000E5E7B0A80120A6940208D6
:101C8000D2940208BCA80120D00900201001002035
:101C9000FF940208ACA8012026950208E91A020860
:101CA000339502086195020807B56B46D91D087087
:101CB0000A2301220248F8F72CFF00200EBDC0467F
:101CC000D0090020F7B50600EEF728FB84B2002CFF
:101CD00001D10020FEBD1D4F042C12D80A23220082
:101CE00031003800F8F715FF0028F2D0184C0090AA
:101CF000042269212000174BFBF7B2FDF32040427C
:101D0000E8E7154D02212868F2F70FFC22003100A8
:101D10003800F8F765F9031E06D00E4A00937021CB
:101D200013000B480422E7E764220092022128688E
:101D3000633AF2F792FB8007CBD404227521074B5C
:101D40000348FBF78DFDF720D9E7C046D0090020F6
:101D5000A694020874950208B0A80120A89502086C
:101D600073B5642518261B480095002301227821AD
:101D70000068F2F772FB0400304213D0164A0307E2
:101D800000D5164A164B0092DD2101221548FBF7BB
:101D900067FD154B1B68002B04D00121E2080020D1
:101DA0009143984760231C42DDD00B4AA30600D51F
:101DB0000A4A0E4B0092E52101220A48FBF750FD2A
:101DC000094B5B68002BCED0012001006409A143C0
:101DD0009847C8E7C4A90120DE950208D7950208F4
:101DE000E695020803960208BCA90120299602087C
:101DF00010B5F5F755FA034B002202211868F2F7E7
:101E00000BFC10BDC4A9012010B5F5F749FA034B2E
:101E1000002204211868F2F7FFFB10BDC4A90120BD
:101E2000802310B59B01984206D100220821064B61
:101E30001868F2F7F1FB10BD8023DB019842FAD15C
:101E400000222021004BF3E7C4A90120802310B514
:101E50009B01984208D10B4B1868002803D0002240
:101E60001021F2F7D9FB10BD8023DB01984206D187
:101E7000044B18680028F6D000224021F1E7FEF755
:101E8000C7FAF0E7C4A90120F0B505000C0085B041
:101E900000284DD000294BD0264B274F190028226F
:101EA00038000393F5F7F4F8031E02D0F320404204
:101EB0003CE06422214E00923068633A0721F2F739
:101EC000CCFA04260200324030420BD03800F5F73D
:101ED00023F81B4C00903200C3212000194BFBF764
:101EE000BFFCE3E780070AD43800F5F7D9F93200E0
:101EF000C821154B1248FBF7B3FCF720D7E71600B3
:101F00001000039B0027D95F023240180227D95FD7
:101F100004337618282AF5D11421EEF7B9FA1421E2
:101F200028803000EEF7B4FA2080002005B0F0BD24
:101F3000FF20BCE7C8A90120E8030020C4A90120B4
:101F400003960208469602086D960208002170B5B5
:101F5000524B86B00C2203A8197059709970D97031
:101F6000197102F063F84E4C2000F5F799F9200042
:101F7000F5F722F900282BD10123E36123002C334C
:101F80002061A07618702000F4F726FC00281FD1ED
:101F9000444B0490059003A920000393F4F798FEA6
:101FA000002815D10230F4F7F5FB2000F5F7B6F95B
:101FB00000280DD12000F5F73DF8002808D1322186
:101FC0002000F4F719FD002832D02000F5F74AF977
:101FD00000252000F5F7F0F8F1F71EFC324B334AEC
:101FE000EB183349334E934232D80D6001228C21D5
:101FF0003000314B0095FBF733FC2000F5F78EF9EC
:10200000002805D00322942130002C4BFBF728FC3C
:10201000F2F716FA2A4B1860002824D10422F9217D
:10202000284B3000FBF71CFCFB20404206B070BD83
:102030002000F4F745FD05002000F5F713F9224BC9
:1020400022481B88A9B25843EEF798F90500C0E76B
:102050001F4A30000A601F4B01928F210322009516
:10206000FBF7FEFBC9E700240223C0220093D20045
:102070002300194919480194F3F712F902000128C5
:1020800003D00422FD21164BCBE780213000154BF5
:102090004900FBF7E5FB2000C8E7C04618AA01206D
:1020A000E8030020002000B43CF6FFFF1405000008
:1020B0001401002003960208979602080897020868
:1020C000C4A9012048970208AA75FF1FB80B000099
:1020D000E40C0000BE96020876970208611D020813
:1020E0007F970208A6970208F7B50B1C04000F00A3
:1020F000642900D96423DBB23D4D0193019A2B5D25
:1021000093422BD0042C00D970E03A4BA200D65851
:10211000394B1B5D0093002F35D1E31E012B24D8D2
:10212000032C08D12B79002B08D03A0080213348AA
:10213000F5F71CFF12E0EB78002B13D1300000996B
:10214000F7F73EFE002802D0F320404207E0009A55
:102150003368002A04D15A6300232B550020FEBDAA
:102160009863F9E73A004021E1E730000099F7F77A
:1021700027FE0028E8D1009A3368002A01D15F6366
:10218000EAE79F63E8E733686421D86A1F00019B90
:1021900001305843EEF7F2F8009B002B18D13300C2
:1021A00078633E331B78022B0BD1019B2B55032CFC
:1021B00012D1012280211148F5F7D8FE019B2B7125
:1021C000CCE730000099F7F7A3FD0028EDD0BBE77E
:1021D0003300B8633F33E5E7042CBFD1012240212F
:1021E0000648F5F7C3FE019BEB70B7E7FF20ACE7AD
:1021F00018AA0120D49C0208CD9C020800040050BB
:1022000003000020042B01D8014AD05C7047C0466F
:1022100018AA0120431E9841802110B5C2B249007E
:102220000248F5F7A3FE002010BDC0460004005090
:10223000802110B504484900F5F792FE0138434269
:102240005841C0B210BDC0460004005037B56B46BF
:10225000002401AD991D28002C80FFF715FE030016
:102260002000A34210D100216A5EA24200DA2B8036
:102270000022AB5E064A10685843064B984204D8C9
:102280000549EEF77BF880B23EBD0448FBE7C04647
:1022900014010020FFFFFE0FFF0F0000FFFF0000F2
:1022A00010B5EEF7BBFE0C49EEF770FB0021041CE5
:1022B000EEF734FA00280BD10849201CEEF734FD64
:1022C0000749041CEEF734FA002803D1201C10BD86
:1022D0000024FBE7024CF9E700003C420000A0416B
:1022E0000050434837B56B4600249D1D290001A8C6
:1022F0002C80FFF7C9FD03002000A34210D100216C
:102300006A5EA24200DA2B800022AB5E064A1068A9
:102310005843064B984204D80549EEF72FF880B28F
:102320003EBD0448FBE7C04614010020FFFFFE0F3E
:10233000FF0F0000FFFF000070B5F0F731FE154AF7
:10234000154BF0F797F9154A154BEFF7ADFE020064
:102350000B0014481449F0F78DF900220023040003
:102360000D00EEF797F9002801D000240025290080
:10237000200004F06BFA0D4A0D4BF0F77BF9074A89
:102380000C4BEFF757FA00220B4BEEF78DFEF0F7F0
:1023900073FE70BD9A999999996DA1403F524486F8
:1023A00055BC913F282EC72B100F6740448B6CE71C
:1023B000FB292B4055BC813F00003E40431E984105
:1023C000802110B5C2B289000248F5F7CFFD002088
:1023D00010BDC04600040050802110B5044889009B
:1023E000F5F7BEFD0023012800D16433180010BDAD
:1023F00000040050431E98418021C2B2A02010B5B5
:10240000C0050902F5F7B2FD002010BD8021A02013
:1024100010B50902C005F5F7A3FD0023012800D17E
:102420006433180010BD0000431E984110B5C2B2BD
:1024300001210248F5F79AFD002010BD000400506C
:1024400010B501210348F5F78BFD0138434258418F
:10245000C0B210BD000400500A0010B5012812D807
:1024600009D0531E9A4180210848D2B20902F5F7DB
:102470007DFD002010BD53425A418021A020D2B2E0
:102480004900C005F3E7FF204042F3E70004005095
:1024900010B504000020012C0CD88021012C0AD09A
:1024A00008480902F5F75CFD0138012C07D04342CA
:1024B0005841C0B210BDA0204900C005F2E7431E3C
:1024C0009841F6E7000400500A0010B501280BD827
:1024D00053425A418021D2B2012800D040390448E9
:1024E000F5F744FD002010BDFF204042FBE7C04649
:1024F00000080050030010B50020012B0AD88021ED
:10250000012B00D040390448F5F72AFD0138431E5D
:102510009841C0B210BDC04600080050012804D840
:10252000034B8000C15000207047FF204042FBE772
:10253000BCA9012010B501280CD88021012807D0A2
:1025400089010648F5F70CFD0138431E984110BD7E
:10255000C901F6E7FF204042F9E7C04600040050F9
:1025600070B58025084C6D00290001222000F5F788
:10257000FDFCFA204000F3F74FF82900200000226C
:10258000F5F7F4FC002070BD000C005010B50A00F7
:10259000002101F04BFD10BD70B51F4B05001B68FD
:1025A00088B0002B35D01A2101A8FFF7EFFF1B4E92
:1025B0001A23F46A3078716801AAA047041E0AD071
:1025C0001A221749280001F081FE164801F0B2FBDB
:1025D000052464421AE0144B019A9A4206D01A224A
:1025E00028000F4901F072FE0624F2E71622B36BB1
:1025F00001A998476B465A8B9B8B1B04134383425C
:10260000EDD11A22280001A901F060FE200008B0D7
:1026100070BD0224DDE7C04678AA01207CAA012013
:10262000E89C0208BA9702084F5441540300F7B5DA
:102630000833154F9B00DC59050000910192002CD6
:102640001FD021000098EDF799FE60430600019825
:10265000009B0138C01800192100801BEDF78EFE89
:1026600044433100220028007B6B9847002807D0A4
:10267000230032002900054801F0F6FA0420404208
:10268000FEBD0120FBE7C0467CAA0120E3970208BB
:1026900030B51C4B01001B6889B0002B2FD01A22CB
:1026A00001A801F013FE184D184B1622019301A941
:1026B000AB6B002098471A236B441880000C58809D
:1026C0001A2228786968FFF7B1FF002805D0104862
:1026D00001F030FB042464420EE02C6B1A232878AE
:1026E000696801AAA047041E0A48F1D1287823008E
:1026F000220021002D6BA847200009B030BD022424
:10270000E9E7C04678AA01207CAA01204F54415431
:10271000289802085398020800B5010089B00028E3
:1027200011D0C36A002B0BD0036B002B08D0436B76
:10273000002B05D0836B002B02D0C36B002B06D17E
:10274000104801F0F7FA0120404209B000BD4022D4
:102750000D4801F0BBFD01220C4B0D4858211A60B9
:10276000FFF714FF01A8FFF717FF0028EDD01A228A
:10277000084901A801F0AAFD074B01A80193FFF742
:1027800087FFE2E77E9802087CAA012078AA012050
:1027900020AA0120E89C02084F54415430B505009E
:1027A00089B000280BD001A8FFF7F6FE1A2204001A
:1027B00001A9280001F08AFD200009B030BD0124E4
:1027C0006442F9E710B5164B88B01B68002B25D082
:1027D00001A8FFF7E1FE041E1DD16B461B7A022BF8
:1027E00012D16A460133137206336B441870587065
:1027F0009870D87001A8FFF74BFF00280BD009484C
:1028000001F098FA042405E0032B04D0064801F0F7
:1028100091FA0E246442200008B010BD0224F9E7AA
:1028200078AA0120F2980208BA98020810B50B4B5A
:1028300004001B6888B0002B0CD001A8FFF7ACFE89
:1028400016236B441C8001A8240C5C80FFF720FF3A
:1028500008B010BD02204042FAE7C04678AA012025
:10286000002800D162B6704710B5040010001A1E8F
:1028700005D0002805D0002C03D101F027FD002051
:1028800010BD01204042FBE77FB50D0002AE010004
:1028900008220400300001F019FD08222900300050
:1028A00001F0A4FB0022904202D1002004B070BDD0
:1028B000A95CB35C0B40994206D00C48111901F099
:1028C000D3F901204042F1E70132082AF0D1290072
:1028D000684601F0FBFC009A019B21000120F5F7FE
:1028E00065F90028E1D021000148E8E727990208AE
:1028F0004D990208002110B5034B08220348998125
:10290000196001F093FB10BDBCAA0120C0AA0120F0
:1029100010B5002808D072B6054B9860436802686D
:1029200082F308889847FEE70120404210BDC04668
:1029300000ED00E010B50024064B5A7BA24206D001
:1029400005491868FFF7A0FF0400FFF7D3FF200038
:1029500010BDC046BCAA0120C0AA0120030070B56A
:10296000002A0CD000290FD00848002B09D1046898
:102970000133A5682B43A360F4F767FE0200100043
:1029800070BDF4F743FEF9E70A00F8E74C040020B5
:10299000F0B50D00140089B0002814D1002A2BD006
:1029A000FFF7A8FF704BED0AE418E40AE302ED021A
:1029B0000193EFF3108672B6F5F7AEF8041E05D05A
:1029C0003000FFF74DFF0120404216E080228027B3
:1029D000664B120201001A6104A8102201F026FBC6
:1029E000BF030394019B002B09D1F5F713F90028CD
:1029F000E6D13000FFF734FF002009B0F0BDC0245D
:102A0000C0215B4BA4041B6889045A4A1C400B423A
:102A100007D080235B049C4259D1574B1B683B4233
:102A200055D1136855499B020B40802109055B185D
:102A30009D426ED3002C03D04F4B1B683B4257D1B5
:102A400013684E499B020B40802109055B188021C9
:102A50000902002C03D0484C24683C4255D114682C
:102A60004648A4020440E418019B641BDB0AE40A04
:102A70009C4200D91C0002230591C020C021049370
:102A80003B4B89041B6880041940034207D0802314
:102A90005B04994241D1384B1B683B423DD11368DE
:102AA00036489B020340802000051B189D4245D2FA
:102AB000F8231B06EB18DB0A03A904A80693079466
:102AC000F5F7D4F8002848D0F5F7A4F878E71368AC
:102AD0002B495B020B40802109055B189D4203D204
:102AE000802304211B050CE080235B049C42A3D0BF
:102AF000136823495B020B40802109055B18802184
:102B00000902802040048442A5D014681C48640255
:102B1000A8E7802304211B059BE7136818485B0284
:102B20000340802000051B189D42C1D380235B0415
:102B3000994205D01368124A5B0208E0002903D0CD
:102B40000D4B1B689B02F5D413680C4A9B02134083
:102B5000802212059B18EB1AADE7019BE4021B1BB8
:102B60002D1901933EE7C046FF07000000200240F8
:102B70000075FF1FE075FF1F2020024000FC0F00C2
:102B800000FE0700F0B587B00E001F00019200287C
:102B90000BD1002B1BD1EFF3108572B6F4F7BCFFFD
:102BA000002807D02800FFF75BFE012464422000C4
:102BB00007B0F0BD80223E4B12021A61FFF7BAFE49
:102BC0000400F5F727F82800FFF74AFEEFE7019B1E
:102BD000002BEAD0EFF31083029372B6F4F79CFF58
:102BE000002801D00298DEE78022314B12021A61E0
:102BF00035000723F7197A1E9A439D432D4B039204
:102C00005A7B002A3AD01B689D4237D9FFF792FEC3
:102C1000041E33D0F4F7FEFF0298D5E7254B04A835
:102C20005A7B002A2ED01A6895422BD11A1D12CA3F
:102C300012C01A7B01982900801B002384468E4213
:102C400009D88F4207D96046445C04A81C5401246B
:102C50009C402243D2B201330131082BEFD1039BB8
:102C60009D4215D1FF2A13D00121124B1A735973BB
:102C70001D6004AA043303CA03C30835BD42CDD383
:102C80000024C7E70822290001F020FB0022D1E739
:102C9000280004A9FFF7F8FD041EBBD1054B5A7BA1
:102CA000002AEAD01B689D42E7D1FFF723FEE4E744
:102CB00000200240BCAA012010B50124644221007A
:102CC0000120F2F7F1FE0028F9D03220F3F7C0FB23
:102CD000BFF34F8F034B044ADA60BFF34F8FC046F8
:102CE000FDE7C04600ED00E00400FA0537B50C48EA
:102CF000FFF712FD041E11D10A4D2B68002B0DD1D8
:102D0000802201330093084923000848019592006E
:102D1000F2F7C6FA012801D02C60FB3C20003EBD32
:102D2000049D0208CCAA01206D990208B92C020862
:102D300073B50B7A06000D00502B11D00024200033
:102D4000512B21D10423300001AA0194FEF7D0FDBC
:102D50000E4B1868002816D023000222210010E034
:102D60000120FFF763FD042301902900300001AA30
:102D7000FEF7BEFD054B1868002804D00023022290
:102D80001900F2F7C3FE012076BDC046CCAA01208F
:102D90000D488546F0F7BEFB0C480D490D4A00234F
:102DA00002E0D458C4500433C4188C42F9D30A4A00
:102DB0000A4C002301E013600432A242FBD301F06D
:102DC0004BFAF0F759FAFEE700400220000000201D
:102DD00018030020689F0208180300201CAC012083
:102DE000FEE710B50A22002100F07CF910BD0000BA
:102DF00010B5034B0100186800F026F810BDC0465E
:102E00009002002070B50F4E0D00316804000029BB
:102E100002D101F0F5F930602900200001F0F0F94D
:102E2000431C03D101256D42280070BD0323C51C3E
:102E30009D43A842F8D0291A200001F0E1F90130A1
:102E4000F2D1EFE7D0AA0120F7B50322CB1C9343C0
:102E5000083305001F000C2B34D20C27B94233D89D
:102E6000280000F071F8374E33681C00002C2FD179
:102E700039002800FFF7C6FF0400431C5FD1346807
:102E80000094009B002B4AD1002C52D023682800CC
:102E9000E3180099019301F0B3F9019B834248D1F3
:102EA00023682800FF1A3900FFF7ACFF013040D03B
:102EB0002368DB19236033685A68002A33D1009BEA
:102EC000336019E0002BC9DA0C232B600020FEBD13
:102ED0002168C91B20D40B290AD9E2192760A34213
:102EE00004D1326063681160536005E05A60F9E70D
:102EF0006268A3420ED13260280000F02DF8200055
:102F000007220B30231D9043C21A9842DFD01B1AB0
:102F1000A350DCE75A60EFE723006468A6E7009C53
:102F200063680093ADE71A005B68A342FBD10023FE
:102F3000DAE70C2328002B6000F00EF8C6E70760E4
:102F4000DAE7C046D4AA012010B5024801F0A9F979
:102F500010BDC04618AC012010B5024801F0A2F91E
:102F600010BDC04618AC0120F7B506000C001500D6
:102F7000002905D11100FFF767FF04002000FEBD06
:102F8000002A03D102F020F82C00F7E702F014FC2D
:102F90000700854202D84308AB42EFD32900300036
:102FA000FFF752FF0190002801D1019CE6E72A00BB
:102FB000BD4200D93A002100019801F087F92100B3
:102FC000300002F001F8F0E7F0B585B017001E0000
:102FD00003900191242B23D80C00012B20D03D4BD2
:102FE00008229C46230061461D780134485D01009B
:102FF00011401042F6D12D2D19D125789C1C0123AA
:1030000000931022330093431DD1302D15D1202180
:1030100023788B43582B10D165780234102612E0A8
:1030200001F014F916230360002005B0F0BD0091F3
:103030002B2DE6D125789C1CE3E7002EEED10A3635
:10304000302D00D1023E244A009B94466344310057
:1030500018000293EDF718FA0022844610002B00A6
:10306000303B092B11D81D00AE421DDD531C09D089
:1030700001225242844505D301D1A94211DB01222C
:103080007043281825780134E9E72B00413B192BC0
:1030900001D8373DE8E72B00613B192B04D8573D99
:1030A000E2E701225242EDE7531C08D12223039AA2
:1030B00002981360002FB8D0631E019307E0009BB5
:1030C000002B00D04042002FAFD0002AF4D1019B4A
:1030D0003B60AAE7459D0208FFFFFF7F10B5FFF7A1
:1030E00073FF10BD10B5044C13000A0001002068E6
:1030F000FFF76AFF10BDC04690020020F0B51E0029
:103100003E4B17000C009C46082285B003900091AE
:10311000230061461D780134485D010011401042D2
:10312000F6D12D2D12D125789C1C0123029310225B
:103130003300934316D1302D0ED1202123788B43B9
:10314000582B09D16578023410260BE002912B2D03
:10315000EDD125789C1CEAE7002EF5D10A36302DFA
:1031600000D1023E012031004042EDF707F9019005
:10317000012031004042EDF787F9002301221800B9
:1031800094462A00303A092A12D81500AE421EDDB4
:103190005A1C0AD00123019A5B42824205D301D115
:1031A000A94211DB63467043281825780134E8E70B
:1031B0002A00413A192A01D8373DE7E72A00613A47
:1031C000192A04D8573DE1E701235B42EDE75A1C79
:1031D00007D12222039918000A60002F09D105B0F7
:1031E000F0BD029A002A00D04042002FF7D0002BF9
:1031F00001D0631E0093009B3B60F0E7459D0208F1
:1032000010B5FFF77BFF10BD10B5044C13000A008A
:1032100001002068FFF772FF10BDC0469002002039
:10322000F0B51F00002316008BB09F4204DA802106
:1032300009067B181F002D23129A149D137020235A
:1032400003229D43462D07D02B00453B59424B415D
:103250001099013ACB18109309AB049308AB039370
:10326000139B00920293109B320001933B0001F0EC
:10327000BBF80400472D1BD1119BDB0711D5109B18
:10328000C31807930022002330003900EDF7FCF942
:10329000002801D0079B09933022099B07998B4294
:1032A00020D32000099B159A1B1B13600BB0F0BDA7
:1032B000109BC3180793462DE4D10378302B0CD113
:1032C0000022002330003900EDF7DEF9002804D198
:1032D0000123109A9B1A139A1360139B079A1B6879
:1032E000D318CEE7591C09911A70D6E7F0B52B23F5
:1032F00085B005000C1E027001DA4C4202336B707F
:10330000092C2CDD02ABDE1D20000A21EDF7A6F909
:1033100037003031013E200031700A210194EDF771
:10332000B7F8019B0400632BEEDCBA1EA81C010059
:1033300013003034147002AC07349C420AD80023C6
:10334000944203D3093302AA9B18DB1BC018401B0D
:1033500005B0F0BD1C7801330C700131EBE7302370
:10336000E418AB70281DEC70F1E70000F0B597B0E1
:103370000D000A921C9C0B93099000F099FE0368C3
:1033800018000D93ECF7CAFF00230F9014932B7EC7
:1033900007220C932B680E930E992368C90545D517
:1033A0009B1893431A000832226001221E685F684E
:1033B0007B005B0811931096AE64EF64109811992E
:1033C000A74B5242EFF760FD002831D110981199B8
:1033D0000122A34B5242EDF767F9002828D10022C1
:1033E000002330003900EDF755F9002803D02B00F9
:1033F0002D2243331A700C9B9A4F472B00D89A4FBB
:10340000032300240E9A2B6101339A432A600B9BFD
:103410002900009309980A9B15AA00F0E5F90130EC
:1034200000D09EE00120404217B0F0BD0733B8E75E
:1034300032003B0030003900EFF726FD00280BD0AA
:10344000002F03DA2B002D2243331A700C9B874F79
:10345000472BD5D8864FD3E720220C9C6B6894432A
:103460005A1C46D107336B6080230E9ADB0013434E
:1034700000222B60069214AA05920C9A0AA90492C3
:1034800013AA039223225218029201936B6832000E
:10349000009309983B00FFF7C3FE139A0700472CDF
:1034A0002DD1D31C02DB6B689A4247DD0C9B023B9B
:1034B000DBB20C93280013990C9A01395030139108
:1034C000FFF714FF149A040013182B61012A02DC81
:1034D0002A68D20701D501332B6123230AAA9B183E
:1034E0001B78002B00D192E72B002D2243331A705A
:1034F0008DE7472CB8D1002BB6D10133B3E70C9B35
:10350000652BD7D90C9B662B1AD16B68002A09DD75
:103510002A61002B02D12968C9070BD501339B18FA
:103520002B6107E0002B03D101222968114200D052
:103530009A1C2A61139B0024AB65CEE767230C938A
:103540001399149B994206DB2B682961DB07F1D59F
:1035500001312961EEE701220029E0DC9218521ABC
:10356000DDE72A68530508D42B693A000A990998BF
:103570000B9CA047013029D154E70C9B652B00D848
:10358000DBE0A86CE96C00220023EDF77DF8002851
:1035900033D00123374A0A9909980B9CA047013080
:1035A00000D13FE7149E139BB34202DB2B68DB077D
:1035B0000CD50B9C0F9B0D9A0A990998A0470024E3
:1035C000013000D12EE7731EA3420ADC2B689B0753
:1035D00000D506E1159BE868984200DB24E7180057
:1035E00022E72A0001230A9909980B9F1A32B8474B
:1035F000013000D116E70134E5E7139B002B3BDCDB
:1036000001231C4A0A9909980B9CA047013000D15C
:1036100008E7149E139B334302D12B68DB07D5D5F3
:103620000F9B0D9A0A9909980B9CA0470023013023
:1036300000D1F7E60C93139B0C9A5B42934201DC9A
:10364000330092E72A0001230A9909980B9C1A3249
:10365000A047013000D1E5E60C9B0133EAE7C04604
:10366000FFFFEF7F7C99020878990208849902088D
:1036700080990208BD9A0208149BAE6D0C939E427D
:1036800000DD1E00002E31DCF3430024DB17334045
:103690000E93AE6D0E9BF31AA34230DC139B0C9A73
:1036A0009A4238DC2B68DB0735D4139C0C9B0C9AB0
:1036B0009B1B141B9C4200DD1C00002C34DCE343EC
:1036C0000026DB171C40139B0C9AD31A1B1BB3421A
:1036D00000DC7BE72A0001230A9909980B9F1A3224
:1036E000B847013000D19DE60136ECE733003A00DF
:1036F0000A9909980B9CA0470130C5D192E62A008F
:1037000001230A9909980B9E1A32B047013000D163
:1037100088E60134BDE70F9B0D9A0A9909980B9C26
:10372000A0470130C1D17DE6BA1923000A99099852
:103730000B9EB0470130C2D174E6149B0C93012B51
:1037400002DC01231A4239D001233A000A99099870
:103750000B9EB047013000D164E60F9B0D9A0A9989
:1037600009980B9EB047013000D15BE6A86CE96C6C
:103770000C9B0022013B0C930023ECF785FF0028F3
:103780001AD10C9B7A1C0A9909980B9EB0470130FC
:103790000ED147E62A0001230A9909980B9F1A3295
:1037A000B847013000D13DE601360C9B9E42F1DB6B
:1037B0002A0023005032D9E60026F6E73A00E2E775
:1037C0002A0001230A9909980B9E1932B04701304B
:1037D00000D127E60134EB68159A9B1AA342EFDC6F
:1037E000F8E60024F7E7C046F7B5160001938A68AB
:1037F0000B690C000090934200DA13002200336042
:1038000043321278002A01D00133336023689B06CB
:1038100002D53368023333602268062315001D4049
:103820001A4227D0230043331B785A1E9341226843
:10383000920630D4220001990098089D4332A8478F
:10384000013025D00622236800251340042B05D122
:103850003368E568ED1AEB43DB171D40A368226966
:10386000934201DD9B1AED180026B54220D10020BD
:1038700010E00135E36832689B1AAB42D2DD2200CA
:10388000012301990098089F1932B8470130F0D1FF
:1038900001204042FEBD3020E11843310870210074
:1038A0005A1C45310978A218433202331170C1E71E
:1038B0002200012301990098089F1A32B84701306D
:1038C000E6D00136D1E70000F0B58BB006920A00D1
:1038D00043320793059003920A7E0C00109B782ACE
:1038E00009D8622A0BD8002A00D1BAE07A4904919B
:1038F000582A00D18EE0250042352A7022E01000BF
:1039000063381528F7D8ECF725FD16001F00F6FFE1
:10391000F6FFF6FFF6FF1F00F6FFF6FFF6FFF6FFD5
:103920009F0036007E00F6FFF6FFB000F6FF36007F
:10393000F6FFF6FF820025001A684235111D196056
:1039400013682B7001239EE018680968021D0D069C
:103950000BD506681A60002E03DA2D23039A7642EF
:1039600013705D4B0A27049318E006681A60490635
:10397000F1D536B2EFE70868196840C9050602D4E8
:10398000400600D5B6B21960534B0A2704936F2A3C
:1039900000D1023F2300002243331A706368A36002
:1039A000002B06DB04212268039D8A4322603343F7
:1039B0000CD0039D30003900ECF766FD049B013DFF
:1039C0005B5C2B70330006009F42F3D9082F09D1AE
:1039D0002368DB0706D5626823699A4202DC30233C
:1039E000013D2B70039B5B1B2361079B2100009310
:1039F0000598069B09AAFFF7F7FE013048D1012080
:103A000040420BB0F0BD202209680A4322607822B0
:103A100032490491210045310A701968226840C971
:103A2000100602D4500600D5B6B21960D30702D5ED
:103A3000202313432360002E01D01027AAE7202261
:103A4000236893432360F8E71A680D68101D4969DD
:103A5000186013682E0601D5196002E06D06FBD5CB
:103A600019800023039D2361BFE71A68111D1960A7
:103A7000156800212800626800F01DFC002801D0B4
:103A8000401B6060636823610023039A1370ACE7F6
:103A90002A00236906990598079DA8470130AED0F2
:103AA00023689B0715D4099BE0689842A9DA18009F
:103AB000A7E72200012306990598079E1932B0470F
:103AC00001309CD00135E368099A9B1AAB42F0DCC7
:103AD000E9E70025F7E7C0468899020899990208A6
:103AE000002310B504000360436083608181436656
:103AF000C281036143618361190008225C3000F0D8
:103B000095FA0B4B246263620A4BA3620A4BE36291
:103B10000A4B23630A4B9C4205D00A4B9C4202D0BD
:103B2000094B9C4203D12000583000F0B9FB10BD76
:103B30009D3D0208C93D0208013E02082D3E0208D3
:103B4000D8AA012040AB0120A8AB012010B5034A40
:103B50000349044800F06CF810BDC046180100206D
:103B6000756402089402002041680B4B10B50400F4
:103B7000994201D002F07EFCA168084B994202D024
:103B8000200002F077FCE168054B994202D020004A
:103B900002F070FC10BDC046D8AA012040AB012045
:103BA000A8AB012010B5094B094A04211A60094845
:103BB0000022FFF795FF012209210748FFF790FF38
:103BC000022212210548FFF78BFF10BD10AC012027
:103BD0004D3B0208D8AA012040AB0120A8AB012030
:103BE00010B5024800F05DFB10BDC04619AC0120C5
:103BF00010B5024800F056FB10BDC04619AC0120BC
:103C000010B50400FFF7ECFF236A002B02D0FFF78A
:103C1000EFFF10BD044B2362044B1B68002BF6D151
:103C2000FFF7C0FFF3E7C046693B020810AC012074
:103C3000F7B51400002600900191A5686768013F60
:103C400004D52468002CF8D13000FEBDAB89012BCF
:103C500008D90E22AB5E013304D029000098019BE5
:103C6000984706436835EAE70FB407B5054904AB42
:103C7000086804CB8168019302F0FAF803B008BC2D
:103C800004B0184790020020036A70B505000E00CA
:103C90008468002B01D1FFF7B3FF636EDB0705D407
:103CA000A3899B0502D4A06D00F0FBFAA3891B0732
:103CB00002D52369002B1FD12100280000F038F91C
:103CC000002819D001256D42636EDB0705D4A38956
:103CD0009B0502D4A06D00F0E5FA280070BD013606
:103CE000A360002B04DAA2699A4216DC0A2914D0D8
:103CF00023685A1C22601970A3683178013B00299F
:103D0000EDD1A360002B0FDA220028000A3100F069
:103D1000CDF80130D6D00A25D6E72200280000F0E1
:103D2000C5F80130E8D1CDE723685A1C22600A2289
:103D30001A70F0E710B5034B01001868FFF7A4FFF5
:103D400010BDC046900200200EB470B581239DB016
:103D50006A46002521AC9B0040CC93821B950290C3
:103D60000690ECF7DBFA0B4B6A460B9301230390AA
:103D7000079009485B42D38202A923003200006801
:103D80000F951495019401F0E7FE1DB070BC08BCBE
:103D900003B01847C53D02089002002070B50C0022
:103DA0000E25495F00F018FA002803DB636D1B182D
:103DB000636570BDA389024A1340A381F9E7C04639
:103DC000FFEFFFFF00207047F8B51F008B8905004B
:103DD0000C001600DB0505D50E23C95E0022022368
:103DE00000F0E6F9A389054A28001340A3813200B8
:103DF0000E23E15E3B0000F015FAF8BDFFEFFFFF78
:103E000070B50C000E25495F00F0D2F9A389421C61
:103E100003D1054A1340A38170BD80225201134390
:103E2000A3816065F8E7C046FFEFFFFF10B50E23E2
:103E3000C95E00F041F910BD30B50500140008005E
:103E40001A009BB0002C05DA8B2301202B60404226
:103E50001BB030BD822369469B008B8100210090FE
:103E6000199104908C4200D0611E012302910591AA
:103E700069465B42CB8128001E9B01F013FD431C69
:103E800001DA8B232B60002CE2D00022009B1A70F9
:103E9000DEE7000013B5044C009313000A00010094
:103EA0002068FFF7C9FF16BD90020020F8B5060094
:103EB0000D001400002804D0036A002B01D1FFF785
:103EC0009FFEA369A360A3891B0702D52369002B6A
:103ED00009D12100300000F02BF8002803D0012583
:103EE0006D422800F8BD23692068EFB2C01A6369EB
:103EF000EDB2834205DC2100300002F0BBFA00285D
:103F0000EDD1A3680130013BA36023685A1C2260F5
:103F10001F706369834204D0A389DB07E1D50A2DB2
:103F2000DFD12100300002F0A5FA0028D9D0D6E771
:103F30002D4B70B5050018680C00002804D0036AEA
:103F4000002B01D1FFF75CFE0C22A35E1A0723D4DD
:103F5000DA0607D409222A60402201201343A381F4
:103F600040423AE05B0713D5616B002908D023007B
:103F70004433994202D0280001F026F800236363FD
:103F80002422A3899343A3810023636023692360D0
:103F90000823A2891343A3812369002B0BD1A021FD
:103FA0008022A389890092000B40934203D0210014
:103FB000280002F0B5FA0C22A35E01211A000A4083
:103FC0000B420BD00022A26062695242A261002023
:103FD0002269824201D11A06BED470BD990700D46D
:103FE0006269A260F3E7C0469002002030B5002469
:103FF0000139A24201D1002005E0035D01340D5DCD
:10400000AB42F6D0581B30BD10B5884202D98B1890
:10401000984208D300239A4207D0CC5CC4540133A1
:10402000F9E78B5C8354013AFBD210BD0300821880
:10403000934200D1704719700133F9E730B505009C
:10404000101E0BD00024013A2B5D085D834204D181
:10405000944202D00134002BF6D1181A30BD03006F
:1040600030B51D00002A06D00C78013A01332C70BF
:104070000131002CF5D100219A18934200D130BDB6
:1040800019700133F9E770B50024CDB2C9B2A1426D
:1040900006D1290002F0FCFA040006E01C00581CBE
:1040A000290002F0F5FA031EF8D1200070BD0000CF
:1040B0000048704714020020002370B5064D04002C
:1040C00008002B60EFF751FA431C03D12B68002B3B
:1040D00000D0236070BDC04614AC0120334B70B5D6
:1040E0001B68040083425FD0C369002B27D0DB68C4
:1040F000002B0DD00025E369DB685959002918D140
:104100000435802DF7D1E3692000D96800F05CFF09
:10411000E3691968002902D0200000F055FFE36927
:104120009D68002D0BD0290020002D6800F04CFF69
:10413000F7E70E68200000F047FF3100DEE7616915
:10414000002902D0200000F03FFFE169002902D0E1
:10415000200000F039FF216B002902D0200000F080
:1041600033FF616B002902D0200000F02DFFA16B0E
:10417000002902D0200000F027FFA16C002902D006
:10418000200000F021FF616C002902D0200000F027
:104190001BFFE16A002902D0200000F015FF236A0E
:1041A000002B01D02000984770BDC046900200202F
:1041B00070B50400080011001A000023054D2B60A3
:1041C000EFF7DDF9431C03D12B68002B00D02360EF
:1041D00070BDC04614AC012070B504000800110089
:1041E0001A000023054D2B60EFF7A5F9431C03D1FE
:1041F0002B68002B00D0236070BDC04614AC01209A
:10420000002370B5064D040008002B60EFF7BAF9E3
:10421000431C03D12B68002B00D0236070BDC04627
:1042200014AC012070B50400080011001A0000232E
:10423000054D2B60EFF78CF9431C03D12B68002B45
:1042400000D0236070BDC04614AC0120014B18683B
:104250007047C0469002002070B500260C4C0D4DF2
:10426000641BA410A64209D1002602F0F9FB0A4CF7
:104270000A4D641BA410A64205D170BDB300EB58D3
:1042800098470136EEE7B300EB5898470136F2E75E
:10429000609F0208609F0208649F0208609F0208F6
:1042A00070477047704703000A7801311A70013374
:1042B000002AF9D17047C9B28218904201D100207A
:1042C000704703788B42FBD00130F6E7002310B52E
:1042D0009A4200D110BDCC5CC4540133F8E7F0B56C
:1042E00003690C6989B0039006910020A34263DB47
:1042F0000B00013C1433A50004935B190593039B49
:10430000143301935D19059B2F681E683800013630
:104310003100ECF733F80290B74227D3049B002713
:104320009C46019E0797624608CA30689446029AE6
:1043300099B251431B0C5343C9190A0C9B1889B2FB
:1043400082B2521A07991F0C5218000C9BB211141A
:10435000C31A5B18191492B21B041A43059B0791E8
:1043600004C66345DFD22B68002B2BD00699039837
:1043700001F00CF900281EDB0026019D049901C9FB
:104380002B6887B29AB2D21B9219000C1B0C1B1A15
:1043900010141B181E1492B21B041A43059B04C56B
:1043A0008B42ECD2019AA300D3181A68002A14D0C9
:1043B000029B01330293029809B0F0BD2B68002BD9
:1043C00004D1013C019B043DAB42F7D3039B1C612C
:1043D000CCE71A68002A04D1013C019A043B9A42B6
:1043E000F7D3039B1C61E3E7F0B514001D00C66919
:1043F0009DB00A940B95259F0390002E0FD110209D
:10440000FEF7F6FC039B021ED86104D1EF21C74BD7
:10441000C74802F06FF9466086600660C660039B7D
:10442000DB69196800290BD05A68012393404A6060
:104430008B60039800F068FE0022039BDB691A6022
:10444000002D1EDA01233B606B005B080B930B9F72
:10445000B84BB84A3B40934216D1B74B249A1360ED
:104460003B031B0B234301D100F080FDB34B269A85
:104470000893002A02D0B24B269A136008981DB008
:10448000F0BD00233B60E2E70A9A0B9B1292139364
:104490001298139900220023ECF7F6F8061E0BD0B1
:1044A0000123249A1360269B002B02D0A54B269A49
:1044B0001360A54B0893E1E71AAB01931BAB009384
:1044C0000398129A139B01F017F97A000590520D88
:1044D00000D17BE0139B189619039C4B090B0B43EF
:1044E0009B4957181298139919000022994BEEF71F
:1044F000C1F8994A994BEDF7D7FD994A994BECF7DA
:10450000D3FD040038000D00EEF71CFD964A974BD2
:10451000EDF7CAFD02000B0020002900ECF7C4FDF6
:1045200004000D00EEF7D2FC0022049000232000CE
:104530002900ECF7AFF800280BD00498EEF702FD45
:104540002B002200ECF7A0F843425841049B1B1AB1
:10455000049301231593049B162B10D812981399DA
:10456000049A834BD2009B181A685B68ECF792F8A8
:10457000002847D0049B013B04930023159300229D
:104580001A9B0692DB1B5A1E3ED50122D31A0693B4
:1045900000230D93049B002B38DB049A0D9B94465B
:1045A00063440D93002314920F93229B0124092B43
:1045B00062D8052B02DD0024043B2293229B981E27
:1045C000032863D8EBF7BCFE5456382B1B9B1A9E6E
:1045D000F618684BF218202A0FDD40239B1A9F40E3
:1045E000654B3800F318DC402043EEF7D9FC01227C
:1045F000624B771ECB18189276E7202320009B1A77
:104600009840F2E71590BAE70D92C3E7069B049A2B
:104610009B1A069353420F9300231493C5E701237B
:10462000239A10939446049B63440E930133099399
:10463000002B08DC012306E001231093239B002BB1
:1046400028DD0E930993039A0021D06904221500F6
:1046500014359D4223D94160039800F011FD089064
:1046600000281FD1B021464B3148089AFF31D0E6CF
:104670000023E2E70023D3E7002310942293013BB9
:1046800000220E93099313332392DCE70123109346
:10469000023BF5E701231A000E930993F4E7013179
:1046A0005200D4E7039B089ADB691A60099B0E2B22
:1046B00000D9D6E0002C00D1D3E0049B002B63DDB1
:1046C0000F21049A2A4B0A40D2009B181E685F688B
:1046D000049B02241D11DB050AD52A4B0D401A6AE2
:1046E0005B6A12981399EDF7A5F80A900B910134C3
:1046F000244B0C93002D08D10A980B9932003B00F3
:10470000EDF798F80A900B9159E001231D4209D06A
:10471000E4180C9B30001A685B683900EDF7C4FCA4
:1047200006000F000C9B6D100833E2E7BD990208EC
:10473000D49902080000F07F0F270000B999020801
:10474000BC990208BE9A0208BD9A02080000F03F18
:1047500001FCFFFF0000F83F61436F63A787D23F72
:10476000B3C8608B288AC63FFB799F501344D33F60
:10477000809E02083204000012040000000010FEB7
:104780002C9A0208589E0208049B0224002B16D083
:10479000129813990F225D422A40D54BD2009B18E4
:1047A0001A685B68EDF780FC012700230A900B91E3
:1047B000D04E2D11002D00D095E0002BA2D10A9EE5
:1047C0000B9F159B002B00D198E000223000390090
:1047D000C94BEBF75FFF002800D18FE0099B002B4E
:1047E00000D18BE00E9B002B37DD049B0022013BA8
:1047F0000C933000C14B3900EDF756FC0A900B9139
:104800000E9B013420001193EEF79CFB0A9A0B9B40
:10481000EDF74AFCBA4B0022ECF746FCB94B060018
:10482000CF18119B002B6DD10A980B990022B64B23
:10483000EDF720FF32003B0004000D00EBF73EFFD8
:10484000002800D0B6E2802109067B183200200043
:104850002900EBF71FFF002828D1129B139C0A9315
:104860000B941B9B002B00DA74E1049A0E2A00DDE6
:1048700070E19F4BD2009B185C681B6806930794FD
:10488000239B002B00DBE7E0099B002B00DDE3E02E
:104890000CD10698079900229B4BEDF705FC0A9A6C
:1048A0000B9BEBF715FF002800D186E200263700AE
:1048B000239B089CDB430C9304970027310003984B
:1048C00000F022FC049B002B00D1BBE0002F05D0A0
:1048D0009F4203D03900039800F016FC0499039816
:1048E00000F012FCAEE03D4205D032687368EDF78F
:1048F000DBFB3B0001346D1008365BE7049B0C9337
:10490000099B7FE7119A7A4B013AD20010999B18C4
:104910001A685B6800294CD000207C49ECF78AFFBC
:1049200032003B00EDF7A6FE089A060094460F0001
:10493000089B1693119B634411930A980B99EEF709
:10494000C5FA0500EEF7FEFA02000B000A980B9973
:10495000EDF790FE169B30355C1C1D7032003B005D
:104960000A900B91EBF796FE00286BD10A9A0B9BED
:1049700000206149EDF77EFE32003B00EBF78AFE36
:10498000002800D0C6E0119BA34200D165E70022B9
:1049900030003900594BEDF787FB002206000F006D
:1049A0000A980B99554BEDF77FFB16940A900B91E3
:1049B000C3E730003900EDF777FB089D119A2B0013
:1049C000944616901791634419930A980B99EEF741
:1049D0007DFA0400EEF7B6FA0B0002000A980B9974
:1049E000EDF748FE3034199B2C70013506000F009E
:1049F000AB422AD116981799089B119C9C4600221D
:104A0000424B6444ECF750FB02000B0030003900CD
:104A1000EBF754FE002800D07CE0169A179B00208C
:104A20003A49EDF727FE02000B0030003900EBF7A2
:104A300031FE002800D110E72300013C2278302A03
:104A4000FAD01C000C9B049342E000222B4BEDF7A4
:104A50002BFB0A900B91B8E7099B089D013B5B1962
:104A60000A9E0B9F0A93069A079B30003900ECF7C9
:104A7000E1FEEEF72BFA0990EEF764FA069A079B2F
:104A8000EDF712FB02000B0030003900EDF7F2FDEC
:104A90002B00099A013530321A700A9A2C009A427A
:104AA0004BD102000B00ECF7FFFA069A079B0600B9
:104AB0000F00EBF703FE00282AD1069A079B30006F
:104AC0003900EBF7E1FD002802D0099BDD071FD478
:104AD0000599039800F018FB00232370049B249A87
:104AE00001331360269B002B00D1C7E41C60C5E492
:104AF000809E0208589E02080000F03F00002440FB
:104B000000001C400000C0FC000014400000E03F1A
:104B1000049B0C9323001C00013B1A78392A08D10E
:104B2000089A9A42F7D10C9A089901320C923022D5
:104B30000A701A7801321A7084E70022C64BEDF72A
:104B4000B3FA0022002306000F00EBF79DFD0028BA
:104B500089D0BDE7109F0F9D069C002F14D0229A8C
:104B6000012A00DDE4E0189A002A00D1DAE0BB4A0D
:104B70009B18069A0121D21806920D9A0398D31811
:104B80000D9300F079FB0700002C0ED00D9B002B3D
:104B90000BDD0D9A2300944200DD1300069AE41AFF
:104BA000D21A06920D9AD31A0D930F9B002B21D087
:104BB000109B002B00D1D3E0059E002D14D03900AE
:104BC0002A00039800F01AFC059A010007000398D8
:104BD00000F06AFB06000599039800F095FA0F9B18
:104BE00005965B1B0F9305D031000F9A039800F0D8
:104BF00005FC05900121039800F03EFB149B060084
:104C0000002B00D1BCE11A000100039800F0F6FB74
:104C1000229B06000025012B16DC00250A9BAB42D7
:104C20000ED10B9B1B03AB420AD18D4B0B9A134247
:104C300006D0069B0135013306930D9B01330D937E
:104C4000149B0120002B08D0336903339B00F31819
:104C5000586800F0C1FA2023181A0D9B181802009A
:104C60001F231A40184200D181E001339B1A042B04
:104C700079DD1C239B1A069AE418D21806920D9A25
:104C8000D3180D93069B002B05DD1A000599039898
:104C900000F010FC05900D9B002B05DD31001A0083
:104CA000039800F007FC0600159B002B61D0310033
:104CB000059800F06BFC00285BDA049B0A22013B9C
:104CC0000C9305990023039800F042FA109B05907D
:104CD000002B00D15BE1002339000A22039800F089
:104CE00037FA0E9B0700002B4DDC229B022B46DD82
:104CF0000E9B002B00D0DBE531000522039800F06D
:104D000027FA06000100059800F040FC002800DCAE
:104D1000CEE5089B089A5C1C312313700C9B013371
:104D20000C93C9E536231A9A0F9D9B1A069C20E71F
:104D3000099B5D1E0F9BAB4208DB5D1B099B002B93
:104D4000F4DA069B099A9C1A002312E70F9B149A27
:104D5000EB1AD31814930F95069C0025099B08E7BE
:104D60000F9A059942E7042B8CD01C3383E713007C
:104D7000FBE7049B0C93099B0E93002BB5DD109B66
:104D8000002B00D107E1002C05DD3900220003983B
:104D900000F090FB07000497002D20D0796803985D
:104DA00000F06EF9041E0CD122002E4B2E482F4924
:104DB000FFF72FFB119E3700ABE7049B099E0C9376
:104DC000F9E739003A690C31023292000C30FFF7F2
:104DD0007DFA01222100039800F06CFB0490089BEF
:104DE0000E9A0693013B9B1801220F930A9B1340D6
:104DF0000E9331000598FFF772FA390005000A900A
:104E0000059800F0C3FB049A0D903100039800F060
:104E1000D9FB0122C368040030350992002B04D16C
:104E20000100059800F0B2FB09902100039800F002
:104E30006BF9069B229A5C1C099B13430E9A134341
:104E400016D1392D2FD00D9B002B01DD0A9D313558
:104E5000069B1D7032E5C04600002440330400006C
:104E60000000F07F2C9A0208D4990208EF0200009B
:104E70000D9B002B04DB229A13430E9A13431ED181
:104E8000099B002BE4DD05990122039800F012FB39
:104E90003100059000F07AFB002802DCD8D1EB0746
:104EA000D6D5392DD2D13923069A137023001C0090
:104EB000013B1A78392A50D001321A70FEE4099B5E
:104EC000002B03DD392DEED00135C1E7069B069A94
:104ED0001D700F9B93422BD000230A220599039843
:104EE00000F036F9049B05909F4209D13900002358
:104EF0000A22039800F02CF907000490069478E742
:104F0000390000230A22039800F022F90023070049
:104F10000A220499039800F01BF90490EEE70E9B17
:104F20000124002B00DD1C0004970027089B1C199E
:104F300005990122039800F0BDFA3100059000F0B8
:104F400025FB0028B2DC01D1ED07AFD423001C0003
:104F5000013B1A78302AFAD0B0E4089A9A42A6D1D6
:104F60000C9B01330C9331231370A7E4144B269A46
:104F70000893144B002A01D0FFF77EFAFFF77EFA60
:104F8000229B012B00DC48E60120149D65E60E9B68
:104F9000002B00DCA9E6002431000598FFF79FF9FB
:104FA000089B303018550E9B01340500A342B6DD36
:104FB00000230A220599039800F0CAF80590EBE750
:104FC000B0990208B899020870B505000C1E10D0FF
:104FD000043C2368002B00DAE4182800FDF7B4FF36
:104FE0001D4A1368002B05D1636014602800FDF78B
:104FF000B3FF70BDA34208D9206821188B42F3D1BA
:1050000019685B6809182160EEE71A005B68002BDD
:1050100001D0A342F9D911685018A0420BD12068E1
:105020000918501811608342E0D118685B68411874
:1050300011605360DAE7A04202D90C232B60D5E758
:10504000206821188B4203D119685B680918216018
:1050500063605460CAE7C046D4AA012082B0002928
:1050600000D101A9101E06D0002B06D013780B60CA
:105070001078431E984102B0704702204042FAE780
:1050800070B5C56906000C00002D0ED11020FDF78B
:10509000AFFE021EF06104D16B21194B194801F0DB
:1050A00029FB456085600560C560F569EB68002BEC
:1050B00013D0F369A200DB689B181868002818D188
:1050C00001210D00A5406A1D3000920001F030FB67
:1050D00000280CD0446085600DE0212204213000BE
:1050E00001F026FBF369E860DB68002BE1D10020CA
:1050F00070BD02681A6000230361C360F8E7C04610
:10510000BD9902083D9A020870B5C66905000C00F9
:10511000002E0ED11020FDF76BFE021EE86104D1B7
:105120008F21094B094801F0E5FA46608660066068
:10513000C660002C07D0EB696268DB6892009B18A0
:105140001A6822601C6070BDBD9902083D9A020871
:10515000F7B50F0001900C001E0000200D691437F8
:105160003B68013099B251431B0C534389190E0C13
:105170009B191E0C89B21B045B1808C78542EFDC23
:10518000002E22D0A368AB4219DC6168019801317E
:10519000FFF776FF071E05D13A00BA210C4B0D48E8
:1051A00001F0A8FA210022690C31023292000C3081
:1051B000FFF78CF821000198FFF7A6FF3C002B1D9C
:1051C0009B00E31801355E6025612000FEBDC046EE
:1051D0002C9A02083D9A0208802203005202002005
:1051E000934201D21B04103080225204934201D218
:1051F00008301B0280225205934201D204301B0169
:105200008022D205934201D202309B00002B03DBA7
:105210000130134200D120207047036801000722AB
:105220001800104013420DD0063A0020134205D159
:105230000230034203D0D34010000B6070479B083C
:105240000B60FBE79AB2002A01D110201B0CDAB2E6
:10525000002A01D108301B0A1A0701D104301B09AA
:105260009A0701D102309B08DA07E9D401305B08C4
:10527000E6D12020E2E7000010B50C000121FFF785
:10528000FFFE002807D14621054C0200054B2000F7
:10529000FF3101F02FFA01234461036110BDC046C4
:1052A0003D9A02082C9A0208F0B514000A69236995
:1052B0000D0089B09A4202DB23000C001D00276913
:1052C0002E696168BB190093A368BA19934200DA8A
:1052D0000131FFF7D5FE8446002806D1B121624690
:1052E000444B4548490001F005FA0200BB1914324D
:1052F0009B00D3180193002113000198834228D307
:105300002300BF00143304931435DB19B600029355
:10531000AB1907930423059323000299153399428F
:1053200005D30C1B153CA4080134A3000593079B6F
:105330009D4210D3009B002B05DD019B043B019394
:105340001B68002B52D063466046009A1A6109B070
:10535000F0BD02C3D1E72C68A4B2002C1FD00023FB
:105360001700049E039308CE396806936B461B8B87
:1053700088B263431B180398090C1B180698000C8D
:1053800060434018190C4118080C9BB209041943DA
:10539000029B039002C7B342E5D8059BD0502C680E
:1053A000240C20D0002110001368049E0391316862
:1053B000076889B261433F0CC919039F9BB2C919A1
:1053C0000F041F43076080CE43683F0C67439BB2C6
:1053D000090CFB185B18190C039102990430B142B7
:1053E000E5D80599535004350432A0E7009B013BF2
:1053F00000939FE72C9A02083D9A0208F7B5032311
:10540000150007000E001A401D4208D02549013A38
:105410009200525800233100FFF79AFE0600AD10AB
:105420003DD0FC69002C0FD11020FDF7E1FC021EDD
:10543000F86105D1B4211C4B1C48FF3101F05AF929
:10544000446084600460C460FB699C680193002C24
:1054500008D138001649FFF70FFF019B0400986040
:105460000023036001231D420AD0310022003800CE
:10547000FFF71AFF310001903800FFF745FE019E4B
:105480006D100CD02068002807D1220021003800C0
:10549000FFF70AFF0023206003600400E2E730000A
:1054A000FEBDC046489E0208BD9902083D9A02080A
:1054B00071020000F0B50C0016002369571185B089
:1054C000FB180193013300934968A3680290009A86
:1054D000934210DB0298FFF7D3FD00230100050083
:1054E0001A00143198420CD1EF212A00254B26488E
:1054F000490001F0FFF801315B00E8E798000A502D
:105500000133BB42FADBFB43DB171F40BF00230024
:105510001F20C91937002269143392009A180740D6
:10552000064229D00130C01B03908C4600201E6823
:10553000BE400643604640C08446039E01CBF04017
:105540009A42F4D8260015360423B24204D3131B22
:10555000153B9B0801339B00C850002802D0019BDB
:1055600002330093009B0298013B21002B61FFF75F
:10557000CBFD280005B0F0BD01CB01C19A42FBD89C
:10558000F0E7C0462C9A02083D9A020830B50B6934
:1055900004690200E01A9C420FD114329B001431BE
:1055A0001400C918D218043A043915680B689D42D2
:1055B00004D001209D4200D2023830BD9442F2D383
:1055C000FBE70000F0B50C0087B000901100200050
:1055D0001700FFF7DBFF051E10D101000098FFF751
:1055E0004FFD021E04D1404B4048414901F082F872
:1055F000012345610361100007B0F0BD0026B042F1
:1056000003DA23003C001F00013661680098FFF7B1
:1056100037FD021E03D1344B34483649E6E723698F
:10562000143400939B00E318210001943C00029382
:105630003B6914349B00E31803930300C6608C4657
:105640000020143304930593634620CBA9B20E00C7
:105650009C4608CC2D0C99B2711A09181B0C081421
:10566000EB1A1B18181489B21B041943059B02C3BB
:105670000593039BA342E7D83900039C153104230B
:105680008C4204D3E31B153B9B0801339B0001991B
:10569000CD1804992E00CB181F0002998E4211D309
:1056A000029CE91E00208C4204D321000331491BD7
:1056B000890888001B18043B1968002910D0009B3A
:1056C000136198E7844602CE88B2604400140C0C43
:1056D00004196144201489B22404214302C7DCE781
:1056E000009901390091E6E72C9A02083D9A0208D8
:1056F0003702000045020000F7B5012116001F0027
:10570000FFF7BEFC041E05D12200254B2548264983
:1057100000F0F0FF3B037D001B0B6D0D02D08022DB
:10572000520313430193002E25D068460096FFF7DD
:1057300074FD019B009900281BD020221E00121A24
:1057400096403200C3400A4362610193019EA66104
:10575000731E9E4101362661002D14D03526134B51
:10576000ED18089B2D181D60099B361A1E6020003D
:10577000FEBD6161EAE701A8FFF74FFD019B01262D
:1057800063612030E7E70A4BC018089B1860094B9B
:10579000F3189B00E3185869FFF71EFD7601E3E755
:1057A0002C9A02083D9A02080F030000CDFBFFFF70
:1057B000CEFBFFFFFFFFFF3F0B1F1B68181F002BD7
:1057C00001DA0B58C01870470300081E05D0FF2AE5
:1057D00004D98A2201201A604042704701200A70D1
:1057E000FBE70000F0B58E6885B01F000C000B6869
:1057F00002900392BE4230D80C21625E9021C90013
:105800000A4228D0032021695B1A0193636943434C
:105810000198DD0FED187B1C1B186D10AB4200D9F1
:105820001D00520528D529000298FDF70DFB061E24
:105830002CD0019A2169FEF749FDA289184B1A4024
:1058400080231343A381019B2661F61826603E0046
:105850006561ED1AA560BE4200D93E003200039991
:105860002068FEF7D1FB0020A3689B1BA360236880
:105870009B19236005B0F0BD2A000298FDF774FB68
:10588000061EE0D121690298FFF79EFB0C23012040
:10589000029A40421360A28934331343A381E9E79B
:1058A0007FFBFFFFF0B5A1B003901D008B890F00B7
:1058B00016001B0611D50B69002B0ED14021FDF7F8
:1058C000C3FA38603861002805D10C23039A1360AD
:1058D00001204042CFE040237B61002308AC63619C
:1058E000203363761033A376079535002B78002B91
:1058F00001D0252B48D1AB1B0593B5420BD032000C
:1059000039000398FFF76EFF013000D1AEE0636904
:10591000059A9B1863612B78002B00D1A6E0012229
:1059200000235242626004A9543252186E1C236054
:10593000E360A3601370A365544B0522180031780F
:105940000593FEF7B8FC751C00281FD12268D3060A
:1059500004D5532304A95B1820211970130704D51B
:10596000532304A95B182B21197033782A2B16D0E6
:10597000350000210A20E3682A786E1C303A092A93
:1059800050D9002911D117E00135AFE7059B2268F6
:10599000C01A0123834013432E002360CCE7079BEA
:1059A000191D1B680791002B01DB0B9304E05B4280
:1059B000E3600223134323602B782E2B0CD16B78EA
:1059C0002A2B34D1079B02351A1D1B680792002B26
:1059D00001DA01235B4209932D4E0322300029781E
:1059E000FEF769FC002806D04023801B8340226814
:1059F0000135134323602978062226486E1C217640
:105A0000FEF759FC002838D0234B002B22D1072267
:105A1000079B07339343083307936369049A9B18E2
:105A2000636162E74343350001219B18A4E700232B
:105A30000A201900013563602A786E1C303A092A61
:105A400003D9002BC8D00991C6E741433500012393
:105A50008918F1E707AA009221003A000F4B03983A
:105A6000FDF784FC0490049B0133D6D1BB890D98CB
:105A70005B0600D52CE721B0F0BD07AA00922100FB
:105A80003A00064B0398FDF71FFFEBE7969A0208D2
:105A90009C9A0208A09A02086D330208E557020892
:105AA00070B514004B1C03D101256D42280070BD58
:105AB000938920229343626BA381CEB26368CDB2F7
:105AC000002A10D0A26B9A4207DD2368013B2360B5
:105AD0001E70636801336360E8E7210000F09AFDFF
:105AE0000028F2D0E0E721692268002907D091421E
:105AF00005D2511E0878A84201D12160EAE723644B
:105B00002300443363630323A36323004633E26328
:105B10001E7023600123DEE710B50C00496B0029DD
:105B20000ED023004433994201D0FFF74DFA0020F4
:105B3000236C60636360834202D0E36B236010BD1B
:105B40002369012023600023A2896360203313436B
:105B5000A3814042F3E70000F0B5AB4CA5440C0034
:105B600000210090BE204691479103A94891A74982
:105B7000400043AD2950A649043043AD295002935B
:105B80001678002E00D13CE108230820A14D571CB7
:105B9000A95D0B4001421DD006006368002B0FDD9C
:105BA00023681A78AA5C324201D13A00E8E7479AA2
:105BB00001330132479262682360013A6260ECE788
:105BC000C02243AB520021009B5800989847002800
:105BD000E6D0EAE7252E62D14593439353782A2BEA
:105BE00002D11A3B4393971C3D000A2229786F1C6F
:105BF0000B00303B092B1FD9874B03221800019360
:105C0000FEF759FB002807D0019B3D00C01A012375
:105C10008340439A134343932B786F1C782B06D809
:105C2000572B10D8252B3AD034D8002B55D003232E
:105C300049930733449369E0459B3D005343303B10
:105C40005B184593D2E7180058382028EFD8EAF7B8
:105C500081FB4B00EEFFEEFF7D00EEFFEEFFEEFF5F
:105C6000EEFFEEFFEEFFEEFF88007B002400240035
:105C70002400EEFF5500EEFFEEFFEEFFEEFF90007A
:105C800059004700EEFFEEFF8E00EEFF7B00EEFFB7
:105C9000EEFF4B00453B022BC9D8052335E0636876
:105CA000002B0DDD23681A78B24200D0A9E0013341
:105CB00062682360479B013A01336260479374E74F
:105CC000C02343AA5B002100D358009898470028BE
:105CD000E8D04698002800D08BE0012040428CE0BC
:105CE000202243990A4343928022439992000A4317
:105CF0004392102244926E2B02D905E00023449374
:105D0000032302E008234493042349936368002B90
:105D10003EDD439B5B0608D4C02608257600236839
:105D20003C491A788A5C2A423CD1499B022B4CDCC4
:105D30002200009802AB43A900F0B6F9012860D018
:105D4000022800D031E7C4E70A22D3E7390003A8CC
:105D500000F027FC4023439A070013434393012399
:105D6000D3E74023439A134343930023CDE7022311
:105D7000CBE7439AD30600D517E7029B4799181D36
:105D800002901B68D50701D519800EE719600CE752
:105D9000C02343AA5B002100D358009898470028ED
:105DA000B7D096E7479A013247926268013A62603B
:105DB000002A02DD01332360B1E743AB21009B5988
:105DC000009898470028AAD083E7042B06DC22001D
:105DD000009802AB43A900F0C7F9AFE70F4B002BC7
:105DE00000D1E2E62200009802AB43A900E000BF28
:105DF000A4E7A3895B0600D56FE7A5239B009D441C
:105E0000F0BD4698F9E7C0466CFDFFFFA15A0208B5
:105E1000195B0208459D02089C9A020800000000D8
:105E2000936810B5013B9360002B04DA9469A34298
:105E300007DB0A2905D01368581C10601970080088
:105E400010BDFEF733F80100F9E7F8B506000F00C2
:105E50001400D518AC4201D1002007E021783A00A7
:105E60003000FFF7DDFF0134431CF3D1F8BD000023
:105E7000F0B5A1B00F0015001E000390002804D05B
:105E8000036A002B01D1FDF7BBFE7B6EDB0705D457
:105E9000BB899B0502D4B86DFEF703FABB891B07CB
:105EA00002D53B69002B13D139000398FEF740F867
:105EB00000280DD07B6EDB0703D50120404221B0C6
:105EC000F0BDBB899B05F8D4B86DFEF7EBF9F4E79C
:105ED000002308AC6361203363761033A376079602
:105EE0002E003378002B01D0252B48D1731B05934E
:105EF000AE420BD02A0039000398FFF7A6FF01300D
:105F000000D1AEE06369059A9B1863613378002B7A
:105F100000D1A6E0012200235242626004A954325B
:105F20005218751C2360E360A3601370A365594B7E
:105F30000522180029780593FEF7BDF96E1C00288C
:105F40001FD12268D30604D5532304A95B1820214E
:105F50001970130704D5532304A95B182B2119705A
:105F60002B782A2B16D02E0000210A20E3683278E5
:105F7000751C303A092A50D9002911D117E0013691
:105F8000AFE7059B2268C01A012383401343350005
:105F90002360CCE7079B191D1B680791002B01DBD1
:105FA0000B9304E05B42E3600223134323603378E6
:105FB0002E2B0CD173782A2B34D1079B02361A1D55
:105FC0001B680792002B01DA01235B420993324DD3
:105FD000032228003178FEF76EF9002806D040230E
:105FE000401B834022680136134323603178062228
:105FF0002A48751C2176FEF75EF9002840D0284B10
:10600000002B22D10722079B0733934308330793C2
:106010006369049A9B18636162E743432E00012180
:106020009B18A4E700230A20190001366360327828
:10603000751C303A092A03D9002BC8D00991C6E74C
:1060400041432E0001238918F1E707AA009221009D
:106050003A00144B0398FDF789F90490049B01332F
:10606000D6D17B6EDB0705D4BB899B0502D4B86D06
:10607000FEF718F9BB895B0600D51EE70D981EE7F1
:1060800007AA009221003A00064B0398FDF71CFC7A
:10609000E3E7C046969A02089C9A0208A09A020872
:1060A0006D3302084B5E0208F7B515008A680C00D4
:1060B0000190002A04D18A69002A17D10132A26016
:1060C0002268D20603D41A68111D196017680026C9
:1060D000A069002816D001280BD12B6862691B78B3
:1060E000D35C002B0ED1002E3BD029E0012252427E
:1060F000E5E7022824D12B681A4A1B78D35C0822D2
:1061000013421DD1102223680136134203D12B689C
:106110001B783B7001372A686B6801322A60A268DD
:10612000013B013A6B60A260002A09D0002BCFDC52
:10613000C0235B002900E358019898470028C7D086
:1061400022681023110019401A4206D1E368013376
:10615000E360A369002B00D03970002023699B19EC
:106160002361FEBD459D0208F0B58BB00193784BCD
:106170001600049007AAA1CBA1C2764A8B690C0035
:106180000592032B01D1744B0593AE220020A36826
:106190005200591E0390914205D95E3BFF3B039389
:1061A0005E23FF33A36023001C330093D02300271A
:1061B00022681B0113432360009B0293336807A8E6
:1061C0001978BB0002221858FEF775F8002829D06C
:1061D000012F5ED16368002B06D10833226863600B
:1061E000F933FF331343236023685C4A1340236071
:1061F000A3685A1EA260002B14D033685A1C326068
:106200001B78029A13707368551C013B7360002B56
:1062100007DCC0235B003100E3580498984700284E
:106220007ED102950137032FC8D16368002B01D1BD
:106230000A3363600027636849496069C91A00F03E
:10624000B0F9029DA36820680293002B3FD031680B
:1062500063690A789B5C002B39D0302A28D18023CF
:106260001B01184224D0039B0137002B05D01A00D4
:10627000029B013A01330392A3607368013B736090
:10628000002B1CDD336801333360A368013BA3603E
:10629000D8E7022FACD1C02380212268DB00134055
:1062A00089008B42C1D110236360F03313439EE712
:1062B0002C4B034023600B782B700135DDE7C023A6
:1062C0005B003100E358049898470028DDD023682C
:1062D000DB050ED5009B9D4207D9BE23013D5B0027
:1062E00032002978E35804989847009B01209D428A
:1062F00029D0216810230A001A4019421CD12A70A3
:10630000636800990498059EB047019B22681B684A
:10631000910607D501991A1D0A601B68186008E0EC
:106320000027D4E7191DD6070FD5019A11601B6805
:106330001880E3680133E3600020009BED1A2369B5
:10634000ED195B1923610BB0F0BD019A1160E4E710
:10635000886A020801320208DD300208FFFAFFFFF6
:10636000B79A0208FFF6FFFFF7B50C228B5E050017
:106370000C001A0756D44A68002A02DC0A6C002A6C
:106380004EDDE76A002F4BD0002280202E682A6065
:106390001A004001216A0240034233D0626DA38992
:1063A0005B0706D56368D21A636B002B01D0236CA0
:1063B000D21A00232800E76A216AB847A289431C41
:1063C00006D129681D2946D8294BCB40DB0742D589
:1063D0000023636023692360D20405D5431C02D1E6
:1063E0002B68002B00D16065616B2E60002917D0EF
:1063F00023004433994202D02800FEF7E5FD002334
:1064000063630DE001232800B8470200431CC6D196
:106410002B68002BC3D01D2B01D0162B1AD12E6058
:1064200000201EE00E69002EFAD00F680E60BA1B25
:10643000019200229B0700D14A69A260019B002BB8
:10644000EEDDA36A32001F002800019B216AB847D5
:10645000002807DCA2894023012013431BB2A3813B
:106460004042FEBD019B36181B1A0193E6E7C04669
:10647000010040200B6970B505000C00002B02D113
:106480000025280070BD002804D0036A002B01D12C
:10649000FDF7B6FB0C22A35E002BF1D0626ED20793
:1064A00004D49B0502D4A06DFDF7FBFE280021005B
:1064B000FFF75AFF636E0500DB07E2D4A3899B0553
:1064C000DFD4A06DFDF7EEFEDBE7000070B50E0037
:1064D0001D000E23C95E140096B000290CDAB289A3
:1064E0008023110019401A4214D18023DB000020C0
:1064F0002960236016B070BD6A4600F0D7F8002806
:10650000EDDBF02301991B021940044BC9184B42E3
:106510005941EAE700214023E9E7C04600E0FFFFD8
:10652000F0B502268B8905000C0085B0334207D0F8
:1065300023004733236023610123636105B0F0BD6D
:1065400003AB02AAFFF7C2FF029F019039002800A7
:10655000FCF77AFC002808D10C22A35E9A05EDD442
:10656000032293431E43A681E2E78023A289206091
:106570001343A381039B20616761002B0CD028008B
:106580000E23E15E00F0A4F8002805D00323A289C1
:106590009A43023B1343A381A389019A1343A38126
:1065A000CCE770B50B7804005E2B19D04D1C002190
:1065B0002200601CFF30117001328242FBD1681E44
:1065C000002B26D001264E402800E6540178451CB9
:1065D0002D2909D05D291BD000291AD00B00F3E723
:1065E0004B788D1C0121E3E742785D2AF6D0934277
:1065F000F4DC19000230013166548A42FBDC591C7C
:10660000934202DB00228B18E0E7D21A013AFAE744
:10661000280070BD0B00F7B54D6B44330C009D4254
:106620001CD18026F6003100FCF70EFC002802D1B8
:1066300001204042FEBD23006063A66346331A7802
:10664000104BC254230045331A780F4BC2542A789A
:106650000E4BC254C01820600020EBE78E6B29005F
:1066600073001A000193FCF77FFC051EE0D0871928
:10667000010032003800FDF729FE019B27606563A9
:10668000A363E9E7FF030000FE030000FD03000031
:10669000C9B20378002B04D08B4200D1704701307F
:1066A000F7E74B42594149420840F7E7002370B5EC
:1066B000064D0400080011002B60ECF759FF431C45
:1066C00003D12B68002B00D0236070BD14AC0120D7
:1066D000002370B5064D040008002B60ECF74DFF59
:1066E000431C03D12B68002B00D0236070BDC04633
:1066F00014AC01207FB514001A00094B05001B687B
:106700000E00D868074B002C01D1074B1C0007492D
:10671000019302942B00009600F038F800F046F840
:1067200090020020C29A0208E4890208CF9A020867
:1067300070B50B0C150C002B1ED1002D0CD189B29D
:1067400094B24C432100FCF77FFB051E1BD02200B6
:106750000021FDF76BFC16E02B1C0C1C89B292B2D9
:106760004A439BB2A1B25943140C0C19230C07D114
:10677000240492B21443E5E7002D01D1141CEDE787
:106780000C2300250360280070BD00000EB417B56F
:10679000054C05AB04CB010020680193FFF768FBB3
:1067A0001EBC08BC03B0184790020020062010B59C
:1067B00000F02CF80120ECF7B8FE70B504000D00D5
:1067C0001F2904D9162303600120404270BDC36B0A
:1067D000002B04D08A009B181A68002A08D12000D8
:1067E00000F030F82A000100200000F019F8EDE771
:1067F000012A09D0511C03D1162303600120E5E7CB
:1068000000212800196090470020DFE710B5034BF6
:1068100001001868FFF7D1FF10BDC04690020020AC
:10682000002370B5064D0400080011002B60ECF742
:1068300074FE431C03D12B68002B00D0236070BD75
:1068400014AC012010B5ECF766FE10BDF8B50400DD
:106850000D0000F021F8220006000F002B002000A0
:106860002900ECF711FB002813D10022002320009F
:106870002900E9F70FFF00280BD0FDF7E7FC2123E3
:1068800000220360002310001900EAF7D3FF06007E
:106890000F0030003900F8BDF0B50A000D006B495B
:1068A00004000300080087B02840884211D122006C
:1068B0002B0020002900EBF7F7FB02000B00200063
:1068C0002900EAF7F1FB04000D002000290007B0C1
:1068D000F0BD002D11DC690049082143F5D00020EE
:1068E000854210D022002B0020002900EBF7C2FEC9
:1068F00002000B00EAF79EFFE5E7281515D180247A
:106900000021640307E0DA0A15385B05002AFAD093
:10691000F5E7520001312242FBD04C1E001B20241F
:106920001D00641AE5408B402A434949120344186C
:106930008021120B49031143C00703D4DA0F490029
:1069400051185B0000256210490080240592DA0F7F
:106950005218162029005B00A4030E19964202DC8F
:106960003119921B2D19DE0F5200013892195B006C
:1069700064080028F1D120268027040004963F06F1
:106980003E18B4468A4202DC14D19E4212D86046B8
:106990006646C0190091002E03DAC643F60F8E1921
:1069A0000096521A634589414942521A61465B1A60
:1069B0000099E419DE0F52009219049E5B00013E1B
:1069C0007F080496002EDBD11A431FD0214E224FA0
:1069D000306871683A687B68009201933268736826
:1069E00002920393009A019BEBF744FE02000B0016
:1069F00002980399E9F758FE002807D030687168BB
:106A00003A687B68671C0CD1049C0135134A6B10F3
:106A10009B18059AED076408120525432800D11834
:106A200051E7EAF741FB7768366802000B00300057
:106A30003900E9F72FFE002804D002346342634195
:106A4000ED18E3E7012301349C43DFE70000F07F0A
:106A500001FCFFFF509F0208489F02080000E03F32
:106A6000F8B5C046F8BC08BC9E467047F8B5C046AD
:106A7000F8BC08BC9E46704701B40248844601BC7D
:106A8000604700BFE1020020B99A0208BC9A0208E0
:106A9000BF9A0208220B01084E0A0108380A0108B1
:106AA000B40A0108380A0108E80A0108380A01088E
:106AB000B40A01084E0A01084E0A0108E80A010852
:106AC000B40A0108240A0108240A0108240A01085A
:106AD000F20A01084E0A01084E0A0108380A0108A4
:106AE0008E0B0108380A0108E80A0108380A010873
:106AF0008E0B01084E0A01084E0A0108E80A010837
:106B00008E0B0108240A0108240A0108240A01083E
:106B1000681A01082619010804190108F01801086B
:106B2000041901080A1A010804190108F0180108DB
:106B300026190108261901080A1A0108F018010887
:106B4000E8180108E8180108E81801082C1A0108DB
:106B5000486172644661756C740D00696E697454A5
:106B600061736B0049444C4500546D725100546D83
:106B70007220537663005B6170705F696E69745D4B
:106B8000204661696C656420746F20696E69746960
:106B9000616C697A65206273705F6374726C210046
:106BA000437573746F6D2F557365722F6170702EFE
:106BB00063005B6170705F696E69745D2046616936
:106BC0006C656420746F20696E697469616C697AA0
:106BD00065206C656E7320636F6E74726F6C6C658C
:106BE0007221005B6170705F696E69745D2046613F
:106BF000696C656420746F20696E697469616C6981
:106C00007A6520636D645F636F6E736F6C652100DE
:106C10005B6170705F696E69745D204661696C6567
:106C20006420746F20696E697469616C697A65208B
:106C3000686F73745F6C696E6B5F61707021006167
:106C40007070005B6170705F696E69745D20466191
:106C5000696C656420746F2063726561746520746B
:106C600061736B21005B6170705F696E69745D2098
:106C70006F6B212076657273696F6E3A2025732ED3
:106C800000302E312E380061696E25753A206C6512
:106C900076656C3D25640D0A0048494748004C4F15
:106CA00057006C656E733A2070695F25733D2564EB
:106CB00020282573290020286E6F7420737570704A
:106CC0006F727465642062792061637469766520EF
:106CD00070726F66696C65290D0A0020286E6F74EA
:106CE00020696E697469616C697A6564290D0A00AE
:106CF0002C20636C656172206174206D6178282B93
:106D0000290D0A002C207368616465642061742079
:106D10006D696E282D290D0A002C20636C65617247
:106D2000206174206D696E282D290D0A002C2073B6
:106D30006861646564206174206D6178282B290D79
:106D40000A0050726F66696C652D6177617265200B
:106D50006C656E732074657374202863616C6C209D
:106D6000696E6974202D3E20636667202D3E207A6F
:106D70006F6F6D2F666F637573293A0D0A002020BF
:106D80006C656E7320696E69747C6465696E697484
:106D90000D0A0020206C656E732070726F66696C3E
:106DA00065205B6C6973747C736574206166303830
:106DB00033327C6667323030395D7C636170730DCD
:106DC0000A0020206C656E7320636667205B616C2F
:106DD0006C7C697269737C6D6F746F725D202020AA
:106DE00020203A206C6F61642064656661756C7464
:106DF00073202864656661756C743A20616C6C2937
:106E00000D0A0020206C656E732073746174652018
:106E10002020202020202020202020202020202072
:106E20002020203A20697269732F7A6F6F6D2F6668
:106E30006F637573207374617465202B20706F739A
:106E40006974696F6E730D0A0020206C656E732083
:106E5000697269732072756E7C73746F707C616483
:106E6000637C746774203C302D313032333E0D0A20
:106E70000020206C656E73207A6F6F6D7C666F6387
:106E800075732072756E7C726177203C7261775FDA
:106E90007070733E203C7261775F7073756D3E0D4C
:106EA0000A0020206C656E73207A6F6F6D7C666FB0
:106EB0006375732072656C203C70687973696361D7
:106EC0006C5F7070733E203C706879736963616CAD
:106ED0005F73746570733E0D0A0020206C656E73DD
:106EE000207A6F6F6D7C666F6375732061627320AB
:106EF0003C7070733E203C706F736974696F6E3EB6
:106F0000202020202020286162736F6C7574653BFF
:106F1000206E656564207A65726F2C206C696D69DE
:106F2000747320696620636F6E6669677572656445
:106F3000290D0A0020206C656E73207A6F6F6D7CBE
:106F4000666F6375732073746F700D0A0020206C78
:106F5000656E73207A6F6F6D7C666F6375732077D3
:106F6000616974205B74696D656F75745F6D735DC5
:106F700020202020202020202864656661756C7404
:106F80002035303030290D0A0020206C656E7320CA
:106F90007A6F6F6D7C666F63757320727A205B7495
:106FA000696D656F75745F6D735D202020202020F2
:106FB000202020203A206173796E6320726573650A
:106FC00074207A65726F202864656661756C742020
:106FD000776169742031323073290D0A0020206CEA
:106FE000656E73207A6F6F6D7C666F637573206C4E
:106FF000696D203C6D696E3E203C6D61783E2020BD
:1070000020202020202020203A20706F736974698E
:107010006F6E206C696D69747320666F7220726583
:107020007365740D0A0020206C656E7320706920F2
:107030005B7A6F6F6D7C666F6375735D20202020B7
:107040002020202020202020202020202020203A26
:107050002072656164205049206C6576656C20283B
:10706000313D484947482C20303D4C4F57290D0AA7
:107070000020206C656E73206475616C20726177EE
:10708000203C7A5F7070733E203C7A5F7073756D40
:107090003E203C665F7070733E203C665F70737587
:1070A0006D3E0D0A0020206C656E73206475616C66
:1070B0002072656C203C7A5F7070733E203C7A5F72
:1070C00073746570733E203C665F7070733E203C45
:1070D000665F73746570733E0D0A0020206C656EE8
:1070E00073206475616C2077616974205B74696DCD
:1070F000656F75745F6D735D0D0A0020206C656EA1
:1071000073206972637574206461797C6E69676845
:10711000747C73746174650D0A00686C20E280945D
:1071200020686F73745F6C696E6B20746573742074
:1071300028555341525432202D3E204C696E7578AB
:107140002C2070656572206D7573742068616E64A3
:107150006C652050494E472F4543484F293A0D0A48
:10716000002020686C2020202020202020202020AB
:107170002020203A2068656C700D0A002020686C81
:1071800020737420202020202020202020203A203E
:1071900068616E646C657220696E697420737461D5
:1071A0007475730D0A002020686C2070696E67206A
:1071B0005B2D6E203C4E3E5D205B2D69203C6D7347
:1071C0003E5D205B2D74203C74696D656F75745F46
:1071D0006D733E5D203A2073696E676C652062793D
:1071E0002064656661756C743B207072696E7420F2
:1071F0006D696E2F6176672F6D6178205254540D42
:107200000A002020686C206563686F203C746578F4
:10721000743E20203A205245515545535420454351
:10722000484F2028737061636573204F4B290D0A06
:10723000002020686C20657674205B746578745D2E
:107240002020203A204556454E5420636D643D452C
:1072500043484F2C2077616974204556454E545F52
:1072600041434B0D0A0028656D707479290D0A00A1
:10727000256300220D0A002530325820002E2E2EC4
:107280000022006865782025753A20007274633A00
:10729000206765742074696D65206661696C65643A
:1072A0000D0A007274633A20676574206461746526
:1072B000206661696C65640D0A005254433A2032BD
:1072C00030253032642D253032642D253032642053
:1072D000253032643A253032643A25303264202831
:1072E0005765656B4461793A2564290D0A00736519
:1072F00074007274633A20696E76616C69642C2044
:10730000757365205959204D4D204444204848202C
:107310004D4D2053532057202859593A302D393993
:107320002C204D3A312D31322C20443A312D33313D
:107330002C20483A302D32332C204D3A302D35391F
:107340002C20533A302D35392C20573A312D3729FE
:107350000D0A007274633A207365742074696D6558
:10736000206661696C65640D0A007274633A20736B
:1073700065742064617465206661696C65640D0ADA
:10738000007274633A2073657420746F2032302564
:107390003032642D253032642D2530326420253082
:1073A00032643A253032643A2530326420285765F9
:1073B000656B4461793A2564290D0A00736574741C
:1073C000696D65007274633A20696E76616C6964F8
:1073D0002074696D652C20757365204848204D4DDB
:1073E0002053532028323468290D0A007274633AFE
:1073F0002074696D652073657420746F20253032A8
:10740000643A253032643A253032640D0A007365DF
:107410007464617465007274633A20696E76616C9D
:10742000696420646174652C207573652059592046
:107430004D4D2044442057202859593A302D393990
:107440002C204D3A312D31322C20443A312D33311C
:107450002C20573A312D37290D0A007274633A20D7
:10746000646174652073657420746F203230253038
:1074700032642D253032642D253032642028576542
:10748000656B4461793A2564290D0A00557361677B
:10749000653A0D0A002020727463202020202020ED
:1074A00020202020202020202020202020202020DC
:1074B00020202020202020202020203A2073686FC8
:1074C000772063757272656E742052544320646134
:1074D00074652F74696D650D0A0020207274632035
:1074E000736574205959204D4D204444204848204C
:1074F0004D4D205353205720202020202020202095
:107500003A207365742066756C6C20525443206475
:107510006174652F74696D652F7765656B6461793A
:107520000D0A0020207274632073657474696D65A0
:10753000204848204D4D205353202020202020203B
:107540002020202020202020203A20736574205203
:1075500054432074696D65206F6E6C792028323435
:1075600068290D0A002020727463207365746461B9
:107570007465205959204D4D204444205720202027
:1075800020202020202020202020203A20736574F5
:107590002052544320646174652026207765656B12
:1075A000646179206F6E6C790D0A0020206C65642F
:1075B000203C6E6561727C6661727C77327C7731CB
:1075C0007C6972313E205B6475747920302D3130D6
:1075D000305D0D0A006E656172006661720077327F
:1075E00000773100697231006C65643A20696E760B
:1075F000616C6964206C6564206E616D652C20751A
:107600007365206E6561727C6661727C77327C770F
:10761000317C6972310D0A006C65643A2025732053
:10762000647574793D25750D0A006C65643A2025F2
:10763000732073657420647574793D25752C2072F0
:1076400065743D25640D0A0069726375743A207390
:10765000746174653D25750D0A002020697263759B
:1076600074205B307C315D202020202020202020D1
:107670002020202020203A206765742F7365742015
:1076800049522D4355542073746174650D0A006985
:10769000726375743A207365742025752C207265A9
:1076A000743D25640D0A0066616E3A206475747934
:1076B0003D25750D0A00202066616E205B6475749F
:1076C0007920302D3130305D2020202020202020D6
:1076D00020203A206765742F7365742066616E20E0
:1076E000647574792028494F206F6E2F6F66662964
:1076F0000D0A0066616E3A207365742064757479B2
:107700003D25752C207265743D25640D0A00686561
:1077100061743A20647574793D25750D0A00202046
:1077200068656174205B6475747920302D31303068
:107730005D2020202020202020203A206765742F03
:10774000736574206865617465722064757479204E
:1077500028494F206F6E2F6F6666290D0A006865F5
:1077600061743A2073657420647574793D25752CB5
:10777000207265743D25640D0A0072616461723A7D
:107780002073746174653D25750D0A0020207261B7
:10779000646172205B307C315D202020202020201D
:1077A00020202020202020203A206765742F736538
:1077B0007420726164617220656E61626C650D0A8D
:1077C0000072616461723A207365742025752C2003
:1077D0007265743D25640D0A002020616F75742068
:1077E0003C307C313E205B307C315D2020202020ED
:1077F00020202020203A206765742F736574206153
:107800006C61726D206F7574302F310D0A00616FDD
:10781000757425753A2073746174653D25750D0A7C
:1078200000616F757425753A207365742025752C79
:10783000207265743D25640D0A002020776F7574F1
:10784000203C307C313E205B307C315D202020208C
:10785000202020202020203A206765742F73657433
:107860002057696567616E64206F7574302F310D24
:107870000A00776F757425753A2073746174653DDD
:1078800025750D0A00776F757425753A2073657438
:107890002025752C207265743D25640D0A007064E6
:1078A0003A20766F6C746167653D2575206D562CA6
:1078B0002076616C75653D252E3366206C75780DDC
:1078C0000A0074656D703A20766F6C746167653D6F
:1078D0002575206D562C2076616C75653D252E33FF
:1078E0006620430D0A00202061696E203C307C3107
:1078F0003E2020202020202020202020202020206A
:1079000020203A207265616420616C61726D20698B
:107910006E302F31206C6576656C0D0A0020206179
:10792000696E203C307C313E2072656769737465F6
:107930007220202020202020203A20726567697361
:107940007465722063616C6C6261636B20666F7238
:1079500020616C61726D20696E302F310D0A0072EA
:10796000656769737465720061696E25753A207286
:10797000656769737465722063616C6C6261636BC7
:107980002C207265743D25640D0A00726573657460
:107990005F736F633A207265743D25640D0A00724F
:1079A00065626F6F743A206E6F770D0A00626F6FB9
:1079B000745F6F74613A2073657420666C61673D13
:1079C000312072633D25642C207265626F6F742EC6
:1079D0002E2E0D0A003F006F74615F696E666F3A6C
:1079E0002072633D25640D0A0020206D6167696384
:1079F0003D30782530386C5820626F6F745F796D38
:107A00006F64656D5F666C61673D256C7520696E9E
:107A1000666F5F63726333323D30782530386C585F
:107A20000D0A002020736C6F74303A2073746174F7
:107A300075733D2573207665726966795F636F752E
:107A40006E743D256C7520666C6173685F74797027
:107A5000653D256C7520616464723D307825303851
:107A60006C582073697A653D256C750D0A00646158
:107A70007900756E6B6E6F776E006E696768740063
:107A80006C656E733A20696E6974207265743D2569
:107A9000640D0A006465696E6974006C656E733A02
:107AA000206465696E697420646F6E650D0A0070EC
:107AB000726F66696C65006C697374006C656E73D7
:107AC0003A2070726F66696C65733A20616630386F
:107AD0003332286D6F64656C3D25642C20646566C7
:107AE00061756C74292C20666732303039286D6FCF
:107AF00064656C3D2564290D0A006C656E733A203F
:107B000070726F66696C65207365742061663038C9
:107B100033327C6667323030390D0A0061663038A6
:107B20003332004146303833320066673230303904
:107B300000464732303039006C656E733A20756EFE
:107B40006B6E6F776E2070726F66696C652027258B
:107B500073270D0A006C656E733A2070726F666948
:107B60006C6520736574202573207265743D2564EF
:107B7000206163746976653D25730D0A006C656E3E
:107B8000733A2070726F66696C653D2573206D6F66
:107B900064656C3D2564207A6F6F6D5B73746570EE
:107BA0005F7363616C653D2575207070733D25754D
:107BB0002D25752064656661756C743D257520748E
:107BC000726176656C3D25752B2D25752064697273
:107BD0003D25645D20666F6375735B737465705FCC
:107BE0007363616C653D2575207070733D25752D3F
:107BF00025752064656661756C743D257520747209
:107C00006176656C3D25752B2D2575206469723D67
:107C100025645D0D0A0063617073006C656E733AD4
:107C200020636170732072656C61746976653D25AF
:107C300075206162736F6C7574653D257520686F82
:107C40006D653D25752070693D25752073796E63DE
:107C50005F72656C61746976653D25752069726334
:107C600075743D257520697269733D25750D0A008F
:107C700063666700616C6C006C656E733A206366C6
:107C80006720616C6C207265743D25640D0A006983
:107C9000726973006C656E733A206366672069725F
:107CA0006973207265743D25640D0A006D6F746FF1
:107CB00072006C656E733A20636667206D6F746F37
:107CC00072207265743D25640D0A006C656E733A0E
:107CD0002063666720756E6B6E6F776E2027257345
:107CE000272C2075736520616C6C7C697269737CCC
:107CF0006D6F746F720D0A007374617465006C654A
:107D00006E733A20697269733D2573207A6F6F6DC7
:107D10003D257320666F6375733D257320706F7307
:107D20005F7A3D256420706F735F663D25640D0AA0
:107D3000006C656E733A207A6F6F6D5F727A5F6464
:107D40006F6E653D256420666F6375735F727A5F41
:107D5000646F6E653D25640D0A007A6F6F6D006675
:107D60006F637573007069006C656E733A20697299
:107D700069732072756E7C73746F707C6164637C50
:107D8000746774203C302D313032333E0D0A00725E
:107D9000756E006C656E733A206972697320727536
:107DA0006E207265743D25640D0A006C656E733A31
:107DB00020697269732073746F70207265743D2539
:107DC000640D0A00616463006C656E733A20697229
:107DD0006973206164633D2575207265743D256477
:107DE0000D0A00746774006C656E733A20697269DD
:107DF0007320746774203C302D313032333E0D0ACD
:107E0000006C656E733A2069726973207467743D03
:107E10002575207265743D25640D0A006C656E73CE
:107E20003A206972697320756E6B6E6F776E20737E
:107E30007562636D640D0A006972637574006C6528
:107E40006E733A206972637574206D6F64653D25A9
:107E500073207261775F6C6576656C3D25750D0AE0
:107E6000006C656E733A2069726375742064617981
:107E7000207265743D2564207261775F6C6576655C
:107E80006C3D25750D0A006C656E733A206972634E
:107E90007574206E69676874207265743D2564206E
:107EA0007261775F6C6576656C3D25750D0A006CB7
:107EB000656E733A206972637574206461797C6EB3
:107EC000696768747C73746174650D0A0064756118
:107ED0006C0077616974006C656E733A206475613B
:107EE0006C207761697420256C75206D7320726534
:107EF000743D25640D0A006C656E733A20647561EB
:107F00006C207261777C72656C203C7A5F70707354
:107F10003E203C7A5F73746570733E203C665F70F0
:107F200070733E203C665F73746570733E0D0A008B
:107F3000726177006C656E733A206475616C2072B3
:107F40006177207A3D25752F256C6420663D257567
:107F50002F256C64207265743D25640D0A007265DE
:107F60006C006C656E733A206475616C2072656C90
:107F7000207A3D25752F256C642D3E7261773D2555
:107F8000752F256C6420663D25752F256C642D3E6C
:107F90007261773D25752F256C64207265743D25CF
:107FA000640D0A006C656E733A207A6F6F6D2072F3
:107FB000756E7C7261777C72656C7C6162737C73B8
:107FC000746F707C776169747C727A7C6C696D20E7
:107FD0002E2E2E0D0A006C656E733A207A6F6F6D2F
:107FE0002072756E203C7070733E203C6D69637228
:107FF0006F5F73746570733E0D0A006C656E733A43
:10800000207A6F6F6D20726177207070733D2575D7
:10801000207073756D3D256C64207265743D256418
:108020000D0A006C656E733A207A6F6F6D20726571
:108030006C203C706879736963616C5F7070733E2B
:10804000203C706879736963616C5F7374657073E9
:108050003E0D0A006C656E733A207A6F6F6D207268
:10806000656C207070733D25752073746570733D69
:10807000256C64202D3E207261775F7070733D2502
:1080800075207261775F7073756D3D256C64207229
:1080900065743D25640D0A00616273006C656E7342
:1080A0003A207A6F6F6D20616273203C7070733E6E
:1080B000203C706F736974696F6E3E0D0A006C65C9
:1080C0006E733A207A6F6F6D2061627320707073E7
:1080D0003D257520706F733D256C64207265743D7D
:1080E00025640D0A006C656E733A207A6F6F6D20FF
:1080F00073746F70207265743D25640D0A006C65A1
:108100006E733A207A6F6F6D207761697420256CE9
:1081100075206D73207265743D25640D0A00727AB6
:10812000006C656E733A207A6F6F6D20727A2071E1
:1081300075657565207265743D25640D0A006C6572
:108140006E733A207A6F6F6D20727A20776169744E
:10815000207265743D256420706F733D25640D0A9F
:10816000006C696D006C656E733A207A6F6F6D20DC
:108170006C696D203C6D696E3E203C6D61783E0DF2
:108180000A006C656E733A207A6F6F6D206C696DB2
:1081900020256C6420256C64207265743D25640D77
:1081A0000A006C656E733A207A6F6F6D20756E6B86
:1081B0006E6F776E20737562636D640D0A006C6577
:1081C0006E733A20666F6375732072756E7C726190
:1081D000777C72656C7C6162737C73746F707C7782
:1081E0006169747C727A7C6C696D202E2E2E0D0A6A
:1081F000006C656E733A20666F6375732072756EDE
:10820000203C7070733E203C6D6963726F5F7374C5
:108210006570733E0D0A006C656E733A20666F637D
:10822000757320726177207070733D2575207073AF
:10823000756D3D256C64207265743D25640D0A00E2
:108240006C656E733A20666F6375732072656C207F
:108250003C706879736963616C5F7070733E203C39
:10826000706879736963616C5F73746570733E0DD8
:108270000A006C656E733A20666F637573207265D1
:108280006C207070733D25752073746570733D2587
:108290006C64202D3E207261775F7070733D257590
:1082A000207261775F7073756D3D256C6420726517
:1082B000743D25640D0A006C656E733A20666F6329
:1082C000757320616273203C7070733E203C706F48
:1082D000736974696F6E3E0D0A006C656E733A20A7
:1082E000666F63757320616273207070733D2575CE
:1082F00020706F733D256C64207265743D25640D9C
:108300000A006C656E733A20666F63757320737430
:108310006F70207265743D25640D0A006C656E7384
:108320003A20666F637573207761697420256C75D8
:10833000206D73207265743D25640D0A006C656EB6
:10834000733A20666F63757320727A207175657554
:1083500065207265743D25640D0A006C656E733A84
:1083600020666F63757320727A207761697420725A
:1083700065743D256420706F733D25640D0A006CA3
:10838000656E733A20666F637573206C696D203C6F
:108390006D696E3E203C6D61783E0D0A006C656E25
:1083A000733A20666F637573206C696D20256C6469
:1083B00020256C64207265743D25640D0A006C658F
:1083C0006E733A20666F63757320756E6B6E6F7790
:1083D0006E20737562636D640D0A006F6B004E55FD
:1083E0004C4C2028696E6974206661696C65643F35
:1083F0002900686C3A2068616E646C65723D257373
:108400000D0A00686C3A206E6F7420696E69746999
:10841000616C697A65640D0A0070696E67002D6E83
:10842000002D69002D7400686C3A2070696E672019
:1084300061726773206572726F722C207573653A72
:1084400020686C2070696E67205B2D6E203C4E3E6C
:108450005D205B2D69203C6D733E5D205B2D74209B
:108460003C74696D656F75745F6D733E5D0D0A00D8
:10847000686C3A2070696E67205B256C752F256CDF
:10848000755D206572723D2564207274743D256CA3
:1084900075206D730D0A00686C3A2070696E672054
:1084A0005B256C752F256C755D204F4B2C2075332B
:1084B000323D30782530386C582028256C75292CB1
:1084C000207274743D256C75206D730D0A00686C04
:1084D0003A2070696E67205B256C752F256C755D81
:1084E000204F4B2C206C656E3D25752C20727474CA
:1084F0003D256C75206D730D0A00686C3A2070691B
:108500006E672073746174732073656E743D256C9F
:1085100075206F6B3D256C75206C6F73733D256CFA
:1085200075206D696E2F6176672F6D61783D256CC2
:10853000752F256C752F256C75206D730D0A0068DD
:108540006C3A2070696E6720737461747320736570
:108550006E743D256C75206F6B3D30206C6F7373AE
:108560003D256C750D0A006563686F00686C3A20E4
:108570006563686F203C746578743E0D0A00686C12
:108580003A206563686F206572723D25640D0A00AC
:10859000686C3A206563686F204F4B2C206C656EC9
:1085A0003D25753A200065767400686C3A20657642
:1085B00074206572723D25640D0A00686C3A20656E
:1085C0007674204F4B20284556454E54202B20458D
:1085D00056454E545F41434B290D0A006E6F74207F
:1085E000696E6974656400384E3100525334383511
:1085F00020746573742028555341525433293A0D21
:108600000A00202072733438352073740D0A00205C
:1086100020727334383520696E6974205B6261752D
:10862000645D205B63666728384E31295D0D0A0062
:1086300020207273343835206465696E69740D0AC0
:108640000020207273343835207478203C746578AB
:10865000743E0D0A00202072733438352072782061
:108660005B74696D656F75745F6D735D205B6D61C3
:10867000785F6C656E5D0D0A0020207273343835AA
:108680002074787278203C74696D656F75745F6DC5
:10869000733E203C746578743E0D0A007273343862
:1086A000353A2025730D0A0072733438353A206943
:1086B0006E697420626175643D256C752063666720
:1086C0003D2573207265743D25640D0A0072733474
:1086D00038353A206465696E6974207265743D2589
:1086E000640D0A0074780072733438353A20747857
:1086F000203C746578743E0D0A0072733438353A44
:10870000207478206C656E3D2575207265743D255A
:10871000640D0A0072733438353A2072782072651D
:10872000743D25640D0A0072733438353A2072782E
:10873000206C656E3D2575206865783A2000747858
:1087400072780072733438353A2074787278203C2D
:1087500074696D656F75745F6D733E203C746578E8
:10876000743E0D0A0072733438353A20747872788A
:10877000207265743D25640D0A0072733438353AF1
:1087800020747872782072785F6C656E3D25752054
:108790006865783A200072733438353A20756E6B0C
:1087A0006E6F776E20737562636D640D0A004E4FB5
:1087B0005F4346470053544F505045440052554E76
:1087C0004E494E470052455345545F5A45524F005B
:1087D0004552524F5200494E56414C494400444F75
:1087E000574E4C4F4144494E4700554E564552490D
:1087F0004649454400414354495645004241434B94
:108800005550005B686F73745F6C696E6B5D2045DB
:10881000565F414C41524D5F494E206572723D2575
:10882000642063683D2575204C3D257500437573B4
:10883000746F6D2F557365722F686F73745F6C69F9
:108840006E6B5F6170702E63005B686F73745F6C3A
:10885000696E6B5D205553415254322073707572AE
:10886000696F7573206572726F722063616C6C62E0
:1088700061636B2028636F64653D30292C206B6534
:1088800065702052582072756E6E696E67005B6865
:108890006F73745F6C696E6B5D2055534152543237
:1088A000206F76657272756E20284F5245292C20F4
:1088B000717569636B207265636F7665722C2063D6
:1088C0006F64653D256C75005B686F73745F6C69E0
:1088D0006E6B5D20555341525432206572726F7237
:1088E0002C20636F64653D256C75005B686F737445
:1088F0005F6C696E6B5D2045565F4C454E5320653D
:1089000072723D2564206576743D256C7520726514
:10891000743D25640025642E25642E2564005B6863
:108920006F73745F6C696E6B5D2045565F52533494
:1089300038355F5258206572723D2564206C656E33
:108940003D257500686C5F756172743200686C5FFC
:10895000706F6C6C005B686F73745F6C696E6B5FDB
:108960006170705D20696E6974204F4B2100253065
:1089700032580D0A002573204F75747075742025C8
:1089800075206461746128686578293A0D0A0025AC
:1089900063205B25733A25645D2D3E2025730D0A07
:1089A000006E65353033406D63750025733A2000E5
:1089B0001B5B441B5B50001B5B43001B5B44001BA9
:1089C0005B324B0D000D0A496E7075742070617238
:1089D000616D6574657220636F756E74203E20252D
:1089E00064210D0A00636D64202573206E6F74206E
:1089F000696D706C656D656E7465642E0D0A000D91
:108A00000A63616E27742066696E6420636D64205A
:108A100025732E0D0A000D0A6C696E6520746F6F48
:108A2000206C6F6E67210D0A001B5B256440002DD2
:108A30002D2D2D2D2D2D2D2D2D2D2D2D2D2D2D2D66
:108A40002D2D2D2D2D2D2D2D2D2D2D2D2D2D2D2D56
:108A50002D2D2D2D2D2D2D2D2D2D2D0D0A00252DBE
:108A6000313073202025730D0A00257320001B5B15
:108A7000256444001B5B324A001B5B303B304800DE
:108A80002D68002D700073686F77207468697320FB
:108A900068656C7000636C656172207363726565F4
:108AA0006E007274630073686F772F736574205261
:108AB00054432074696D65007465737420616E643D
:108AC00020636F6E74726F6C204C45447300746544
:108AD00073742049522D43555420636F6E74726F26
:108AE0006C0066616E00746573742066616E20634D
:108AF0006F6E74726F6C0068656174007465737476
:108B00002068656174657220636F6E74726F6C00AB
:108B10007261646172007465737420726164617261
:108B200020656E61626C6500616F757400746573B9
:108B30007420616C61726D206F7574707574730050
:108B4000776F757400746573742057696567616E1B
:108B500064206F7574707574730070640072656161
:108B600064205044204144432076616C7565007454
:108B7000656D7000726561642054454D502041441C
:108B8000432076616C75650061696E007265616491
:108B900020616C61726D20696E707574730072650E
:108BA0007365745F736F6300726573657420536FD0
:108BB0004320706F776572007265626F6F74204D2D
:108BC000435500626F6F745F6F746100736574204A
:108BD000626F6F7420796D6F64656D2074616720BA
:108BE000616E64207265626F6F74006F74615F699B
:108BF0006E666F007072696E74204F54412072650A
:108C0000636F726420696E666F006C656E73004DF1
:108C10005334313930384D206C656E73206472697D
:108C2000766572207465737400686C00686F737485
:108C30005F6C696E6B2055534152543220686F73DC
:108C40007420746573740072733438350052533471
:108C5000383528555341525433292064726976655A
:108C60007220746573740072733438355F727800E3
:108C70005B6D7334313930386D5D20506F736974BA
:108C8000696F6E206C696D697420657863656564D1
:108C900065643A207461726765743D256C642C20AC
:108CA0006D696E3D256C642C206D61783D256C648A
:108CB00000437573746F6D2F436F6D706F6E656ECB
:108CC00074732F6D7334313930386D2F6D733431C7
:108CD0003930386D2E63005B6D7334313930386D47
:108CE0005D204D6F746F7220737461727465643AA5
:108CF00020747970653D25642C20696E7463743D21
:108D000025642C206C6F61645F7073756D3D256305
:108D100025642C20756E6C6F61645F7073756D3D9A
:108D200025632564005B6D7334313930386D5D2007
:108D3000617070206E6F74696679207175657565F4
:108D40002066756C6C2C206576656E7420307825F5
:108D50006C782064726F70706564005B6D73343181
:108D60003930386D5D2052657365742061626F72B1
:108D700074656420627920757365722073746F70F6
:108D8000005B6D7334313930386D5D205265736529
:108D900074207A65726F206661696C65643A20257B
:108DA00064005B6D7334313930386D5D205265730A
:108DB0006574207A65726F20636F6D706C65746581
:108DC00064005A6F6F6D00466F637573005B6D735F
:108DD00034313930386D5D20466F637573206D6FA7
:108DE000746F722074696D656F75742028256C75B9
:108DF000206D73292C20666F7263652073746F7009
:108E0000005B6D7334313930386D5D205A6F6F6D92
:108E1000206D6F746F722074696D656F7574202892
:108E2000256C75206D73292C20666F726365207325
:108E3000746F70005B6D7334313930386D5D205262
:108E400065736574207A65726F206661696C65640C
:108E50003A20696E76616C6964206C696D69742072
:108E6000636F6E66696720286D696E3D256C642CA2
:108E7000206D61783D256C6429005B6D7334313958
:108E800030386D5D205A6F6F6D2072657365743A6E
:108E90002050493D484947482028636C656172204D
:108EA0006174206D61782B292C20706F733D256CC7
:108EB000642C20736C6F7720636170747572650029
:108EC0005B6D7334313930386D5D205A6F6F6D20B2
:108ED00072657365743A2050493D4C4F5720287392
:108EE00068616465206174206D696E2D292C207085
:108EF0006F733D256C642C206661737420657869FE
:108F00007420746F20636C656172005B6D73343123
:108F10003930386D5D20466F6375732072657365F7
:108F2000743A2050493D484947482028636C6561A0
:108F300072206174206D696E2D292C20706F733D35
:108F4000256C642C20736C6F77206361707475726C
:108F500065005B6D7334313930386D5D20466F6369
:108F600075732072657365743A2050493D4C4F57B4
:108F700020287368616465206174206D61782B29F5
:108F80002C20706F733D256C642C206661737420F7
:108F90006578697420746F20636C656172005B6D25
:108FA0007334313930386D5D20466F6375732073CB
:108FB00074657020757064617465206661696C65A4
:108FC00064005B6D7334313930386D5D20466F63FA
:108FD000757320636F6D706C65746564005B6D7391
:108FE00034313930386D5D205A6F6F6D2073746580
:108FF0007020757064617465206661696C656400D9
:109000005B6D7334313930386D5D205A6F6F6D2070
:10901000636F6D706C65746564005B6D73343139BA
:1090200030386D5D20257320666173742065786922
:109030007420746F2050493D484947483A206D6973
:1090400063726F5F73746570733D256C64005B6D54
:109050007334313930386D5D2050492072656C654C
:109060006173656420746F204849474820647572B5
:10907000696E6720666173742065786974005B6D42
:109080007334313930386D5D2050492072656C651C
:109090006173656420746F204849474820617420DB
:1090A000656E64206F6620666173742065786974EC
:1090B000005B6D7334313930386D5D2052657365F6
:1090C00074207A65726F206661696C65643A20501D
:1090D00049207374696C6C204C4F5720616674652D
:1090E0007220666173742065786974005B6D7334F7
:1090F000313930386D5D20257320736C6F772063B4
:109100006170747572652028686F6D65206564678D
:1091100065293A206D6963726F5F73746570733D82
:10912000256C64005B6D7334313930386D5D2050CF
:10913000492066616C6C696E6720656467652064B0
:109140007572696E6720736C6F77206361707475D8
:109150007265005B6D7334313930386D5D20526556
:10916000736574207A65726F206661696C65643A14
:10917000205049206E657665722074726967676554
:10918000726564206F6E20736C6F772063617074FA
:10919000757265005B6D7334313930386D5D205008
:1091A0006F727420696E6974206661696C65643AD7
:1091B000202564005B6D7334313930386D5D204695
:1091C00061696C656420746F2063726561746520E9
:1091D0006D6F746F72207461736B005B6D733431EB
:1091E0003930386D5D204661696C656420746F208C
:1091F00063726561746520697269732074696D6555
:1092000072005B6D7334313930386D5D20496E69A1
:109210007469616C697A6564005B6D7334313930EF
:10922000386D5D205A6F6F6D207265736574207A9A
:1092300065726F20726571756573746564005B6D2E
:109240007334313930386D5D20466F637573207229
:1092500065736574207A65726F20726571756573C8
:10926000746564005B6D7334313930386D5D204452
:1092700065696E697469616C697A6564005B6D73B8
:1092800034313930386D5D205A462073796E632051
:10929000737461727465643A207A6F6F6D3D2563F3
:1092A000256C754025752C20666F6375733D2563AD
:1092B000256C75402575006D7334313930386D5F1C
:1092C00074696D6572006D7334313930386D5F7457
:1092D00061736B00414630383332443039004647C1
:1092E00032303039304144344B2D483333423738F3
:1092F00053005B6C656E735D2061637469766520F5
:1093000070726F66696C653D2573202877696C6C97
:10931000206170706C79206F6E206C656E732069AF
:109320006E69742900437573746F6D2F436F6D7090
:109330006F6E656E74732F6C656E732F6C656E73D4
:109340005F636F6E74726F6C6C65722E63005B6C22
:10935000656E735D206163746976652070726F66F7
:10936000696C653D257320696E697469616C697A01
:1093700065643D257520636F6E6669677572656407
:109380003D2575005B6C656E735D2070726F66695C
:109390006C6520726F6C6C6261636B206661696CD6
:1093A00065643A206D6F64656C3D25642072657458
:1093B0003D2564005B6C656E735D207A6F6F6D2078
:1093C00072656C2070726F66696C653D25732070E4
:1093D0006879736963616C3D25752F256C64207213
:1093E00061773D25752F256C64207265743D256479
:1093F000005B6C656E735D20666F637573207265CC
:109400006C2070726F66696C653D25732070687999
:10941000736963616C3D25752F256C6420726177DB
:109420003D25752F256C64207265743D2564005BB5
:109430006C656E735D206475616C2072656C207064
:10944000726F66696C653D2573207A3D25752F2501
:109450006C642D3E25752F256C6420663D25752F87
:10946000256C642D3E25752F256C64207265743D36
:109470002564005B636F6E736F6C655F7461736B03
:109480005D2055415254206572726F7228256429FF
:10949000206F7220737461747573282564292065A8
:1094A00072726F722100437573746F6D2F436F6D0D
:1094B000706F6E656E74732F636D645F636F6E7330
:1094C0006F6C652F636D645F636F6E736F6C652E79
:1094D00063005B636F6E736F6C655F696E69745D6B
:1094E000204661696C656420746F206372656174E5
:1094F00065206576656E742067726F757021005BFC
:10950000636F6E736F6C655F696E69745D20466131
:10951000696C656420746F20726563656976652087
:10952000646174612100636F6E736F6C655F746159
:10953000736B005B636F6E736F6C655F696E6974EC
:109540005D204661696C656420746F20637265619B
:10955000746520636F6E736F6C65207461736B212B
:10956000005B636F6E736F6C655F696E69745D201D
:109570004F4B21005B636F6E736F6C655F7075742A
:10958000735D204661696C656420746F207472613C
:109590006E736D697420646174612873746174758D
:1095A000733A2025642921005B636F6E736F6C65CD
:1095B0005F707574735D204661696C656420746FBB
:1095C000207761697420666F7220545820636F6D34
:1095D000706C6574652100726973696E67006661FD
:1095E0006C6C696E67005B6273705F6374726C5F52
:1095F0007461736B5D20414C41524D5F494E302088
:10960000257300437573746F6D2F436F6D706F6EAC
:10961000656E74732F6273705F6374726C2F627304
:10962000705F6374726C2E63005B6273705F63744F
:10963000726C5F7461736B5D20414C41524D5F49A8
:109640004E31202573005B6273705F6374726C5FD0
:10965000726561645F6164635D20414443206572AB
:10966000726F72283078253038582921005B627378
:10967000705F6374726C5F726561645F6164635D87
:109680002041444320636F6D706C6574652074697C
:109690006D656F757421005B6273705F6374726CCB
:1096A0005D20564444412866726F6D2056524546EF
:1096B000494E5429207E20256C75206D56005B6232
:1096C00073705F6374726C5D2056524546494E5408
:1096D000205644444120696E76616C6964202825D7
:1096E0006C75206D56292C207573696E6720425366
:1096F000505F4144435F5245465F564F4C5441478B
:10970000455F4D563D2564005B6273705F63747204
:109710006C5D2048414C5F41444345785F43616C38
:109720006962726174696F6E5F53746172742066EE
:1097300061696C65642061667465722041444320F0
:10974000726573746F7265005B6273705F637472CD
:109750006C5F696E69745D204661696C6564207434
:109760006F20637265617465206576656E7420672D
:10977000726F757021006273705F6374726C005B4E
:109780006273705F6374726C5F696E69745D2046AA
:1097900061696C656420746F206372656174652013
:1097A0007461736B21005B6273705F6374726C5FD2
:1097B000696E69745D206F6B21005B4F54415D5B86
:1097C000455D207265636F72645F6C6F61643A20FF
:1097D000666C6173682072656164206661696C659E
:1097E000640D005B4F54415D5B455D20666C6173A9
:1097F000685F65726173655F736C6F743A20657240
:10980000617365206661696C656420747970653D7B
:10981000256C7520616464723D256C752073697ACE
:10982000653D256C750D0A005B4F54415D5B455DE0
:10983000207265636F72645F73746F72653A20663D
:109840006C617368206572617365206661696C651F
:10985000640D005B4F54415D5B455D207265636F35
:1098600072645F73746F72653A20666C617368200E
:109870007772697465206661696C65640D005B4F81
:1098800054415D5B455D206F74615F6D6F64756C05
:10989000655F696E69743A206D697373696E6720DC
:1098A000636F6E6669672066756E6374696F6E209C
:1098B000706F696E746572730D005B4F54415D5B30
:1098C000455D206F74615F6170705F6D61726B5F89
:1098D00076657269666965643A206E6F20554E56EA
:1098E00045524946494544206F746120736C6F743A
:1098F0000D005B4F54415D5B455D206F74615F619E
:1099000070705F6D61726B5F7665726966696564C0
:109910003A207265636F72645F73746F726520665C
:1099200061696C65640D00666C6173682070726FAC
:109930006772616D20696E76616C696420302D3EBE
:1099400031206174202530386C780D0A00666C6116
:1099500073682070726F6772616D206661696C65F3
:1099600064206174202530386C780D0A006F7461B2
:109970005F7265626F6F7400494E4600696E6600E3
:109980004E414E006E616E00303132333435363721
:10999000383941424344454600303132333435365C
:1099A00037383961626364656600504F5349580027
:1099B000496E66696E697479004E614E0052454584
:1099C0004E54206D616C6C6F6320737563636565C5
:1099D000646564002F6275696C642F676E752D7401
:1099E0006F6F6C732D666F722D73746D33325F31D0
:1099F000332E332E72656C312E32303234303932A0
:109A0000362D313731352F7372632F6E65776C6960
:109A1000622F6E65776C69622F6C6962632F737455
:109A2000646C69622F64746F612E630042616C6CB8
:109A30006F6320737563636565646564002F627589
:109A4000696C642F676E752D746F6F6C732D666F04
:109A5000722D73746D33325F31332E332E72656C19
:109A6000312E32303234303932362D313731352FD4
:109A70007372632F6E65776C69622F6E65776C69A0
:109A8000622F6C6962632F7374646C69622F6D70EE
:109A90007265632E6300232D302B2000686C4C0010
:109AA00065666745464700412D46612D6638393069
:109AB000313233343536375D002B2D0030300078AD
:109AC00058002C2066756E6374696F6E3A200061D1
:109AD0007373657274696F6E20222573222066612C
:109AE000696C65643A2066696C6520222573222CB6
:109AF000206C696E65202564257325730A000000BB
:109B00005B6B020800000000000000000000000085
:109B10000000000000040000180000000000000029
:109B20000000000000000000000000000000000035
:109B3000000000000100000002000000030000001F
:109B40000400000000000000000000000000000011
:109B50000000000000000000000000000000000005
:109B600000000000010000000200000003000000EF
:109B700004000000060000000700000008000000CC
:109B800009000000010002000400060008000A00AD
:109B90000C001000200040008000000108040204B6
:109BA000080101010101010307010000AE8702085D
:109BB000B5870208BD870208C5870208D08702085A
:109BC000D6870208DE870208EA870208F5870208BE
:109BD000FC8702085444495745464E00ADDC010855
:109BE00031DB010851DD0108A9DA010835DA010885
:109BF00019DA0108FDD90108C9D9010899D9010864
:109C000045D90108030014000A1E0207010300C819
:109C1000C800000316C8C8000000000002020000CF
:109C20000230000F06060001000007004C8004000F
:109C3000000500000000000000000000000080009F
:109C40000000010000010000000C00000000000006
:109C5000D4920208089C02081A9C0208040018000A
:109C6000E8032003E7030000010004001800E803F4
:109C70002003670100000100010101010101010150
:109C80000000000001000000DE920208BC9C0208F7
:109C9000000000000800F401840358029F0914002A
:109CA00001000800F4018403580295091400FF0024
:109CB00001000000010100000100D0070A1E020798
:109CC000010300C8C800000316C8C800000004044F
:109CD000000000001C0600201C060020D00500200B
:109CE000D0050020D00500204F544154030000004F
:109CF0000000000001080000070000000000000054
:109D0000000000000000000000E000080000000863
:109D1000000000000000000000000800000000003B
:109D2000000000000008000000000000000000002B
:109D300069280208852B0208912902085D2902087A
:109D4000112902080020202020202020202028285F
:109D500028282820202020202020202020202020EB
:109D6000202020202088101010101010101010102B
:109D7000101010101004040404040404040404105B
:109D800010101010101041414141414101010101E9
:109D900001010101010101010101010101010101B3
:109DA00010101010101042424242424202020202BF
:109DB0000202020202020202020202020202020283
:109DC0001010101020000000000000000000000033
:109DD0000000000000000000000000000000000083
:109DE0000000000000000000000000000000000073
:109DF0000000000000000000000000000000000063
:109E00000000000000000000000000000000000052
:109E10000000000000000000000000000000000042
:109E20000000000000000000000000000000000032
:109E30000000000000000000000000000000000022
:109E400000000000000000000500000019000000F4
:109E50007D000000000000000080E03779C341432E
:109E6000176E05B5B5B89346F5F93FE9034F384D80
:109E7000321D30F94877825A3CBF737FDD4F15752C
:109E8000000000000000F03F00000000000024403F
:109E900000000000000059400000000000408F401A
:109EA000000000000088C34000000000006AF84085
:109EB0000000000080842E4100000000D0126341A9
:109EC0000000000084D797410000000065CDCD411F
:109ED000000000205FA00242000000E87648374200
:109EE000000000A2941A6D42000040E59C30A2429E
:109EF0000000901EC4BCD64200003426F56B0C4313
:109F00000080E03779C3414300A0D88557347643B9
:109F100000C84E676DC1AB43003D9160E458E1431A
:109F2000408CB5781DAF154450EFE2D6E41A4B448F
:109F300092D54D06CFF08044F64AE1C7022DB544D4
:109F4000B49DD9794378EA4459F3F8C21F6EA5014C
:109F5000000000000000F03F9C68FE7F0100000050
:109F6000E9020108C10201080024F400AAAAAAAA71
:109F70000100000004000000808A0208838A0208B1
:109F800024840208908A020881E00108868A020877
:109F9000988F02088DE00108958A0208A28A0208BB
:109FA00015B30108A68A0208FC8F0208F5B501085E
:109FB000B88A0208387E0208C5B60108CE8A0208AF
:109FC000E28A020819B70108E68A0208F78A02083D
:109FD0006DB70108FC8A0208108B0208C1B701089E
:109FE000168B0208288B020815B801082D8B020871
:109FF000408B02088DB80108458B02085A8B020875
:10A0000005B901085D8B02086F8B020829B90108A8
:10A01000748B0208888B02084DB901088C8B0208EA
:10A020009E8B0208D9B90108A88B0208E48B0208AC
:10A03000F1B90108B88B0208C38B02081DBA0108E8
:10A04000CC8B0208EB8B020855BA0108F48B02088E
:10A050000A8C0208DDBA01080F8C0208298C02085C
:10A0600059C501082C8C0208478C02080DC901084B
:10A070004D8C02084C9C020801000000E40C00001A
:10A080000000000003000000D8AA012043000000E7
:10A0900000000000000000000000000000000000C0
:10A0A000000000000000000000000000430000006D
:10A0B00000000000000000000000000000000000A0
:10A0C000000000000000000000000000430000004D
:10A0D0000000000000000000000000000000000080
:10A0E000000000000000000000000000430000002D
:10A0F0000000000000000000000000000000000060
:10A10000000000000000000000000000430000000C
:10A11000000000000000000000000000000000003F
:10A1200000000000000000000000000043000000EC
:10A13000000000000000000000000000000000001F
:10A1400000000000000000000000000043000000CC
:10A1500000000000000000000000000000000000FF
:10A16000000000000000000000000000C9570208C5
:10A170005D50020800000000449D02087F72020842
:10A18000E4890208E4890208E4890208E4890208F3
:10A19000E4890208E4890208E4890208E4890208E3
:10A1A000E4890208FFFFFFFFFFFFFFFFFFFFFFFF44
:10A1B000FFFF000001004153434949000000000037
:10A1C000000000000000000000000000000000008F
:10A1D0000000000000004153434949000000000016
:10A1E000000000000000000000000000000000006F
:10A1F00000000000000000009402002000000000A9
:10A20000D8AA012040AB0120A8AB0120000000002B
:10A21000000000000000000000000000000000003E
:10A22000000000000000000000000000000000002E
:10A23000000000000000000000000000000000001E
:10A24000000000000000000080220C4B30B55C696B
:10A25000D20222435A61EFF3108272B64C1CFF34D3
:10A26000401A0D6845500431A142FAD1C02189023B
:10A2700018690842FCD182F3108830BD00200240EA
:00000001FF
